Date,cpi_headline_index,cpi_headline_yoy,USA_CPI,rainfall_total_mm,rainfall_rate_mm_per_day,temp_mean_celsius,relative_humidity_2m_pct,surface_soil_wetness_index,wind_speed_10m_ms,solar_irradiance_kwm2,wpi_primary_food_articles,wpi_manufactured_food,wpi_wheat,wpi_rice,wpi_maize,wpi_gram_chana,wpi_arhar_tur,wpi_moong,wpi_urad,wpi_masur,wpi_tomato,wpi_onion,wpi_potato,wpi_brinjal,wpi_cabbage,wpi_garlic,wpi_mustard_oil,wpi_soybean_oil,wpi_groundnut_oil,wpi_milk,wpi_egg,wpi_sugar,wpi_primary_food_articles_yoy,wpi_manufactured_food_yoy,wpi_wheat_yoy,wpi_rice_yoy,wpi_maize_yoy,wpi_gram_chana_yoy,wpi_arhar_tur_yoy,wpi_moong_yoy,wpi_urad_yoy,wpi_masur_yoy,wpi_tomato_yoy,wpi_onion_yoy,wpi_potato_yoy,wpi_brinjal_yoy,wpi_cabbage_yoy,wpi_garlic_yoy,wpi_mustard_oil_yoy,wpi_soybean_oil_yoy,wpi_groundnut_oil_yoy,wpi_milk_yoy,wpi_egg_yoy,wpi_sugar_yoy,crude_oil_brent_usd,palm_oil_usd,global_fertilizer_index,crude_oil_brent_usd_yoy,palm_oil_usd_yoy,global_fertilizer_index_yoy,iip_general_index_spliced,iip_general_yoy,MABMM301INM189N,m3_money_supply_yoy,rbi_repo_rate,rbi_repo_rate_yoy_diff
01-01-2000,23.4137362,2.619041996,2.73889227,18.9,0.609677419,18.3279,52.38937716,0.493564014,3.756539792,15.61460208,44.25220334,59.20956332,55.85689154,58.82976624,49.71211549,43.30313591,50.07997303,40.77793209,49.60859815,54.73539067,32.63949682,34.46576265,33.21979656,70.66456206,60.44437363,18.14648303,64.13026987,47.84988495,50.49123694,41.1061073,65.28805959,54.34878243,,,,,,,,,,,,,,,,,,,,,,,25.38,348,32.76777739,,,,50.82624449,,1.09437E+13,15.18035262,8,
01-02-2000,23.35941392,3.614462251,3.221884498,28.1,0.968965517,19.942,53.33878893,0.484186851,3.769584775,18.16287197,44.55138849,58.5830071,55.82599724,58.51252963,49.52799654,42.78320117,47.98190494,41.32224264,49.09968762,54.66061555,36.61992327,29.70657048,27.53437169,70.66456206,60.44437363,18.13134835,58.02262512,49.05075079,50.089353,41.33384197,63.26262144,54.03417298,,,,,,,,,,,,,,,,,,,,,,,27.7048,332,34.58887294,,,,50.32794798,,1.11111E+13,15.53918032,8,
01-03-2000,23.57671055,4.830923904,3.757575758,18.7,0.603225806,24.1604,46.85228374,0.448131488,3.696366782,21.78079585,45.91132099,58.62216686,55.70242004,58.7240207,50.60640751,44.30586718,49.89753232,40.80061169,49.38467752,52.9407877,42.98860557,31.85588307,31.48127822,70.66456206,60.44437363,17.22326747,54.87764387,49.14312508,50.1258879,45.8885353,61.53884429,54.97800133,,,,,,,,,,,,,,,,,,,,,,,27.47,349,34.39209444,,,,54.34546363,,1.12417E+13,13.62721387,8,
01-04-2000,23.79400718,5.542171005,3.068592058,35.5,1.183333333,28.8297,47.29131488,0.423806228,4.002560554,24.12861592,46.61848588,58.66132663,55.54794855,59.88722159,50.29077503,46.90554087,50.59688835,41.97995122,52.19386363,51.24588489,44.8321715,31.31855492,32.28005692,62.52321645,48.64473789,16.66328425,52.87214858,46.87995485,49.54132944,46.4863388,56.53989055,56.19711295,,,,,,,,,,,,,,,,,,,,,,,22.54,372,33.60498045,,,,48.73962784,,1.15409E+13,14.91718736,8,
01-05-2000,23.90265674,5.011929995,3.188929001,72.3,2.332258065,30.0913,54.67117647,0.492214533,4.289031142,22.61093426,46.83607508,57.32989465,55.11542837,60.27495522,49.15975865,46.34846794,50.96176976,42.02531043,56.36692995,52.04348622,46.67573743,34.12033741,36.55587232,46.4143618,52.49030163,16.26978254,48.54210193,39.12051405,47.86072387,47.3403438,57.87581784,56.43307004,,,,,,,,,,,,,,,,,,,,,,,27.34,324,34.71409562,,,,49.82965147,,1.16139E+13,14.52724763,7,
01-06-2000,24.01130381,5.238094977,3.730445247,185.2,6.173333333,28.9049,64.28657439,0.580865052,5.073356401,19.97764706,47.35284943,56.70333842,55.23900557,60.59219183,49.52799654,47.61116658,50.505668,41.52635909,60.092155,51.74438572,48.51930336,36.23126942,46.56409957,56.00434542,42.30120112,15.60385655,47.31145709,38.88957831,49.43172473,47.62501213,56.79845712,55.8825035,,,,,,,,,,,,,,,,,,,,,,,29.6773,315,36.73554745,,,,48.24133132,,1.17752E+13,15.27885784,7,
01-07-2000,24.17427565,4.95282752,3.659268146,268.6,8.664516129,27.4519,72.2367474,0.656228374,4.823252595,19.18058824,46.72728048,57.29073488,55.08453407,61.01517397,48.63370452,49.65376733,48.55963383,43.0005335,64.16343922,53.09033795,50.3628693,31.43369667,48.20864395,57.01839202,56.3029973,13.37905838,51.64150374,40.22900559,50.82005107,46.37247147,58.30676213,56.39374386,,,,,,,,,,,,,,,,,,,,,,,28.53,312,39.23529964,,,,48.70848431,,1.17805E+13,14.07776076,8,
01-08-2000,24.06562859,3.990608498,3.411131059,225.4,7.270967742,27.2984,72.97626298,0.6716609,4.628685121,18.5966782,46.31930073,57.36905441,54.80648539,60.09871266,48.21286121,50.21084026,45.39732831,43.0005335,63.51203374,52.59183712,52.20643523,31.77912191,46.42313862,89.49685618,59.16251905,11.66883938,51.96055981,40.64468992,50.34509732,46.28707097,60.03053928,56.90498421,,,,,,,,,,,,,,,,,,,,,,,29.43,306,41.03380482,,,,49.05106316,,1.1856E+13,13.89676378,8,
01-09-2000,24.11995337,3.496507708,3.454437165,135.8,4.526666667,27.0606,70.29044983,0.667128028,3.623598616,18.64235294,46.29210208,57.29073488,54.31217661,59.07650582,45.26695807,50.43366944,43.42088736,41.70779595,62.41278701,51.64468555,55.18128025,37.53620921,41.53649245,80.10968188,61.20033915,11.74451279,50.09180284,40.64468992,48.81063137,46.54327247,60.93552229,57.45555075,,,,,,,,,,,,,,,,,,,,,,,32.621,288,38.24312796,,,,49.39364201,,1.20325E+13,13.58289974,8,
01-10-2000,24.39157479,2.746003009,3.448275862,41.5,1.338709677,26.1396,58.41910035,0.606712803,3.116955017,18.4300692,46.99926698,57.01661653,54.34307091,57.91330493,44.45157417,51.5849535,43.9073959,41.95727161,60.3771449,52.16811142,85.34872276,43.1013936,38.81124747,53.62857908,78.45607388,12.2288226,48.67884024,40.64468992,48.77409646,47.5965453,62.31454401,57.06228894,,,,,,,,,,,,,,,,,,,,,,,30.9323,255,37.77506159,,,,48.95763256,,1.22319E+13,14.10102,8,
01-11-2000,24.44589957,2.73973353,3.446226976,14.9,0.496666667,22.6234,53.93958478,0.534013841,3.533564014,16.09453287,46.45529398,56.89913724,54.71380249,57.38457725,45.3984716,54.55600913,43.99861625,42.07066965,63.87844932,51.96871109,82.79286999,51.89054688,38.81124747,49.63033818,79.08056713,12.09261046,50.86665329,39.85950841,46.76467676,46.60020613,62.7454883,56.70835331,,,,,,,,,,,,,,,,,,,,,,,32.52409091,257,35.40194812,,,,50.79510096,,1.25329E+13,15.80050399,8,
01-12-2000,24.22860043,3.480282818,3.386809269,9.6,0.309677419,18.9869,48.34986159,0.492941176,3.637820069,15.04615917,45.93851964,56.82081771,54.40485951,58.08954749,46.02973656,57.93558492,42.84315847,42.86445587,62.67742048,51.74438572,61.25666798,54.69232937,35.28722379,45.48723347,54.0679688,12.15314919,52.68983083,38.47389398,43.47653542,45.68926747,63.82284902,56.11846059,,,,,,,,,,,,,,,,,,,,,,,25.1255,265,34.91894636,,,,53.53573179,,1.27241E+13,14.97390326,8,
01-01-2001,24.17427565,3.248261823,3.732227488,7.2,0.232258065,18.0625,49.54920415,0.484705882,3.832906574,15.40103806,45.58493719,56.58585913,54.25038802,58.08954749,46.05603927,56.37578071,42.35664992,42.13870846,60.33643206,50.92185936,47.01093124,51.92892747,32.045122,36.56362334,31.58621156,11.86559024,52.64425139,37.78108676,43.51307033,45.06299714,65.02949302,55.48924169,2.967217382,-4.532395619,-2.918276676,-1.266221319,-7.638977577,26.3814591,-16.74957564,3.282570434,19.57719328,-7.221820781,36.48570402,40.99095599,-3.600100805,-65.88903551,-64.90028156,-42.48341347,-19.73594342,-23.62600862,-14.8738435,9.190474043,-0.396825918,2.076694753,25.63636364,254,38.49673721,1.005033585,-31.48682128,16.11278539,53.00629175,4.199777361,1.27638E+13,15.38477847,8,0
01-02-2001,24.06562859,3.02325509,3.533568905,10.2,0.364285714,20.7408,46.03467128,0.435467128,3.635743945,18.83356401,45.55773854,56.03762243,53.75607924,57.73706237,45.63519596,53.77610703,42.66071776,42.2747861,57.34403816,49.72545738,42.73721022,45.55775085,36.27395042,44.12551374,23.43493116,12.45584282,52.14287756,37.82727391,42.63623264,45.48999963,62.18526072,53.87686826,2.233717985,-4.442137898,-3.778289838,-1.334161694,-8.185883628,22.86837317,-11.75454213,2.278991743,15.521621,-9.462641909,15.44775306,42.7612521,27.56647604,-47.09060453,-94.74958042,-37.5452578,-10.68454266,-25.98251179,-16.11040473,9.581093094,-1.71766504,-0.291545396,27.406,240,36.24272897,-1.084371586,-32.44960456,4.670674221,51.6982634,2.686364227,1.2907E+13,14.98285408,7.5,-0.5
01-03-2001,24.17427565,2.534556725,2.920560748,21.1,0.680645161,24.7634,46.10608997,0.426920415,3.478788927,21.34564014,45.69373179,56.5075396,53.13819327,58.19529303,45.92452574,55.11308206,43.02559917,44.15719342,59.01326469,49.72545738,35.23724882,43.63872175,44.12077648,49.45650162,23.43493116,14.22660054,53.64699903,39.30526264,43.84188446,46.3155378,57.48796799,54.23080389,-0.475060276,-3.673882565,-4.71276534,-0.904437881,-9.707889483,21.82700016,-14.8176281,7.905877142,17.81220394,-6.265705304,-19.88313658,31.4722793,33.75377668,-35.68506754,-94.74958042,-19.11477394,-2.268051861,-22.33785413,-13.39479725,0.926218415,-6.809291642,-1.3684045,24.39545455,254,35.33039231,-11.86976743,-31.77376552,2.691684018,55.15519547,1.478980315,1.31322E+13,15.54335927,7,-1
01-04-2001,24.33725,2.283107764,3.269118506,45.5,1.516666667,28.1456,49.403391,0.458096886,3.57899654,23.00719723,46.99926698,56.42922007,53.72518494,58.79451773,46.39797445,56.19008973,42.35664992,44.88294082,59.15575963,49.52605704,48.12545064,37.61297038,67.80221562,41.80769293,24.9468622,14.347678,52.73541026,39.35144978,43.47653542,47.73887947,56.7553627,54.46676098,0.813485021,-3.879356808,-3.336470068,-1.841453875,-8.056585704,18.06045914,-17.77646476,6.686563303,12.52090261,-3.413638402,7.088516097,18.31382167,74.21452666,-40.2457587,-66.77955894,-14.96196345,-0.258955691,-17.50573646,-13.05858824,2.658766885,0.380373224,-3.127475931,25.641,251,34.81876822,12.89011242,-39.34409151,3.548227416,49.95422559,2.461468545,1.35061E+13,15.72445498,7,-1
01-05-2001,24.50022185,2.499994495,3.61516035,61.8,1.993548387,30.4058,54.29429066,0.483079585,4.46615917,23.26685121,47.46164403,56.19426149,54.09591653,59.67573052,45.97713115,59.86677108,42.69112455,44.63346515,58.931839,49.35158176,61.01365247,35.0030908,92.56435535,44.79188723,30.07428052,17.63190387,53.05446633,39.81332126,46.39932772,47.28341013,56.66917384,53.95552062,1.326814965,-2.000756633,-1.867098085,-0.999126736,-6.693125124,25.59333741,-17.70846965,6.021185133,4.449886684,-5.310982531,26.78731615,2.554275456,92.90622976,-3.558189848,-55.69580829,8.040042544,8.888755015,1.755457601,-3.101023674,-0.120336958,-2.106925191,-4.489531991,28.45047619,234,33.14610994,3.981406694,-32.54224004,-4.622045569,50.60823977,1.550418654,1.36948E+13,16.48115584,7,0
01-06-2001,24.82616804,3.393669267,3.248259861,215.2,7.173333333,28.867,66.46788927,0.604394464,5.10716263,19.71031142,47.95121973,56.39006031,54.46664811,60.27495522,48.9756397,63.58059063,44.27227731,45.26849413,61.10997606,50.19903316,73.9018543,36.34641117,95.33658731,65.56535627,51.70146804,21.7636719,53.05446633,40.09044415,51.95263309,46.71407347,59.94435043,53.71956353,1.255724263,-0.554018038,-1.408077334,-0.524935589,-1.121507082,28.92409192,-13.17268809,8.62829122,1.679582647,-3.032017101,42.07761933,0.317292704,71.65838055,15.76181664,20.06706955,33.27240543,11.45665646,3.041170042,4.973998219,-1.93126099,5.390747686,-3.947408797,27.72428571,255,33.33365322,-6.807367414,-21.13090937,-9.717738786,49.51821614,2.61244548,1.3844E+13,16.18492922,7,0
01-07-2001,25.15210421,4.044913604,2.719907407,280.1,9.035483871,27.5604,72.53934256,0.664602076,4.983910035,18.56193772,47.46164403,57.36905441,54.74469679,60.31020374,46.21385551,64.02624897,44.0898366,46.2437172,58.95219542,50.27380828,86.79005612,38.91791016,95.38357429,77.4731607,97.51955224,24.97222436,56.01712983,40.044257,54.76582067,46.54327247,59.16865071,53.44428027,1.559373209,0.136612043,-0.61884867,-1.162128128,-5.10371432,25.42188741,-9.65633128,7.271308776,-8.470669747,-5.451072075,54.42378711,21.35741003,68.23680463,30.655768,54.9305122,62.40735043,8.133184854,-0.460300007,7.477530618,0.367647473,1.46737776,-5.371860701,24.53818182,330,33.4045848,-15.07258192,5.608946665,-16.08836825,49.95422559,2.525386732,1.38765E+13,16.37478725,7,-1
01-08-2001,25.31508358,5.191865173,2.719907407,205.7,6.635483871,27.3196,74.7049481,0.692560554,4.468027682,18.50415225,47.89682243,57.21241535,54.25038802,59.42899094,45.29326078,63.58059063,45.15407404,49.1240272,60.27536279,51.12125969,99.67825795,48.35953334,95.57152222,71.82347247,84.50379805,25.77436248,58.113784,40.22900559,54.61968106,47.19800963,56.92774041,53.168997,3.349042783,-0.27341097,-1.019838867,-1.120625116,-6.246756285,23.60773001,-0.53727463,13.31357447,-5.23059527,-2.83604684,64.6741811,41.98538456,72.20768789,-21.99921609,35.65082634,79.24583071,11.19179162,-1.027993062,8.149303425,1.948904559,-5.307066926,-6.790747003,25.69782609,362,33.65440593,-13.5608162,16.80591099,-19.82522533,50.51480917,2.940468342,1.39851E+13,16.51608106,7,-1
01-09-2001,25.26077383,4.729778875,2.648244099,109.5,3.65,27.2013,69.34709343,0.660449827,3.450519031,19.31564014,48.22320622,57.09493606,53.35445336,59.85197308,45.03023371,63.69200522,45.09326047,47.6725324,58.56542342,50.84708423,71.60577673,52.5046362,95.80645714,55.36694469,80.09947718,26.28894164,57.65798962,40.22900559,50.96619069,47.05567547,59.21174514,53.28697554,4.086899694,-0.342348845,-1.77910001,1.304108583,-0.524323951,23.34000515,3.779219924,13.36673268,-6.362569588,-1.556451654,26.05519814,33.55954281,83.57577079,-36.94139697,26.91165958,80.57622461,14.06714468,-1.027993062,4.321434016,1.094901449,-2.869637367,-7.531967844,25.544,310,34.44211576,-24.45537973,7.361181734,-10.4683772,50.35909151,1.935745738,1.40791E+13,15.70739406,7,-1
01-10-2001,25.42372813,4.231597825,2.126436782,97.6,3.148387097,25.8768,63.35366782,0.634117647,3.187439446,17.71038062,48.73998057,57.13409583,53.60160775,59.53473648,42.47887117,67.55437754,45.27570118,48.3982798,55.98015795,51.12125969,59.41310205,59.72018562,110.6073566,54.49776189,101.1350395,26.4856925,56.56408309,40.18281844,48.66449175,47.39727747,62.22835515,53.48360645,3.636764417,0.205831977,-1.373805236,2.761279877,-4.539357226,26.97028358,3.068771323,14.28125138,-7.561333204,-2.027096437,-36.22307091,32.611475,104.7276514,1.607751673,25.3917749,77.28090084,15.01297657,-1.142869582,-0.224971973,-0.419539123,-0.138408327,-6.476827415,20.47826087,277,34.67109438,-41.24370673,8.275396103,-8.574281388,50.51480917,3.131126169,1.42084E+13,14.97899059,6.5,-1.5
01-11-2001,25.64104231,4.888929259,1.895462378,18.7,0.623333333,22.5249,56.32051903,0.580207612,3.275709343,15.8232526,48.68558327,57.0557763,54.00323363,59.3232454,41.74239539,68.18572687,44.63715871,48.12612452,55.1659011,51.02155952,76.88507917,77.79743975,122.3071152,52.20891383,74.34756561,31.25311715,55.78923264,40.18281844,48.37221252,47.19800963,62.53001615,53.44428027,4.689252449,0.274914262,-1.307208157,3.322564763,-8.396115112,22.3007395,1.440848254,13.44743441,-14.66370194,-1.839354857,-7.403011782,40.49718898,114.7825131,5.065093984,-6.171623986,94.95245596,9.237332013,0.807852057,3.379737958,1.274675832,-0.343997587,-5.928190369,18.94227273,323,35.04724745,-54.05849968,22.85762383,-1.006977219,52.00969872,2.363030279,1.43923E+13,13.83340702,6.5,-1.5
01-12-2001,25.47806294,5.156973518,1.551724138,6.1,0.196774194,19.1961,53.80847751,0.530553633,3.662456747,14.29795848,48.49519272,56.93829701,54.21949372,58.37153558,42.66299012,67.74006852,43.54251449,46.85606657,52.43814068,51.76931076,87.56938172,62.48358752,107.6941637,40.76467356,48.41466143,36.33837011,56.01712983,39.90569556,48.22607291,47.39727747,63.77975459,52.736409,5.416070106,0.206540521,-0.34129726,0.484262448,-7.595583224,15.63460704,1.619183562,8.903754163,-17.83670607,0.048157959,35.73587046,13.31804539,111.5774426,-10.96158412,-11.04392467,109.5285882,6.123506033,3.653912664,10.36784295,3.670136685,-0.067544751,-6.21587342,18.60473684,359.5,35.77184701,-30.04670495,30.49843512,2.413163009,55.15519547,2.98016324,1.45051E+13,13.09981492,6.5,-1.5
01-01-2002,25.36941839,4.943861624,1.142204455,17.2,0.55483871,18.0668,53.97809689,0.50083045,3.560069204,15.04820069,47.46164403,57.09493606,53.72518494,56.9263466,44.00442815,64.80615108,41.68770068,45.58600862,49.91394447,52.26781159,59.95779198,43.86900524,85.84521687,42.61893022,33.78837199,36.92862269,54.64974668,40.41375418,47.93379368,47.5111448,66.40851474,52.38247337,4.034455359,0.895631202,-0.972825984,-2.022747481,-4.55686313,13.93608767,-1.591929422,7.863408168,-18.96356894,2.608843608,24.32606935,-16.86679644,98.54008985,15.32446775,6.739603704,113.5344298,3.738753207,6.736154975,9.675940015,5.290286378,2.098437655,-5.761710075,19.485,373.8,36.19521893,-27.43668593,38.6386628,-6.164645369,55.0929084,3.861038503,1.45843E+13,13.33322739,6.5,-1.5
01-02-2002,25.31508358,5.191865173,1.137656428,20.8,0.742857143,20.507,52.24629758,0.48982699,3.815813149,18.246609,47.59763728,57.44737394,54.6829082,56.96159511,45.31956348,60.86950236,40.31939541,46.19835799,49.28289541,51.7942358,47.38802427,38.68762667,71.13829137,46.993817,33.32821907,36.92862269,54.46742892,40.32137988,49.39518983,47.62501213,64.77092645,52.34314719,4.380262266,2.484599859,1.709443336,-1.352202533,-0.694045585,12.39030058,-5.644590936,8.875342098,-15.14918109,4.076184234,10.32995698,-16.3460946,67.3525884,6.297788178,35.21767637,108.6797118,4.361529243,6.385147199,14.71486243,4.586557466,4.073883098,-2.888020043,20.2915,352.98,35.94843346,-30.05598884,38.57724748,-0.815327343,53.03743528,2.557379931,1.47439E+13,13.30546973,6.5,-1
01-03-2002,25.42372813,5.168520874,1.475595914,22.3,0.719354839,25.0371,48.38941176,0.456228374,3.482560554,21.68747405,47.81522648,56.85997748,55.11542837,56.96159511,47.23966107,58.64121063,41.01875143,46.62927051,49.38467752,50.62275886,51.24275304,39.14819366,78.89114347,45.34236967,32.07923255,34.12870662,54.10279342,40.64468992,50.71044636,48.0235478,63.39190473,52.65775664,4.538300585,0.621763661,3.653374333,-2.142720484,2.823451246,6.205059053,-4.776595387,5.44726212,-17.81220394,1.788423226,37.44704757,-10.85905875,58.11381779,-8.685161982,31.3981166,87.50253767,0.846028735,3.35097789,14.55423053,3.621397533,9.776049413,-2.94355321,23.6905,359,34.60676189,-2.932270192,34.59881215,-2.069447201,57.36638625,3.930757903,1.49836E+13,13.18857032,6,-1
01-04-2002,25.47806294,4.68751786,1.639344262,39.1,1.303333333,28.5437,47.73197232,0.44266436,3.76200692,23.56363322,48.25040487,57.91729111,53.44713626,57.24358321,47.00293671,56.19008973,42.47827706,48.26220216,49.93430089,51.27080994,58.15612528,37.30592572,82.2742062,49.65931094,35.49751143,37.246451,54.10279342,41.19893569,52.57372645,48.73521863,57.10011813,51.94988538,2.627221351,2.602886671,-0.518882686,-2.67330622,1.295427859,0,0.286738548,7.259090486,-16.94657999,3.46226471,18.93200526,-0.81967672,19.34627735,17.21055404,35.27145427,95.39685481,2.559866742,4.587960575,18.99951208,2.065579488,0.605603668,-4.73111141,25.65409091,360.07,33.4720207,0.051041568,36.08455179,-3.944667095,52.00969872,4.032311698,1.54223E+13,13.26681719,6,-1
01-05-2002,25.64104231,4.656367874,1.181767023,58,1.870967742,30.583,52.16871972,0.46615917,4.666643599,23.29750865,48.16880893,58.38720828,52.98372178,57.27883172,46.42427716,55.55874041,44.72837907,48.19416334,50.62641921,51.3705101,65.06949752,34.19709858,88.61744883,39.83754524,35.85906016,37.246451,54.46742892,41.52224572,54.29086692,48.59288447,54.94539669,51.75325447,1.478980315,3.828218657,-2.077397269,-4.099428737,0.967841315,-7.468076453,4.661713602,7.675400375,-15.19079462,4.00944572,6.435824119,-2.32955626,-4.357535854,-11.7217219,17.59259206,74.78466844,2.628383607,4.202776381,15.70710458,2.731761318,-3.089048702,-4.16726964,25.38727273,384.91,33.81916562,-11.39169235,49.76884254,2.010230935,52.69485642,4.04034454,1.60523E+13,15.88313675,6,-1
01-06-2002,25.85833142,4.157562179,1.06741573,169.1,5.636666667,29.4811,62.40366782,0.569757785,4.728858131,20.8099654,48.82157652,59.75780002,53.13819327,57.31408023,47.08184483,55.37304943,47.13051499,48.46631862,50.72820131,52.66661225,71.98286976,45.09718387,95.94741808,58.55394831,46.44257746,36.94375737,62.12477458,50.06686803,55.71572817,48.16588197,57.10011813,51.08470939,1.798811852,5.800681927,-2.469261259,-5.037035939,-3.9435559,-13.82152419,6.256198116,6.825779845,-18.61931323,4.798594434,-2.630974891,21.57243334,0.63866589,-11.30989282,-10.72695204,52.91545321,15.78258034,22.22214673,6.993007868,3.060544908,-4.86104535,-5.029202346,24.12789474,426.13,34.44702412,-13.89401406,51.34809189,3.285511729,51.76055046,4.42876802,1.60948E+13,15.06454391,6,-1
01-07-2002,26.12995534,3.88775075,1.464788732,138.5,4.467741935,28.1895,66.34096886,0.607889273,5.064394464,19.28806228,48.54959002,60.07107813,53.23087617,58.65352368,48.5547964,54.63028552,47.37376926,46.69730933,50.38214215,51.94378605,78.896242,54.73070995,101.7738039,71.01223519,74.70911434,36.03567648,65.54323246,59.35048471,55.31384423,48.82061913,59.72887828,50.18020723,2.266385958,4.602346048,-2.804189464,-2.785365251,4.941332688,-15.87047306,7.183939102,0.976093645,-15.70900785,3.267786492,-9.53584575,34.09704168,6.484635553,-8.707937413,-26.64507964,36.67452796,15.70524287,39.34750205,0.995693589,4.777027627,0.942377398,-6.301895025,25.76782609,422.22,34.56941808,4.889631682,24.64338507,3.427626061,53.50458826,6.866031412,1.61418E+13,15.1216759,6,-1
01-08-2002,26.29290964,3.862622279,1.802816901,243.6,7.858064516,27.4201,72.3067128,0.665467128,4.605743945,17.64519031,49.28395357,61.05007224,53.44713626,59.21749987,51.55330495,55.96726056,49.77590519,46.9694646,50.26000363,53.31466332,85.80961424,56.18917207,112.7217708,82.22469337,67.31379946,35.79352158,66.91061562,59.76616904,60.83061469,49.0483538,60.28910586,49.86559778,2.854937811,6.492345731,-1.49170867,-0.356506616,12.94580672,-12.75413581,9.745052613,-4.485056617,-18.17138388,4.201095101,-14.98165241,15.00606946,16.50476862,13.52443257,-22.74312211,32.83866203,14.09547516,39.58514982,10.76989166,3.845490083,5.736867014,-6.414412161,26.63285714,446.09,36.45095573,3.573928418,20.88765136,7.982369667,53.62916239,5.982645031,1.63071E+13,15.36067904,6,-1
01-09-2002,26.34724445,4.301018728,1.514301739,136,4.533333333,26.9258,71.09581315,0.674290657,3.709238754,18.90214533,49.52874142,60.89343318,54.06502223,59.42899094,49.89623443,58.71548702,50.01915946,46.51587248,51.31853752,54.90986596,68.75662938,62.48358752,122.3541022,68.54955057,56.63167796,39.92528961,67.73104551,60.27422766,61.59784767,49.0483538,60.15982257,49.43300978,2.671277365,6.440991204,1.322998877,-0.709222831,10.26114132,-8.135552239,10.36733211,-2.456179336,-13.20924364,7.687025996,-4.060259203,17.40024484,24.45892328,21.35741003,-34.67008171,41.7861567,16.10158241,40.43163429,18.94644443,4.147513871,1.588481054,-7.507352472,28.34238095,424.76,34.85845571,10.39557892,31.49520061,1.201562844,53.50458826,6.058824297,1.6404E+13,15.28354012,6,-1
01-10-2002,26.455889,4.059832851,2.025886325,58,1.870967742,25.7823,62.62051903,0.625743945,2.945051903,17.69885813,49.50154277,60.03191837,54.12681082,58.86501475,47.02923941,59.60680371,49.62387127,46.40247444,50.42285499,55.05941621,69.21752086,70.38998742,134.8056525,47.89197257,58.66949806,37.74589549,67.32083056,60.13566622,59.55189306,49.0483538,54.85920783,48.88244325,1.550418654,4.947533035,0.975057912,-1.13130114,10.17627201,-12.5163143,9.170150284,-4.211148535,-10.45527612,7.421244535,15.2739247,16.43809481,19.78475282,-12.92117315,-54.45366811,35.42720593,17.40954973,40.31636111,20.18984427,3.424183411,-12.60407209,-8.995688722,27.54869565,427.24,34.61493334,29.65913116,43.332841,-0.162113639,54.06517184,6.792366054,1.65893E+13,15.49201486,5.5,-1
01-11-2002,26.56453356,3.601613532,2.198421646,16.2,0.54,22.366,56.28875433,0.57017301,3.177820069,15.48321799,49.58313872,59.87527931,54.71380249,58.82976624,49.60690466,59.27255996,50.11037981,47.87664885,48.85541057,55.75731737,57.36003999,69.73751752,127.9455531,46.79100768,51.63573191,38.50262956,70.19233518,60.32041481,60.75754488,49.0483538,57.87581784,47.66333163,1.826787584,4.823439973,1.307208157,-0.835327053,17.26127427,-14.00887932,11.56615013,-0.519727133,-12.14798975,8.876037583,-29.29639352,-10.93700781,4.506958768,-10.95622025,-36.45370184,20.86074191,22.96582323,40.62310982,22.79657427,3.845490083,-7.734705636,-11.44772475,24.1847619,465.02,34.55251354,24.43266848,36.44280922,-1.421677979,54.15860244,4.048660894,1.67354E+13,15.08337844,5.5,-1
01-12-2002,26.29290964,3.198228595,2.376910017,4.9,0.158064516,19.4116,53.67570934,0.52,3.539653979,14.35487889,48.22320622,59.44452191,55.17721697,58.44203261,51.3428833,55.29877304,49.7454984,45.85816389,46.84012489,55.15911638,33.18418676,48.62819741,62.06980377,38.33096171,37.69967186,38.80532319,75.02375566,61.4750935,62.29201084,49.0483538,63.39190473,46.12961056,-0.562431179,4.307529986,1.750962554,0.120700075,18.51945323,-20.2927138,13.31821696,-2.15272501,-11.28939972,6.342451617,-97.03579531,-25.07003662,-55.10357733,-6.1557893,-25.01512993,6.568322182,29.21472717,43.21130496,25.59333741,3.424183411,-0.609964616,-13.38510346,28.52095238,488.52,35.5438113,42.72227712,30.66662351,-0.639513094,58.54984047,5.972741804,1.68201E+13,14.80794239,5.5,-1
01-01-2003,26.23859989,3.426099447,2.597402597,7.4,0.238709677,17.8009,52.1349827,0.499238754,3.570380623,14.94079585,47.95121973,59.95359884,55.33168846,58.47728112,51.7374239,52.06775004,46.00546399,46.9694646,45.35410615,52.46721192,30.25124096,40.41475286,45.85929483,45.11058759,30.40296118,39.81934684,73.61079307,61.93696498,64.885989,49.0483538,65.67590945,45.69702257,1.026234776,4.885548309,2.946388771,2.688005453,16.18911174,-21.8854767,9.855403423,2.989686034,-9.579969601,0.380771521,-68.41036407,-8.201315166,-62.696797,5.681845123,-10.55767085,7.536596275,29.78470806,42.69469969,30.2810954,3.184231287,-1.109309907,-13.65389137,31.24666667,486.11,37.1860344,47.2267765,26.27140407,2.70062351,58.79898873,6.510365255,1.69375E+13,14.95873289,5.5,-1
01-02-2003,26.29290964,3.862622279,2.98087739,40.8,1.457142857,20.6571,57.15477509,0.509792388,3.71799308,17.54692042,48.46799407,60.61931483,56.25851741,58.86501475,53.60491607,51.80778267,48.07312529,46.81070736,45.63909604,53.33958836,35.57244262,40.37637228,48.3496049,49.5434199,26.16298065,34.62815111,73.291737,61.93696498,71.20652735,49.0483538,62.7454883,45.30376076,1.812054111,5.374427601,2.840625416,3.286966633,16.79019773,-16.11918845,17.58906665,1.316771037,-7.681235331,2.939993636,-28.67982898,4.272494467,-38.61676982,5.283341482,-24.20589983,-6.431996579,29.68449854,42.92353274,36.57314429,2.944853554,-3.1770161,-14.44309771,32.6485,476.95,40.48607103,47.55968337,30.10002655,11.8872482,56.74351561,6.754339716,1.70731E+13,14.66757359,5.5,-1
01-03-2003,26.455889,4.059832851,3.020134228,34.6,1.116129032,24.7423,50.92557093,0.482802768,3.700761246,21.02723183,48.49519272,61.12839176,55.57884285,59.35849392,54.18357561,52.77337575,49.53265092,46.9694646,45.35410615,53.11526299,33.26798521,41.06722276,48.30261792,51.94815899,28.03646042,34.28005344,75.38839116,62.3526493,71.24306225,49.0483538,55.89347412,44.91049894,1.412053962,7.238472513,0.837292081,4.121795572,13.71440129,-10.54308862,18.86027524,0.726923482,-8.513948846,4.806307052,-43.19786744,4.785602118,-49.05832111,13.60043706,-13.47030389,0.442478598,33.1767481,42.7937964,33.99655105,2.111515398,-12.58885363,-15.91419555,30.33904762,453.55,41.89542819,24.73614593,23.37831286,19.11276152,60.72988772,5.697743474,1.71796E+13,13.67697007,5,-1
01-04-2003,26.78184773,5.117283793,2.224694105,34,1.133333333,28.4882,48.54892734,0.451799308,3.860276817,23.42314879,49.01196707,63.39965808,54.5284367,59.3232454,52.02675367,53.59041605,50.07997303,47.24161988,44.98769057,53.01556283,39.46907061,45.86479551,46.14121673,50.35465718,33.16387874,30.85961544,81.76951255,62.30646216,72.66792349,49.0483538,55.89347412,45.22510839,1.56602753,9.044249097,2.002928188,3.568567347,10.1547997,-4.737015501,16.46283709,-2.13734092,-10.43192497,3.346392555,-38.76138665,20.65456599,-57.83510239,1.390520667,-6.800129976,-18.81082798,41.3018648,41.36527236,32.3683572,0.640467983,-2.13585541,-13.86270832,25.016,443.02,39.0647714,-2.518742838,20.73164588,15.45111866,54.18974597,4.10614868,1.77056E+13,13.80672754,5,-1
01-05-2003,26.83615747,4.660946127,2.057842047,37.9,1.222580645,30.3115,49.88041522,0.44899654,4.481868512,22.9933218,49.14796032,65.04436817,54.00323363,59.88722159,50.81682916,53.9989362,51.17461724,46.06228035,44.72305709,54.18703977,45.67015602,50.54722651,44.12077648,51.13692171,37.33812314,30.90501948,89.29011989,62.3526493,71.42573677,49.0483538,54.04041368,45.30376076,2.012365281,10.79727948,1.905919662,4.453202691,9.040504541,-2.847650044,13.46354736,-4.524351978,-12.39843714,5.337748679,-35.40108479,39.07672743,-69.7397984,24.96969593,4.041861345,-18.66380517,49.42879536,40.6576837,27.43022471,0.932951373,-1.66077364,-13.30972706,25.8095,453.82,40.48107719,1.649466649,16.46911029,17.98069632,56.0583579,6.187540372,1.78472E+13,10.59959256,5,-1
01-06-2003,26.99913684,4.411751878,2.112284603,164.6,5.486666667,29.7028,61.17307958,0.532768166,5.046816609,20.19086505,50.37189956,64.96604865,54.43575381,60.27495522,50.92203999,54.11035079,51.14421046,45.8808435,44.07165162,54.68554059,51.87124142,55.2680381,55.91450907,61.74095193,72.63842617,30.78394203,88.51526943,62.07552642,69.92780572,49.0483538,59.03936742,45.61837021,3.126111428,8.356507835,2.412523669,5.037035939,7.8408369,-2.306750857,8.172863062,-5.482141815,-14.06652395,3.761762322,-32.76636493,20.3374966,-53.99764126,5.299891469,44.72774118,-18.24034938,35.40302172,21.49923391,22.7200883,1.815569636,3.33982804,-11.31747326,27.54571429,466.21,41.43522373,13.24783331,8.989171236,18.47087229,55.21748253,6.465133066,1.80232E+13,11.31682831,5,-1
01-07-2003,27.21642595,4.157950518,2.109938923,303.7,9.796774194,27.6963,73.40013841,0.674740484,4.653944637,18.53138408,49.03916572,65.31848652,54.40485951,60.59219183,48.87042888,53.40472507,52.02600719,46.65195011,45.15054194,55.13419134,58.07232683,61.14026715,63.33845229,75.41609473,84.24085352,30.10288136,89.47243764,62.3526493,70.11048023,49.0483538,58.00510113,47.38804836,1.003352899,8.374660099,2.181487197,3.2518384,0.647950431,-2.268918232,9.367504746,-0.097181737,-10.96345071,5.960795977,-30.64443489,11.07457089,-47.42601361,6.016852147,12.00779025,-17.98885676,31.1220656,4.93458741,23.7049062,0.465387693,-2.928466955,-5.725061798,28.39826087,457.72,42.85213666,9.720124349,8.073113824,21.47860868,57.0238074,6.370144213,1.80667E+13,11.2654897,5,-1
01-08-2003,27.10778139,3.099207231,2.158273381,248.3,8.009677419,27.2896,75.67626298,0.701072664,4.487716263,18.02754325,48.76717922,64.88772912,54.37396521,60.76843439,46.34536904,51.91919725,51.84356649,46.26639681,44.78412636,55.90686762,64.27341223,60.67970017,58.26385819,77.0385693,70.30479347,31.04123161,87.19346572,62.76833363,67.44343226,50.2439608,54.47135797,49.66896687,-1.0541013,6.096414837,1.719240054,2.585337883,-10.64949457,-7.507827583,4.069981235,-1.508177456,-11.535585,4.747582544,-28.89850042,7.688514269,-65.99406042,-6.514946648,4.347472292,-14.24505429,26.47717603,4.901093909,10.31960126,2.408373284,-10.14764,-0.395101265,29.82571429,439.36,42.62217638,11.32252325,-1.52016028,15.64070117,56.71237207,5.589939474,1.81945E+13,10.95215665,4.5,-1.5
01-09-2003,27.10778139,2.886590093,2.320441989,180.3,6.01,26.9879,73.78249135,0.695743945,3.847681661,18.14487889,49.77352927,65.35764629,54.46664811,60.83893141,45.89822303,52.3648556,51.20502403,45.76744547,43.48131541,57.62669546,61.75945869,62.5219681,59.34455879,84.07895002,60.24716524,30.01207328,86.19071807,62.86070793,63.42459285,50.2439608,56.97083484,49.78694541,0.493016611,7.074909905,0.740111548,2.344773308,-8.35191353,-11.44678538,2.34315316,-1.622055716,-16.57207271,4.829288299,-10.73260183,0.061406204,-72.3558881,20.41993889,6.188701131,-28.54102048,24.10178434,4.201668289,2.922475666,2.408373284,-5.446526291,0.713439411,27.09818182,440.91,43.58636964,-4.489161052,3.731646945,22.34487391,57.52210391,7.240187766,1.83161E+13,11.02553742,4.5,-1.5
01-10-2003,27.3250705,3.285398964,2.040816327,91.5,2.951612903,25.3451,64.64076125,0.671903114,3.225432526,17.94387543,50.56229011,65.74924393,54.99185118,60.87417992,44.79350935,54.22176537,52.14763433,44.27059145,45.61873962,59.9447243,79.52473039,70.08294276,56.80726174,80.63119156,58.96531066,29.87586114,87.92273673,62.99926937,63.75340699,50.2439608,59.901256,50.18020723,2.120220765,9.097177821,1.585537179,3.356217274,-4.870627507,-9.468732086,4.960682408,-4.703217954,-10.01259557,8.500997912,13.88140251,-0.437159166,-86.41699654,52.09376637,0.502934841,-23.38259062,26.69887304,4.652001563,6.817454084,2.408373284,8.792742757,2.620237239,29.59043478,515.07,44.72250381,7.149597014,18.69568975,25.61916277,57.42867331,6.03535089,1.86489E+13,11.7030123,4.5,-1
01-11-2003,27.37940531,3.067517654,1.765030336,10.7,0.356666667,22.1761,58.19525952,0.612249135,3.433806228,16.30491349,50.29030362,64.65277053,56.5983547,59.67573052,43.97812545,53.85038342,53.82000744,42.79641705,44.92662131,60.69247554,75.7956993,76.10869414,58.54578008,56.29407302,66.65643813,29.78505305,89.06222269,62.4450236,61.26903353,50.0731598,63.99522673,50.25885959,1.416145671,7.676723799,3.386390745,1.427745847,-12.04376695,-9.59369426,7.14171151,-11.21735025,-8.383461008,8.481107403,27.86936601,8.742406012,-78.17957933,18.48982137,25.53377265,-25.67198468,23.80961372,3.461594677,0.838328263,2.067850821,10.05088547,5.302446831,28.772,548,45.07720449,17.36799305,16.41948715,26.58963767,58.61212754,7.902480579,1.87493E+13,11.36324438,4.5,-1
01-12-2003,27.27076076,3.71906774,1.879491432,16,0.516129032,19.066,60.05397924,0.566124567,3.64266436,14.2667128,49.01196707,64.77024983,57.80323234,57.5255713,45.24065536,52.66196116,54.82343131,41.8892328,42.07672236,61.76425232,57.94662915,69.96780101,50.37004514,45.42928795,55.51416371,29.07372303,89.4268582,62.86070793,61.8901269,50.4147618,65.41734288,49.55098833,1.622413209,8.580291763,4.649456484,-1.580580017,-12.65301972,-4.885732559,9.719770604,-9.052441938,-10.72455304,11.31027221,55.74489399,36.38315944,-20.88629629,16.98990368,38.69867997,-28.87226553,17.56162589,2.228918426,-0.647251451,2.747740125,3.145123735,7.154715129,29.92666667,539.72,45.91089218,4.811095626,9.967007426,25.59363347,62.90993497,7.182573457,1.89632E+13,11.99222263,4.5,-1
01-01-2004,27.37940531,4.347813628,1.926252064,24.9,0.803225806,17.8867,60.35515571,0.537681661,3.587750865,14.7383045,49.09356302,65.31848652,58.97721568,57.94855344,47.39747731,52.03061184,55.15790593,41.9119124,43.19632551,61.91380257,53.71480735,81.55873678,45.38942501,57.80065655,39.27733904,27.00027167,89.79149371,63.04545652,63.75340699,50.4147618,65.71900388,48.88244325,2.354368837,8.570418726,6.380542167,-0.908271457,-8.761238022,-0.071352126,18.14399169,-11.39276092,-4.874528187,16.55546969,57.41514986,70.21285692,-1.02987522,24.78831575,25.61077269,-38.85059679,19.86985861,1.773882434,-1.760908892,2.747740125,0.065595279,6.73851541,31.1752381,527.23,46.53263597,-0.228857491,8.120195023,22.4220644,63.50166209,7.694142387,1.9227E+13,12.67839525,4.5,-1
01-02-2004,27.37940531,4.132276307,1.6930639,10,0.344827586,20.6908,51.80442907,0.503944637,3.53532872,18.95197232,48.84877517,66.68907827,59.50241875,58.33628707,48.26546662,51.84492086,54.03285493,42.47890256,43.96986951,62.78617901,44.32938079,85.43517557,42.75815399,48.06580913,29.44978726,29.98180391,92.02488619,62.86070793,65.10519842,51.0125653,54.8161134,52.85438755,0.782564083,9.542762651,5.605951263,-0.90226176,-10.49244533,0.071658907,11.68689909,-9.710442416,-3.726010295,16.30561683,22.00764261,74.95131385,-12.28981363,-3.027835931,11.83412271,-14.40763058,22.76111686,1.480411937,-8.958009148,3.926535701,-13.51024849,15.41506798,30.866,564.13,43.15961038,-5.614365838,16.78730578,6.394712332,61.44618896,7.96204282,1.95941E+13,13.77277386,4.5,-1
01-03-2004,27.37940531,3.490777844,1.737242128,12.1,0.390322581,25.8863,45.9650173,0.437923875,3.705916955,22.25792388,48.30480217,67.04151614,58.26664681,57.98380195,47.47638543,50.87932778,52.93821071,41.93459201,44.03093878,60.31859992,33.89647359,62.94415451,47.36287827,47.68916325,27.93785622,29.78505305,89.70033483,63.78445088,63.82647679,52.49284063,49.08455437,52.5397781,-0.393369431,9.233563619,4.722722924,-2.34315316,-13.2145391,-3.655010927,6.649333117,-11.338663,-2.960817509,12.71761871,1.871545581,42.70375934,-1.964699738,-8.554209237,-0.352319801,-14.05569603,17.3821202,2.270328198,-10.99293414,6.787016759,-12.99032209,15.68989639,33.79913043,583.52,42.60844332,10.79994922,25.197321,1.68757251,65.61942227,7.743576225,2.00568E+13,15.48436206,4.5,-0.5
01-04-2004,27.37940531,2.231203725,2.285092492,50.7,1.69,28.5763,50.13519031,0.450346021,3.791314879,23.03204152,49.61033737,67.62891261,55.70242004,57.56081981,47.73941249,50.91646598,52.60373609,41.36760185,43.11489983,58.17504637,45.05842732,56.57297789,60.23731145,56.72866442,28.85816207,31.14717438,85.59818537,64.10776091,62.03626651,51.92350396,48.39504351,52.65775664,1.213473247,6.457712447,2.130125384,-3.015910122,-8.600076548,-5.118387921,4.916595731,-13.27772706,-4.252026835,9.287099765,13.24426898,20.98336084,26.65853291,11.91885173,-13.90684267,0.927514582,4.575961715,2.850028486,-15.8180912,5.696493411,-14.40502296,15.21611243,33.36227273,575.05,42.3043311,28.79100823,26.08420778,7.966839729,60.511883,11.03480572,2.05821E+13,15.05417324,4.5,-0.5
01-05-2004,27.59669442,2.834000913,3.051771117,75.6,2.438709677,30.0409,54.89259516,0.517128028,4.513183391,22.67785467,50.45349551,68.21630907,54.99185118,58.124796,49.50169383,50.80505139,53.45512603,41.50367949,42.30064299,56.25581819,56.22038105,51.08455466,76.63576831,54.121116,34.34712912,30.55692181,82.49878356,64.10776091,62.51122026,51.75270296,52.23044767,55.0566537,2.621668445,4.76140478,1.814108707,-2.987079911,-2.622069463,-6.096855991,4.359888405,-10.42123157,-5.568690073,3.746770914,20.78342999,1.057411665,55.21331234,5.671764942,-8.349643488,-1.132738041,-7.910729368,2.775926963,-13.33121985,5.367003821,-3.406655456,19.49726743,37.91631579,537.17,43.38124615,38.4638874,16.86139743,6.919259619,60.511883,7.644650549,2.05626E+13,14.16291097,4.5,-0.5
01-06-2004,27.81400859,3.01814003,3.266194883,166.3,5.543333333,29.1198,64.33536332,0.595536332,5.104844291,20.1899654,50.80707796,67.78555166,55.42437136,58.7240207,47.94983414,50.61936041,54.64099061,40.91400973,42.1174352,56.75431902,67.38233478,51.0077935,86.78495651,63.01575338,44.53622962,30.02720796,80.72118546,64.10776091,61.08635902,52.35050646,55.03158555,55.56789405,0.860220358,4.248426499,1.799823612,-2.606782677,-6.014049316,-6.66913745,6.613504625,-11.45751365,-4.535496269,3.713242523,26.16183669,-8.021633386,43.96093941,2.043731142,-48.91910612,-2.488928876,-9.217401107,3.221361998,-13.51747784,6.515498808,-7.029716279,19.72950986,35.19136364,471.2,46.57979117,24.49537391,1.064645594,11.70354472,60.511883,9.15601433,2.06316E+13,13.51610935,4.5,-0.5
01-07-2004,28.08563251,3.193683722,2.990755846,242.7,7.829032258,27.8861,70.70211073,0.656851211,4.699307958,18.78200692,50.34470092,68.49042742,55.54794855,58.90026326,48.949337,50.65649861,56.13092301,41.36760185,43.88844383,57.35252001,78.5442885,52.46625562,85.98617781,62.29143437,44.89777835,30.072612,80.1742322,64.10776091,62.36508065,52.66364163,55.67800198,55.48924169,2.627408937,4.74188921,2.079310654,-2.832047679,0.161333727,-5.283169988,7.594314117,-12.0216719,-2.835123588,3.944672739,30.19734026,-15.30004732,30.56939544,-19.11967839,-62.92916862,-0.10060363,-10.97284495,2.775926963,-11.70667732,7.111868154,-4.094582586,15.78191059,38.37045455,454.77,51.20246116,30.09598443,-0.646584681,17.80320928,60.511883,5.93709047,2.06266E+13,13.25153736,4.5,-0.5
01-08-2004,28.35723137,4.609193054,2.654387866,252.8,8.15483871,27.1771,75.26633218,0.713460208,4.811626298,18.22141869,51.18785906,68.68622624,56.81461479,59.56998499,51.26397518,51.5106771,57.19516045,42.54694138,44.5398493,59.44622348,89.70624223,55.15289636,94.25588672,75.85068613,55.51416371,27.9537566,81.9518303,63.59970229,64.77638429,52.26510596,57.78962899,56.74767949,4.844484654,5.689015551,4.390813657,-1.991864331,10.0866893,-0.789950248,9.823843958,-8.380795727,-0.54694758,6.13848688,33.33943067,-9.549995113,48.10313099,-1.553944477,-23.62017923,-10.47647779,-6.199775441,1.315808458,-4.034810899,3.943860181,5.913430857,13.32344364,43.03,458.14,53.81591501,36.65266299,4.185569168,23.31945515,60.511883,6.484736965,2.08319E+13,13.53637342,4.5,0
01-09-2004,28.41156618,4.809632949,2.537796976,123.3,4.11,27.2142,71.12875433,0.685363322,3.443564014,19.13131488,51.43264691,70.09597774,56.75282619,59.99296713,50.08035338,51.65922989,59.931771,42.84177626,44.94697773,60.36845001,63.14213314,57.26382837,104.7809708,71.15709899,61.33181142,27.45431211,82.81783963,63.46114085,65.90896631,52.26510596,59.16865071,58.32072674,3.278982282,6.999097517,4.111690282,-1.400256251,8.720238071,-1.356679145,15.73691124,-6.605933341,3.315220732,4.648069432,2.214112588,-8.784882784,56.85117421,-16.68661442,1.784313357,-8.907649784,-3.991900026,0.950647013,3.84228054,3.943860181,3.785238536,15.82047394,43.38136364,468.09,58.02013863,47.05633055,5.981981213,28.60456895,60.511883,5.067046918,2.08959E+13,13.17733656,4.5,0
01-10-2004,28.57454554,4.572632444,3.189189189,92,2.967741935,24.9828,65.91404844,0.664532872,3.235397924,17.41397924,51.89502396,69.03866411,57.03087488,59.95771862,48.23916392,51.47353891,58.68509286,42.93249468,45.33374973,60.56785034,71.35438137,56.91840313,107.6471767,81.32653781,65.44031969,27.3029653,81.67835367,63.36876655,66.49352477,52.26510596,61.66812758,58.00611729,2.601686429,4.881852532,3.640777178,-1.516948575,7.410797215,-5.201453495,11.81069223,-3.069161576,-0.626680654,1.034135379,-10.84092985,-20.8060719,63.91948318,0.858681484,10.41892614,-9.005551937,-7.366941937,0.584796988,4.208194543,3.943860181,2.906975343,14.49278049,49.81809524,451.26,61.60630947,52.09271164,-13.22591437,32.02874758,60.511883,5.229604526,2.11333E+13,12.50635246,4.75,0.25
01-11-2004,28.52021073,4.166655225,3.52303523,16.4,0.546666667,22.2705,58.55958478,0.598512111,3.19899654,15.83910035,51.94942126,68.09882977,57.67965514,59.6052335,47.50268813,51.10215695,55.55319412,43.52216445,45.82230383,59.99457439,69.34321854,59.29799921,89.98007132,79.09563527,80.23094945,28.31698896,81.08582097,63.36876655,67.91838601,52.26510596,64.90020973,58.04544347,3.245828965,5.192907043,1.892459831,-0.118203323,7.709394033,-5.238281692,3.169573081,1.681595064,1.974043465,-1.156559773,-8.897319758,-24.95869392,42.97792023,34.00684388,18.53577057,-5.054475134,-9.382714494,1.468455168,10.30322259,4.284382644,1.404235712,14.40393702,43.05363636,454.61,59.59767795,40.30440037,-18.68353784,27.92399376,60.511883,3.189812923,2.11964E+13,12.26718422,4.75,0.25
01-12-2004,28.30292162,3.784862755,3.255561584,6,0.193548387,19.2536,55.97785467,0.539896194,3.576955017,14.50820069,50.29030362,68.05967001,57.98859813,59.46423945,48.84412617,50.54508402,54.4585499,44.27059145,44.90626488,59.91979926,54.84608645,48.58981683,59.53250671,44.96572379,53.27913521,28.69535599,80.94908265,63.46114085,63.93608151,52.3789733,64.29688773,58.91061945,2.574779322,4.953843024,0.320171031,3.314554702,7.663799155,-4.102770444,-0.667782114,5.529178677,6.508264013,-3.031776653,-5.499156575,-36.4621172,16.71258387,-1.025650017,-4.109339507,-1.309947995,-9.960071657,0.950647013,3.252319171,3.822121282,-1.727617719,17.30191641,39.64428571,446.2,54.2579304,28.11968748,-19.02832046,16.70467729,60.511883,-3.886434102,2.14472E+13,12.30938847,4.75,0.25
01-01-2005,28.57454554,4.365106608,2.969762419,31.5,1.016129032,18.064,58.30775087,0.513356401,3.76183391,14.54875433,49.85512522,69.03866411,58.23575251,59.39374243,49.73841819,50.80505139,52.08682076,43.45412563,44.62127499,59.07234786,41.7316288,48.24439159,60.00237654,56.00434542,28.46374528,28.04456469,79.71843782,63.83063803,62.25547593,52.49284063,63.90903787,63.94437065,1.539337707,5.539159948,-1.265172384,2.463326717,4.820863049,-2.383644815,-5.728813235,3.613570633,3.245532889,-4.698020892,-25.24293799,-52.50438728,27.91050218,-3.157085012,-32.20165558,3.794791315,-11.89893467,1.237729671,-2.377612725,4.039276633,-2.79273469,26.85951986,44.28333333,418.86,54.16490784,35.09842546,-23.01001508,15.18793266,60.511883,-4.82263212,2.20624E+13,13.75635487,4.75,0.25
01-02-2005,28.52021073,4.166655225,3.007518797,45,1.607142857,20.5714,57.72425606,0.511141869,4.009446367,17.90453287,49.96391982,68.25546883,58.5755898,59.99296713,51.18506706,50.47080763,50.41444765,42.50158216,43.82737457,57.42729513,35.36294649,48.82010032,64.98299667,51.62945863,29.2197108,26.92459826,76.57345656,63.83063803,61.9266618,52.4643738,65.20187074,63.07919466,2.257183635,2.321636486,-1.569890954,2.800302132,5.873150226,-2.686186917,-6.931449246,0.053376035,-0.324600331,-8.921525454,-22.59831178,-55.96157879,41.85657322,7.152131784,-0.784317746,-10.7550359,-18.38085459,1.531200168,-5.005358822,2.806236413,17.35039699,17.68502673,45.557,422.63,54.32948622,38.93090347,-28.87876296,23.01619908,60.511883,-1.532205665,2.21514E+13,12.26729348,4.75,0.25
01-03-2005,28.52021073,4.166655225,3.148345784,42.3,1.364516129,24.8885,54.74311419,0.48633218,3.562560554,20.74221453,50.12711172,68.33378836,57.83412663,60.02821564,52.05305638,50.43366944,48.98532881,42.84177626,42.85026636,56.6795439,47.09472969,45.6728926,66.48658011,49.5434199,29.2197108,24.33656774,74.88701734,63.83063803,60.72100998,52.2081723,58.73770642,63.31515175,3.703103412,1.909227793,-0.745080616,3.465101746,9.203107484,-0.87977107,-7.760455659,2.140263611,-2.718067984,-6.222714484,32.88501134,-32.07429347,33.91613614,3.814526826,4.486088603,-20.20266279,-18.04939596,0.072385092,-4.987833472,-0.54377513,17.95374682,18.65541039,53.08409091,458.13,58.81961374,45.14422017,-24.19257404,32.24229326,60.511883,-8.103196443,2.24568E+13,11.30257847,4.75,0.25
01-04-2005,28.73749984,4.960277685,3.510638298,38.3,1.276666667,27.9033,50.52577855,0.480899654,3.54816609,22.46010381,51.45984556,67.98135048,55.88778583,60.23970671,53.18407276,50.84218959,50.29282051,43.99843618,44.21414657,57.70147059,54.46899341,44.48309456,81.85132336,60.75587808,33.98558039,23.98847007,72.51688654,63.83063803,60.42873075,52.26510596,54.16969697,63.15784703,3.660257898,0.519781707,0.332226219,4.548959015,10.80016529,-0.145985427,-4.492481191,6.165608142,2.517615489,-0.817384633,18.96715791,-24.04222294,30.66125199,6.858420781,16.35434614,-26.11502301,-16.58446314,-0.433213674,-2.625449129,0.655740055,11.27242539,18.18235488,51.85714286,457.86,62.39740459,44.10669827,-22.7893533,38.86342105,59.96727605,-0.904074465,2.33143E+13,12.46454241,5,0.5
01-05-2005,28.62885529,3.740161235,2.802749868,49.1,1.583870968,30.0307,53.32262976,0.495882353,3.976228374,23.1767474,51.40859073,67.91350482,56.06279978,60.23970671,52.46601597,50.89385848,51.6760114,44.64966188,46.44378479,55.95294118,60.83060207,43.44011461,89.96271577,58.15036284,53.14347513,23.23370288,72.21187335,62.94125079,59.67100372,51.95431247,54.5,62.68827195,1.875326228,-0.444876452,1.928747311,3.573936056,5.81587573,0.174647123,-3.384885861,7.306464886,9.344036535,-0.539846896,7.881364258,-16.20988804,16.03313982,7.180769474,43.64768961,-27.39872981,-13.31790653,-1.836366754,-4.649986227,0.388806405,4.253508804,12.98116577,48.66590909,450,64.36179903,24.95972511,-17.70670352,39.44930432,62.38775137,3.052920503,2.32996E+13,12.49622942,5,0.5
01-06-2005,28.73749984,3.320237881,2.530311017,145.8,4.86,30.1269,58.97117647,0.529134948,4.87982699,20.66536332,52.43368726,68.04919614,57.2295594,61.29757473,52.9447205,52.75393858,52.56125356,45.38229079,48.08446197,58.06323529,67.19221072,43.80515759,95.45224396,62.41393324,69.10838741,23.39778271,72.21187335,62.66759318,59.79729156,52.42050271,55.49090909,62.33609065,3.151359652,0.388184636,3.205112437,4.289142382,9.909301734,4.13043147,-3.880512078,10.36494177,13.24972962,2.28009208,-0.282555929,-15.2226871,9.519276456,-0.959620925,43.93730974,-24.94626409,-11.13965788,-2.272097291,-2.132821633,0.133617607,0.831190414,11.49349729,54.30681818,451.7,58.84490796,43.38490828,-4.226438968,23.37385232,62.93235832,3.922071315,2.34659E+13,12.87235118,5,0.5
01-07-2005,29.22643794,4.061882606,3.167898627,333.4,10.75483871,27.7041,73.8283045,0.679238754,4.929134948,18.26304498,54.58638996,68.59196141,58.51299498,62.12036097,53.90212955,55.8540721,55.88091168,47.05105664,49.26238404,60.35441176,73.55381938,50.84527221,99.22117376,87.16632801,78.55611632,24.18536585,73.35567282,62.66759318,62.70191184,52.67949729,55.5459596,63.27524079,8.089121493,0.148135758,5.200228035,5.322824882,9.6384162,9.767490747,-0.446402382,12.8735313,11.55097417,5.101726435,-6.564527575,-3.138306988,14.31648765,33.59941833,55.94249134,-21.78671238,-8.888232828,-2.272097291,0.538642538,0.03010288,-0.237435245,13.13049534,57.57904762,454.52,59.45683505,40.58709943,-0.054987959,14.94629875,61.96416819,2.371652662,2.35847E+13,13.40140997,5,0.5
01-08-2005,29.33508249,3.448330719,3.64116095,191.2,6.167741935,27.391,74.09366782,0.700034602,4.460761246,18.95276817,54.43262548,68.79549839,58.68800892,62.70806543,53.23194321,57.0941255,56.3788604,47.29526627,50.31410019,61.07794118,79.91542803,63.6217765,95.3703107,77.7509434,66.13410238,24.48070953,73.50817942,62.46234997,63.71221455,52.42050271,55.76616162,64.03830028,6.146133102,0.158962479,3.244183348,5.133823493,3.767038524,10.29121219,-1.437501467,10.58022423,12.19010811,2.707867599,-11.55714308,14.28465475,1.175403853,2.4743933,17.50463446,-13.26661534,-10.87349546,-1.804481465,-1.656480159,0.296882949,-3.56420675,12.08665808,64.09,448.48,57.5498101,39.83907987,-2.131072684,6.708159391,62.9928702,4.018178963,2.38557E+13,13.55368219,5,0.5
01-09-2005,29.44372705,3.632889719,4.686677199,201.4,6.713333333,27.1942,74.08889273,0.708581315,4.004982699,18.01197232,54.68889961,68.72765273,59.09637479,62.88437676,53.61490683,58.33417891,56.43418803,47.33596788,51.44995362,61.5,97.97850423,89.90487106,89.47111623,68.51320755,60.31675078,25.00576497,73.27941953,62.05186355,64.28050982,52.0579103,56.7020202,63.80351275,6.1387632,-1.971378101,4.046412646,4.707040987,6.819835888,12.15193005,-6.013161947,9.975671944,13.51260385,1.857055723,43.93598433,45.10829663,-15.79563294,-3.78635569,-1.668879891,-9.341684843,-12.23636936,-2.245721919,-2.501801938,-0.397219986,-4.258201301,8.985069877,62.98181818,453.64,57.79686494,37.28161449,-3.135665317,-0.385563369,63.17440585,4.305948946,2.46965E+13,16.71108053,5,0.5
01-10-2005,29.76966071,4.182446809,4.347826087,97.3,3.138709677,25.3522,66.7249827,0.679550173,3.110138408,17.35010381,55.86776062,68.65980707,60.37981037,63.23699944,53.32768412,58.90253672,56.60017094,47.74298394,54.31062152,61.68088235,79.73297272,109.252149,96.84510932,95.75268505,65.39053112,28.38580931,72.66939314,61.84662034,64.28050982,51.79891572,57.63787879,63.86220963,7.376457258,-0.550271897,5.706199806,5.324993987,10.02843776,13.48162899,-3.617373454,10.62031319,18.06680338,1.820980468,11.10244618,65.20397861,-10.57461057,16.32962884,-0.076111354,3.889403287,-11.68687241,-2.431364441,-3.384809883,-0.895974137,-6.758725715,9.617931243,58.52190476,467.5,58.53031206,16.10228483,3.535567866,-5.121951687,64.92925046,7.045846365,2.47103E+13,15.63712011,5.25,0.5
01-11-2005,30.04128463,5.333319273,3.455497382,26.7,0.89,21.8687,59.26131488,0.632110727,3.475743945,15.84785467,56.32905405,68.65980707,61.07986615,62.64929498,52.99259095,60.65927904,56.87680912,50.67349958,62.97676252,62.70588235,98.16095955,116.0836676,122.8179517,78.40232221,65.74044701,31.76585366,72.28812665,61.43613392,62.82819968,51.74711681,60.17020202,64.27308782,8.093988272,0.820394907,5.727777475,4.980904737,10.93658087,17.14459101,2.354667104,15.21327473,31.79948537,4.420112942,34.75402197,67.17356384,31.11149753,-0.880414651,-19.91949759,11.49299876,-11.48482196,-3.09729365,-7.790276643,-0.996024171,-7.567360865,10.19147909,55.535,466.7,62.22993868,25.45667569,2.624674442,4.321960044,63.29542962,4.497336564,2.48883E+13,16.05680402,5.25,0.5
01-12-2005,29.87833033,5.566240565,3.415659485,11.4,0.367741935,18.7312,55.77128028,0.581280277,3.664290657,14.42536332,54.0738417,68.38842444,62.42163971,61.70896785,55.24250222,64.89612817,54.4977208,50.99911243,64.99605751,61.07794118,68.11665099,85.21146132,112.4943613,50.92597968,53.88704638,37.24611973,71.44934037,61.09406191,60.61816251,51.33272548,62.86767677,64.03830028,7.253826388,0.481875638,7.366559829,3.705415215,12.30984957,24.99222726,0.071902052,14.14876223,36.97492997,1.914378366,21.66908571,56.17219686,63.63806042,12.44726937,1.134532706,26.08124737,-12.48316755,-3.801308843,-5.328929832,-2.017676545,-2.247907901,8.345997554,56.7475,456.75,59.20670541,35.8664783,2.336891326,8.728563825,70.67787934,15.52928844,2.51556E+13,15.94892953,5.25,0.5
01-01-2006,29.82399552,4.372597895,3.985317252,16.6,0.535483871,18.3248,54.27235294,0.535813149,4.039930796,15.81743945,54.68889961,68.93118971,68.08042387,61.65019741,56.24778172,65.3611482,54.55304843,53.4819104,62.26159555,67.95147059,54.61495767,59.13696275,103.9733026,56.25544267,58.08603701,40.7902439,70.53430079,60.27308907,59.86043548,52.47230163,60.28030303,65.32963173,9.253945282,-0.155794068,15.61902398,3.728755715,12.29889679,25.19322312,4.626163768,20.76376749,33.31340289,14.0030855,26.90484694,20.35765715,54.97499904,0.447351056,71.32941262,37.46480918,-12.24017717,-5.734757491,-3.9230721,-0.039134904,-5.845538835,2.143221495,63.57428571,459.05,57.55018824,36.16006924,9.162240138,6.06241642,71.70658135,16.97427746,2.52279E+13,13.40739277,5.5,0.75
01-02-2006,29.82399552,4.571441627,3.597497393,11,0.392857143,21.826,51.33294118,0.481626298,3.504878893,18.70041522,54.38137066,69.67749196,69.65554936,61.70896785,56.58287489,64.6894526,51.8419943,56.94154691,63.35538033,67.22794118,52.79040452,44.79598854,85.12865362,58.15036284,37.17856285,42.75920177,70.53430079,60.68357549,58.66070101,53.19748645,54.99545455,68.14708215,8.472050276,2.061977798,17.32443186,2.820192556,10.02585452,24.82030657,2.792272795,29.24839463,36.85012212,15.75692371,40.06648788,-8.602352607,27.00380382,11.89397055,24.08888187,46.2544116,-8.215136909,-5.056021854,-5.418079687,1.387680309,-17.02376236,7.727734706,59.923,473.9,59.20670541,27.40961155,11.44992372,8.596769866,68.01535649,11.68937515,2.56798E+13,14.78039714,5.5,0.75
01-03-2006,29.82399552,4.571441627,3.362648733,35.2,1.135483871,24.5087,53.10096886,0.506124567,3.407681661,21.08927336,53.81756757,69.47395498,68.08042387,61.70896785,55.96055901,66.18785047,53.39116809,58.65101437,64.07054731,66.38382353,47.92492944,41.7713467,92.58457998,58.03193033,26.72482576,40.06829268,70.076781,62.18869236,58.40812533,53.50827994,46.46262626,67.50141643,7.103793484,1.654758454,16.31106827,2.761455403,7.238362581,27.1837922,8.612449957,31.40911629,40.2272917,15.80400375,1.747471813,-8.929434319,33.11224804,15.81439273,-8.925057164,49.86052509,-6.638902989,-2.606010667,-3.883475377,2.459736713,-23.44336256,6.402391716,62.25304348,472.52,63.3700226,15.93301482,3.092708745,7.451555367,76.66855576,23.66519013,2.71952E+13,19.1448055,5.5,0.75
01-04-2006,30.07461733,4.652866442,3.545734841,32.1,1.07,28.1715,49.50425606,0.467785467,3.735086505,23.12134948,54.53513514,70.55948553,65.10518684,62.06159052,55.48185448,65.92950601,55.93623932,62.68047337,72.27393321,69.88088235,53.45940734,39.11174785,95.53417722,51.99187228,23.70680125,40.29800443,70.076781,65.60941251,59.67100372,53.56007886,48.33434343,67.9709915,5.804336965,3.722271049,15.2658365,2.979557269,4.22970537,25.98595669,10.63501248,35.38958778,49.14187317,19.15094519,-1.870898704,-12.8686341,15.45795883,-15.57764321,-36.01743489,51.8728649,-3.422794019,2.748587404,-1.261846396,2.447503471,-11.39793034,7.344391741,70.44210526,475.9,63.99046147,30.62984853,3.86442876,2.521035132,65.8369287,9.338189309,2.76352E+13,17.00218419,5.5,0.5
01-05-2006,30.32523914,5.925433747,4.166666667,79.6,2.567741935,30.3112,55.42401384,0.505086505,4.187508651,22.8067128,55.50897683,71.23794212,66.73865031,62.53175409,55.62546584,67.58291055,56.10222222,64.38994083,75.38701299,70.60441176,58.99388523,41.19770774,105.366168,58.15036284,24.62533045,41.84035477,70.99182058,66.90928617,60.87073818,54.64785609,50.0959596,68.26447592,7.673945904,4.779066384,17.4311763,3.734277833,5.84754699,28.36128908,8.218174592,36.61106881,48.43923667,23.25816308,-3.065918749,-5.300069671,15.80462827,0,-76.92197276,58.82573639,-1.703981591,6.113599999,1.990636712,5.054525795,-8.426034362,8.5215133,70.18727273,483.72,61.41445205,36.61882281,7.225864415,-4.687509147,69.46764168,10.74920929,2.77032E+13,17.31116713,5.5,0.5
01-06-2006,30.82648276,7.269188103,4.318766067,151,5.033333333,29.2036,64.22750865,0.593217993,4.410242215,20.89031142,57.30289575,71.57717042,67.84707195,62.88437676,56.58287489,71.30307076,57.09811966,65.04116653,78.28974954,70.06176471,64.52836312,44.27449857,120.0322209,72.59912917,37.6159577,45.38447894,71.52559367,67.5934302,61.18645778,56.25362247,51.74747475,67.91229462,8.880188776,5.054525795,17.0185693,2.555747246,6.645801588,30.130096,8.279196145,35.98984424,48.74575928,18.78445256,-4.045246348,1.065729447,22.91341555,15.11643874,-60.82477368,66.25289113,-0.954914418,7.566633307,2.29655187,7.057265065,-6.984357337,8.567652539,68.85772727,478.16,58.62377519,23.73926682,5.692716186,-0.376497002,69.10457038,9.356039808,2.77458E+13,16.75385927,5.75,0.75
01-07-2006,31.07710458,6.332166252,4.145342886,288,9.290322581,27.9751,72.08415225,0.667128028,5.21467128,18.50055363,57.50791506,71.64501608,67.61372002,63.0606881,55.7690772,72.90480641,55.71492877,63.29099746,77.78492579,68.31323529,70.06284102,46.62120344,121.9166858,69.75674891,45.05167027,51.45543237,71.98311346,68.82488945,64.28050982,55.6838344,53.34393939,66.91444759,5.213800794,4.354824525,14.45620554,1.502375676,3.40495573,26.64121342,-0.297471712,29.65097754,45.67868678,12.38694817,-4.862480658,-8.673169582,20.59864718,-22.28039351,-55.60031676,75.49683087,-1.888828452,9.372098599,2.486453307,5.546354451,-4.045040846,5.592078992,73.89714286,499.21,58.36787399,24.951542,9.378493186,-1.848495226,71.16197441,13.84023229,2.82733E+13,18.13215428,6,1
01-08-2006,31.07710458,5.938357545,3.818737271,288.2,9.296774194,27.1344,76.28546713,0.714359862,4.771695502,18.24577855,58.89179537,72.39131833,69.48053542,63.35454033,56.8700976,74.66154873,56.87680912,62.1920541,79.04698516,68.01176471,75.59731891,49.59369628,120.1141542,76.62583454,69.67700072,56.08248337,72.66939314,70.80890714,67.05884227,55.78743223,54.99545455,66.32747875,7.873807605,5.094806715,16.88112187,1.025650017,6.611102511,26.82639866,0.879341279,27.38170323,45.17570649,10.75299278,-5.554810753,-24.90920752,23.06752542,-1.457639924,5.218575317,82.89380829,-1.147639096,12.54208251,5.119418145,6.225082731,-1.39167256,3.512292587,73.61217391,534.26,60.29536516,13.8522073,17.50185244,4.660440243,69.16508227,9.347459518,2.88483E+13,19.0029893,6,1
01-09-2006,31.32772639,6.398644226,2.062374245,170.7,5.69,26.9626,73.41896194,0.707923875,3.733598616,18.83716263,60.53194981,72.66270096,73.27250418,64.00101523,56.96583851,81.74018692,61.41367521,64.75625528,84.13729128,68.37352941,80.46279398,52.7226361,129.2906789,75.50072569,70.98918529,66.09135255,72.74564644,71.35622236,69.52145512,56.6680138,56.26161616,64.97745042,10.15105649,5.56765662,21.50158428,1.760119548,6.062462182,33.73575842,8.455738803,31.33598758,49.18403239,10.5948578,-19.69532191,-53.37072322,36.81473451,9.71157304,16.29176897,97.19315176,-0.731073752,13.97140049,7.837893961,8.485316249,-0.779731046,1.823204559,62.77190476,511.24,60.95725647,-0.333848748,11.95352153,5.323837063,71.5250457,12.41484295,2.94169E+13,17.49049626,6,1
01-10-2006,31.82897001,6.917476546,1.305220884,52.4,1.690322581,25.8049,66.16394464,0.661211073,2.933737024,17.87089965,61.40328185,72.73054662,74.32258784,65.6465877,56.29565217,93.36568758,62.63088319,68.41939983,91.41516698,68.55441176,80.76688617,53.71346705,147.8075949,75.79680697,77.46262918,78.23325942,72.74564644,71.21939356,69.64774296,57.60039428,57.03232323,64.74266289,9.447580345,5.759749178,20.77601304,3.739605835,5.416170797,46.06397492,10.12464928,35.98242848,52.06915894,10.56537278,1.288384627,-70.99947511,42.27985027,-23.37125027,16.9418152,101.3805521,0.104876779,14.11077082,8.019382214,10.61601958,-1.056178805,1.369259184,58.38,514.18,60.10932004,-0.24277591,9.517404998,2.662013013,71.22248629,9.251036463,2.93693E+13,17.27295815,6.25,1
01-11-2006,31.82897001,5.950762095,1.973684211,33.2,1.106666667,22.4242,63.61207612,0.624948097,3.156297578,14.89982699,61.45453668,72.9340836,78.69793642,65.82289904,58.40195209,94.76074766,61.02638177,67.19835165,88.04967532,67.40882353,74.74586077,57.25959885,147.4798619,72.48069666,72.38884883,81.87583149,74.88073879,71.28780796,70.72118959,57.23780187,61.71161616,64.44917847,8.708720062,6.039209071,25.34346453,4.941535956,9.719720502,44.60826524,7.041857324,28.2245635,33.5135338,7.232066158,-27.25147393,-70.67159098,18.29884458,-7.853327342,9.633789806,94.68119209,3.52368061,14.8727154,11.83412271,10.08458353,2.52949349,0.273597982,58.48318182,571.57,62.71037399,5.172577,20.27003075,0.769067518,75.94241316,18.21622069,2.9823E+13,18.08824029,6.25,1
01-12-2006,31.82897001,6.528610062,2.540650407,12.3,0.396774194,19.2653,59.79698962,0.578823529,3.731384083,14.21269896,60.37818533,73.20546624,79.981372,65.7641286,60.55612245,94.03738318,61.19236467,67.11694844,84.85245826,67.28823529,91.5925682,63.6217765,93.24004603,69.57910015,53.18721461,88.40620843,77.62585752,72.72451042,72.80493893,56.71981272,62.59242424,62.92305949,11.02773183,6.806651663,24.78817521,6.364526516,9.183795409,37.0904433,11.58635409,27.46283677,26.65873486,9.683463869,29.61284441,-29.21801377,-18.77257911,31.20910373,-1.307208157,86.43944271,8.291191487,17.42637975,18.31892358,9.979510792,-0.438789647,-1.75686442,62.31473684,625.88,66.38540254,9.358634172,31.50224642,11.44423886,80.35978062,12.83811666,3.00586E+13,17.80663423,6.25,1
01-01-2007,31.82897001,6.722689076,2.075642965,2.3,0.074193548,18.2991,51.76532872,0.514775087,3.649653979,15.81380623,60.94198842,73.13762058,79.22297825,66.58691483,62.518811,88.61214953,61.96695157,65.44818259,78.87871058,69.63970588,85.32826905,91.15644699,69.72520138,70.704209,42.8209565,90.70332594,77.93087071,73.47706886,75.70955921,57.13420404,63.41818182,60.45779037,10.82616454,5.923412333,15.15766758,7.703165263,10.57008833,30.43409584,12.74276097,20.19152507,23.65665716,2.454110892,44.61980118,43.27210719,-39.95723391,22.86023094,-30.48976875,79.91510934,9.972303325,19.80876491,23.48886528,8.5117515,5.074519901,-7.750027005,54.29909091,637.59,68.4070482,-15.77015911,32.85363069,17.28184571,81.63053016,12.96208026,3.0673E+13,19.5433423,6.5,1
01-02-2007,32.07959182,7.56302521,2.415198792,35.7,1.275,20.6912,58.81449827,0.515259516,3.42816609,17.50619377,61.0957529,72.86623794,78.63959844,66.93953751,63.81131322,86.02870494,65.28660969,66.66923077,80.14076994,70.18235294,65.19736595,98.82234957,69.47940161,63.83512337,47.19490507,89.55476718,76.63456464,72.86133923,79.37190653,58.01478561,66.00555556,58.93167139,11.6420709,4.474806514,12.13129975,8.13605203,12.02241222,28.50828508,23.05864352,15.77182897,23.50248792,4.30079444,21.1089627,79.12051955,-20.31333553,9.327144311,23.85536158,73.92659436,8.294908298,18.28850958,30.23744698,8.668675436,18.24883764,-14.52896814,57.757,645.2,73.75210015,-3.681585053,30.85640173,21.96746689,77.33418647,12.84026045,3.13887E+13,20.07405756,6.5,1
01-03-2007,31.82897001,6.722689076,2.778778779,34.3,1.106451613,24.3229,52.98788927,0.490795848,3.69650519,21.69868512,60.94198842,72.45916399,75.02264361,67.29216018,64.76872227,77.24499332,63.84809117,65.73309383,75.63942486,73.49852941,57.23015052,87.19312321,83.65385501,70.34891147,62.54746455,66.58359202,76.86332454,73.40865445,78.48789166,58.06658452,66.94141414,57.87512748,12.43224535,4.207121392,9.710027251,8.661447284,14.61756667,15.44851839,17.88613457,11.39976397,16.59928621,10.18119928,17.74450497,73.59148466,-10.14350935,19.24739283,85.03327641,50.78728657,9.243732628,16.58686485,29.5489354,8.175395395,36.51695679,-15.38608668,62.14363636,660.93,78.67688145,-0.175900423,33.556786,21.63584369,87.68171846,13.4221762,3.31007E+13,19.65136568,6.75,1.25
01-04-2007,32.07959182,6.666666667,2.57369727,34,1.133333333,28.6665,48.89757785,0.466747405,3.465432526,23.77290657,62.2746139,73.34115756,75.89771333,67.99740553,64.57724046,77.65834446,65.28660969,66.1808115,75.38701299,80.13088235,67.80039511,72.33065903,94.46904488,63.6574746,68.97716895,63.827051,78.6171504,77.30827543,81.01364843,58.11838344,65.01464646,56.23161473,13.27086859,3.86658255,15.33823356,9.134226293,15.18060129,16.37329258,15.45744984,5.43405947,4.217149099,13.68692154,23.76453979,61.48252138,-1.121184664,20.24293469,106.8013586,45.98751473,11.49983617,16.40818368,30.57714371,8.167803101,29.64702226,-18.96018802,67.39842105,743.45,77.37688815,-4.416957938,44.6093766,18.99541006,77.57750475,16.40965906,3.30651E+13,17.93895423,6.75,1.25
01-05-2007,32.33021363,6.611570248,2.690864198,49.5,1.596774194,30.4668,53.66356401,0.484982699,4.044948097,23.33346021,62.68465251,72.79839228,75.13931958,68.29125776,63.14112689,75.95327103,65.23128205,64.2271344,73.11530612,82.90441176,78.3706397,68.26303725,109.5447641,75.20464441,74.48834415,61.43148559,78.84591029,77.92400505,80.76107276,58.01478561,68.04242424,54.47070822,12.15718887,2.166829948,11.85597347,8.810726751,12.67312153,11.67631478,15.07637164,-0.253164692,-3.059728771,16.05956465,28.40155652,50.49858204,3.88916723,25.71808711,110.6867053,38.40611994,10.49307778,15.23962934,28.2742507,5.978791838,30.61910385,-22.57264197,67.47608696,816.09,79.84441379,-3.939372661,52.30184161,26.24347304,82.81577642,17.57575228,3.322E+13,18.1605043,6.75,1.25
01-06-2007,32.58083544,5.691056911,2.68703795,199.9,6.663333333,29.401,63.2199308,0.566643599,4.848823529,20.39238754,62.42837838,73.13762058,74.61427775,68.52633954,62.99751553,75.53991989,65.23128205,59.95346577,71.76910946,85.43676471,88.94088429,81.09169054,123.227618,78.22467344,79.2122086,60.11884701,79.76094987,78.12924826,83.22368561,57.75579103,68.04242424,54.29461756,8.566879455,2.156670556,9.507564906,8.592043945,10.73889139,5.772186216,13.31679545,-8.145170986,-8.696252859,19.83993023,32.08670621,60.51716383,2.627298306,7.463218803,74.47020686,28.11532136,10.89786956,14.48536925,30.76061032,2.63531834,27.37557628,-22.37919897,71.31619048,833.19,80.62310067,3.508092472,55.53163029,31.8644883,82.74443291,18.01358658,3.38117E+13,19.77227713,6.75,1
01-07-2007,33.08207906,6.451612903,2.358230958,294.3,9.493548387,27.9624,73.20574394,0.677750865,4.806989619,18.78626298,63.96602317,74.15530547,76.77278305,69.23158488,63.14112689,77.71001335,67.33373219,60.72679628,72.27393321,89.41617647,99.51112888,97.04928367,134.4524741,94.92365747,94.73972603,64.77871397,80.90474934,78.8818067,88.21205523,58.27378019,66.88636364,54.35331445,10.64294628,3.443802391,12.70392685,9.335962158,12.41527867,6.382955266,18.94132003,-4.135804385,-7.348412884,26.91980811,35.08769178,73.31634815,9.78728757,30.80587884,74.33233463,23.02610191,11.68409725,13.63851696,31.64871621,4.546237408,22.62347439,-20.79093067,77.20409091,854.52,77.42097786,4.377828176,53.75130589,28.24921401,82.68700713,15.01038728,3.45589E+13,20.07458226,6.75,0.75
01-08-2007,33.33270088,7.258064516,1.970083374,259.1,8.358064516,27.4335,76.20114187,0.721384083,4.334429066,18.36193772,64.63233591,74.22315113,77.64785276,70.11314157,62.4230701,77.55500668,69.87880342,59.26153846,71.72704082,90.38088235,110.0813735,109.460745,138.7949367,80.71175617,101.6068253,67.63370288,81.59102902,79.08704991,88.27519915,58.79176934,64.84949495,54.05983003,9.301305812,2.498973168,11.1137249,10.13636706,9.316524256,3.802223109,20.58746763,-4.826674097,-9.71746097,28.4352066,37.57990327,79.17022573,14.45549928,5.194995664,37.72404229,18.72828978,11.57990238,11.05643435,27.4888721,5.245325276,16.48185856,-20.45128755,70.79652174,830.65,77.42763068,-3.900054697,44.1325915,25.00884646,81.44887349,16.34793605,3.48584E+13,18.92428286,7,1
01-09-2007,33.33270088,6.4,2.75505175,213.3,7.11,27.0388,74.39868512,0.728788927,3.860795848,17.88775087,64.32480695,74.08745981,77.64785276,70.87715736,60.74760426,77.19332443,69.82347578,57.91838546,69.83395176,89.89852941,87.70018815,133.2406877,139.204603,80.94862119,76.1504446,68.48691796,81.66728232,78.81339229,87.51747212,58.89536718,64.62929293,54.29461756,6.077403537,1.941808586,5.799847137,10.20492544,6.427588161,-5.723278263,12.83377488,-11.15954302,-18.63295782,27.36958305,8.612915373,92.71122836,7.388162027,6.967237913,7.018337225,3.56048338,11.5684399,9.939838626,23.0203043,3.855251077,13.86552296,-17.96151952,77.127,851.63,87.13329878,20.59458168,51.03130129,35.7266211,81.07527313,12.53303431,3.58504E+13,19.77851072,7,1
01-10-2007,33.58332269,5.511811024,3.53617443,55.9,1.803225806,25.4711,63.97712803,0.680242215,3.282387543,18.09017301,64.58108108,74.56237942,79.04796431,74.10953187,60.93908607,77.86502003,70.48740741,56.20891801,69.45533395,90.32058824,77.05696143,135.7959885,144.6121979,76.62583454,76.456621,69.86518847,81.97229551,79.77119394,84.36027616,59.72414983,64.62929293,54.5294051,5.045822127,2.487461277,6.163989718,12.12585369,7.92574701,-18.1547092,11.81755774,-19.658098,-27.47275363,27.57376703,-4.702214972,92.74899221,-2.185573126,1.087811815,-1.307208157,-11.31273633,11.94122691,11.33972983,19.16463348,3.620704546,12.50495776,-17.16802804,82.85782609,926.2,92.91070302,35.01528349,58.85167953,43.54739443,85.15310841,17.86423243,3.61524E+13,20.77943955,7,0.75
01-11-2007,33.58332269,5.511811024,4.306203474,14.6,0.486666667,22.4741,58.20480969,0.614809689,3.002975779,16.16712803,64.17104247,74.83376206,80.33139989,73.69813875,60.74760426,78.12336449,72.58985755,54.49945055,63.6919295,89.65735294,76.81368768,120.2034384,142.727733,64.24963716,69.50204278,72.75299335,84.18364116,80.86582438,80.82421668,60.24213898,67.49191919,54.58810198,4.325439663,2.571307869,2.054364252,11.30097569,3.937832999,-19.30660961,17.35189503,-20.94580982,-32.38432884,28.52192927,2.728901278,74.15903334,-3.275278647,-12.05441971,-4.069612127,-11.81337986,11.71039185,12.60659757,13.35313926,5.115753857,8.953569342,-16.60610359,92.52818182,998.57,100.1760863,45.87740438,55.79372951,46.84026126,83.46053053,9.439850032,3.68037E+13,21.03187599,7,0.75
01-12-2007,33.58332269,5.511811024,4.081268583,15.8,0.509677419,19.0778,57.26055363,0.567854671,3.893252595,14.1016955,62.32586873,75.03729904,79.981372,73.34551607,60.26889973,76.52162884,72.70051282,53.03419273,61.58849722,90.38088235,54.79741298,93.76389685,125.6036824,68.92772134,55.15549147,78.33170732,84.79366755,82.43935565,82.15023898,60.24213898,66.39090909,54.1772238,3.174869831,2.471521682,0,10.91068406,-0.475436712,-20.61189658,17.2326017,-23.54997454,-32.04388434,29.50473552,-51.37071508,38.78240773,29.79542642,-0.940579829,3.633827344,-12.09897306,8.83202777,12.53844676,12.07659582,6.024851027,5.891588354,-14.96521071,91.45,1002.22,106.5568578,38.35944306,47.0814159,47.32015272,91.21046892,12.66558713,3.70554E+13,20.92656928,7,0.75
01-01-2008,33.58332269,5.511811024,4.280294048,22.2,0.716129032,17.8505,56.48529412,0.521522491,4.010865052,14.65605536,61.45453668,76.2585209,80.27306191,74.81477721,62.23158829,73.52483311,72.0365812,51.03981403,58.01266234,85.73823529,51.45239887,62.83954155,107.7422325,69.34223512,44.0456621,83.54944568,86.92875989,85.03910297,83.16054169,60.34573682,66.28080808,54.8815864,0.837525834,4.178627898,1.316771037,11.65073375,-0.460476639,-18.66457615,15.05728585,-24.86527285,-30.72500606,20.79639874,-50.58487205,-37.19927103,43.5179816,-1.945093035,2.819925019,-8.215540577,10.92667706,14.61378164,9.386854672,5.468734675,4.414978461,-9.676755193,91.92045455,1122.15,109.9163917,52.64160937,56.53063234,47.42441384,92.29272395,12.27619718,3.80436E+13,21.53486627,7,0.5
01-02-2008,33.8339445,5.46875,4.026555413,19,0.655172414,19.6809,52.92034602,0.499307958,3.785743945,18.06875433,62.78716216,77.07266881,81.08979364,75.6963339,62.75816327,75.79826435,71.15133903,52.74928149,57.8864564,85.67794118,62.5821731,59.44985673,93.4858458,82.1329463,43.21461187,77.74101996,88.30131926,86.33897663,85.18114711,60.81192706,64.84949495,55.76203966,2.730827535,5.612332421,3.068173465,12.29399432,-1.664183642,-12.66056243,8.602218734,-23.41933875,-32.53012691,19.94984998,-4.09386058,-50.81905761,29.67797141,25.20356688,-8.810726751,-14.14673165,14.17068376,16.9722965,7.063564762,4.70880361,-1.766979082,-5.528531566,94.81666667,1268.63,114.3351028,49.57006484,67.61325108,43.84241631,90.35610165,15.56224333,3.8819E+13,21.24636646,7,0.5
01-03-2008,34.33518812,7.874015748,3.981456231,38.1,1.229032258,25.1156,50.97923875,0.481972318,3.198512111,20.57235294,64.37606178,78.56527331,81.61483547,76.93051325,64.14640639,80.29345794,75.35623932,53.76682164,61.79884045,94.11911765,81.98325494,59.65845272,89.96271577,92.61422351,41.07137707,64.22084257,92.49525066,89.48603917,87.58061604,61.01912272,64.90454545,56.23161473,5.481945034,8.090663861,8.422106987,13.38588499,-0.965473523,3.87060451,16.57200396,-20.09459311,-20.20930389,24.7295791,35.94341519,-37.94896217,7.27078039,27.49754212,-42.0614244,-3.613037243,18.51284603,19.80407894,10.96153288,4.959694114,-3.090016199,-2.880857663,103.2775,1377.22,128.7700098,50.79711191,73.41743195,49.26785866,97.95935923,11.08392687,4.01788E+13,19.37864024,7,0.25
01-04-2008,34.58580993,7.8125,3.936889775,32.5,1.083333333,27.9736,51.24401384,0.494013841,3.601591696,23.41719723,66.06747104,78.83665595,85.58181818,77.92961083,64.38575865,79.20841121,73.86239316,53.88892646,62.47193878,99.36470588,82.06840075,59.08481375,84.14545455,80.06037736,36.43499159,57.92017738,89.59762533,88.59665193,85.74944238,61.79610646,65.73030303,56.93597734,5.912264716,7.225611977,12.00862996,13.63364436,-0.296956417,1.976348912,12.34168534,-20.54655536,-18.79175423,21.51356518,19.09850326,-20.22741593,-11.57253103,22.9264316,-63.82459448,-9.711128669,13.07389426,13.62930624,5.68119435,6.135833602,1.094747776,1.244829353,110.1877273,1320.11,174.0653096,49.15639316,57.41688313,81.07424382,86.12632102,10.45375697,4.03761E+13,19.97596806,7,0.25
01-05-2008,34.83643174,7.751937984,4.175543042,45.3,1.461290323,30.1482,54.95913495,0.490622837,4.316574394,23.09138408,66.73378378,79.10803859,85.40680424,77.98838127,64.48149956,77.55500668,71.75994302,53.19699915,61.16781076,99.90735294,82.15354657,56.21661891,85.21058688,83.96865022,46.97620764,52.83370288,89.82638522,87.50202148,85.4968667,62.21049778,65.73030303,56.81858357,6.259468708,8.312062428,12.80817879,13.27780969,2.100602369,2.086915186,9.538728378,-18.84237878,-17.84166477,18.65550073,4.714065181,-19.41560144,-25.1207585,11.02305276,-46.10014056,-15.07731991,13.03833091,11.59278381,5.698465189,6.982585779,-3.457134407,4.220035449,123.9361905,1326.45,213.0404239,60.79935724,48.57368367,98.14020181,88.79828373,6.974874276,4.09572E+13,20.9375032,7,0.25
01-06-2008,35.08705355,7.692307692,5.021790048,210.5,7.016666667,28.6796,68.19944637,0.626574394,4.841280277,19.16287197,66.78503861,80.19356913,84.94010039,77.92961083,65.91761313,78.79506008,72.92182336,54.29594252,61.96711503,105.0926471,82.23869238,65.96848138,87.58665132,88.23222061,60.31675078,50.24124169,95.0116095,88.66506633,87.39118428,62.67668802,67.21666667,56.58379603,6.745912886,9.21004465,12.96144272,12.85878038,4.531038684,4.218904873,11.14488145,-9.911918999,-14.68503116,20.70658058,-7.834602604,-20.64034235,-34.14045935,12.03870944,-27.25205801,-17.94871496,17.49650547,12.65014867,4.886242112,8.17659547,-1.221016391,4.12975571,133.0485714,1293.21,214.5686597,62.35908832,43.96210712,97.88445617,89.78492998,8.166040771,4.10717E+13,19.45101846,7.75,1
01-07-2008,35.83891899,8.333333333,5.6001229,254.2,8.2,27.8309,74.5584083,0.706262976,4.627197232,18.5900692,68.37393822,81.00771704,85.81517011,78.69362662,65.77400177,79.88010681,76.51811966,57.55207101,64.91192022,110.7,82.32383819,75.14670487,96.10771001,91.54833091,67.05263158,48.99423503,96.68918206,89.21238155,87.07546468,62.78028586,67.82222222,57.58164306,6.663967755,8.838280578,11.13456087,12.81049815,4.085232006,2.754272464,12.78662387,-5.369493431,-10.74322502,21.3522229,-18.96087702,-25.57766606,-33.57412424,-3.620592346,-34.56555487,-27.92744225,17.82289964,12.30692222,-1.296848146,7.448885199,1.389478832,5.769822492,133.8730435,1213.48,239.6392263,55.04394674,35.0707636,112.9876793,87.31719488,5.448492536,4.14902E+13,18.27932177,8.5,1.75
01-08-2008,36.34016261,9.022556391,5.371855115,265.6,8.567741935,27.1109,77.71280277,0.761314879,4.210276817,18.2532526,68.88648649,81.55048232,85.75683212,79.28133108,66.15696539,82.4635514,80.94433048,63.04678783,67.85672542,116.1867647,82.40898401,88.80974212,97.41864212,92.55500726,68.71473204,46.00798226,94.55408971,89.34921036,84.86542751,63.03928043,69.08838384,61.33824363,6.374518512,9.414613211,9.933186138,12.28924341,5.809526184,6.136894638,14.69992787,6.191661166,-5.546931159,25.11661703,-28.95253909,-20.90696392,-35.39799785,13.69188987,-39.11470945,-38.52915133,14.74527311,12.20032606,-3.939240171,6.975616307,6.331748735,12.63121281,113.8490476,963.57,256.0552287,47.50635557,14.84366102,119.6049456,85.8456064,5.25749041,4.22621E+13,19.25950484,8.5,1.5
01-09-2008,36.59078442,9.77443609,4.936927431,166.8,5.56,26.933,75.43408304,0.7516609,3.645224913,18.55519031,69.60405405,82.02540193,85.5234802,79.75149464,65.53464951,80.19012016,81.38695157,64.8376585,68.74016698,116.3676471,102.0533396,88.18395415,104.0552359,84.9161103,75.27565489,40.95432373,93.79155673,89.00713834,83.98141264,63.29827501,70.18939394,63.33393768,7.887745655,10.17826943,9.660706405,11.79672825,7.585135757,3.808733505,15.32446775,11.28517118,-1.578660593,25.80729671,15.15715692,-41.27321537,-29.10229422,4.784918444,-1.155414356,-51.41853581,13.84213779,12.16336373,-4.124295853,7.209564598,8.25294572,15.39962277,99.06409091,826.02,245.3734582,25.03136098,-3.05331739,103.5342253,89.91254954,10.34595052,4.28354E+13,17.80123645,8.5,1.5
01-10-2008,37.09202804,10.44776119,3.655186277,51.5,1.661290323,25.9036,67.02768166,0.696574394,2.910726644,17.95100346,71.91052124,81.61832797,84.47339654,85.21714608,66.15696539,81.32683578,82.382849,65.32607777,68.99257885,122.4573529,141.2204139,89.38338109,105.038435,104.6943396,85.0295602,40.06829268,93.02902375,86.95470625,82.65539033,63.71266634,70.96010101,63.80351275,10.75010802,9.041776157,6.638183963,13.96584994,8.215540577,4.349923035,15.59431966,15.03158822,-0.66849231,30.43973975,60.57769819,-41.82189042,-31.97293319,31.21107681,10.62754288,-55.59821908,12.65301972,8.622490428,-2.041658819,6.46469281,9.345000255,15.70681483,72.8426087,635.75,242.1644856,-12.88251321,-37.62847897,95.79783384,88.45130859,3.800130366,4.35797E+13,18.68471969,7.5,0.5
01-11-2008,37.09202804,10.44776119,1.069574692,25.6,0.853333333,22.4457,61.22221453,0.630346021,3.49550173,15.69107266,72.32055985,80.93987138,85.11511433,85.98116187,67.2579858,81.27516689,82.10621083,65.5702874,68.86637291,125.5323529,154.0531044,110.5037249,105.2842348,92.08127721,132.5743812,38.42749446,92.49525066,84.56020215,82.02395114,63.919862,72.83181818,63.74481586,11.95564002,7.843740284,5.784404979,15.41506798,10.18081141,3.955134632,12.31884542,18.49320375,7.811014337,33.65683027,69.59145277,-8.413639716,-30.42751601,35.98955586,64.57877105,-63.8296846,9.415668211,4.467244005,1.473465976,5.925805195,7.614504762,15.50719143,53.241,581.25,180.6483389,-55.26844902,-54.11432987,58.96227616,84.50617587,1.245078705,4.38887E+13,17.60584879,6.5,-0.5
01-12-2008,36.84140623,9.701492537,0.091412901,10.6,0.341935484,20.0275,60.68183391,0.590519031,3.321868512,14.16435986,69.86032819,80.87202572,85.75683212,85.98116187,66.44418811,80.29345794,82.10621083,63.98292477,69.28705937,131.0191176,83.07798683,118.8475645,86.52151899,81.6,111.7106465,37.50864745,93.56279683,84.90227416,82.59224642,64.17885658,72.17121212,64.50787535,11.41213692,7.488266554,6.972200021,15.89468521,9.754610702,4.811471666,12.16652247,18.76793959,11.77830357,37.13104822,41.61367825,23.70618142,-37.27384146,16.87708233,70.57557006,-73.63809625,9.84119699,2.943793928,0.53660535,6.330172911,8.348110648,17.45267199,41.58090909,587.24,162.4447371,-78.8151229,-53.45392236,42.1659146,89.72944059,-1.637075443,4.44403E+13,18.17322961,5.5,-1.5
01-01-2009,37.09202804,10.44776119,0.029846504,11.5,0.370967742,18.9432,59.05688581,0.545536332,3.589723183,15.13930796,70.32162162,82.83954984,87.91533742,86.39255499,68.1675244,77.65834446,82.27219373,64.1864328,69.74981447,132.5867647,71.27920978,131.8326648,75.95212888,87.64005806,96.18312906,34.91618625,98.82427441,82.98667088,79.75077005,64.48965007,71.18030303,70.43626062,13.47816533,8.277644366,9.094018013,14.38860812,9.110554852,5.469579166,13.28591237,22.91858658,18.42534579,43.59383802,32.59476105,74.09489093,-34.9638379,23.41840032,78.10270978,-87.24881092,12.82543355,-2.443118257,-4.186657939,6.64144429,7.13157529,24.95303065,44.86,658.55,164.1537649,-71.73770494,-53.29613185,40.10835776,87.36155009,-5.491005238,4.57482E+13,18.44192052,5,-2
01-02-2009,37.09202804,9.62962963,0.236191088,12.5,0.446428571,21.601,52.12346021,0.49384083,3.746608997,18.73128028,68.73272201,83.65369775,88.84874512,87.74427524,69.22067436,78.07169559,85.09390313,64.59344886,70.92773655,134.6970588,56.2570555,120.1512894,72.51093211,67.09201742,55.02427301,34.81773836,93.02902375,82.23411244,76.656718,64.59324791,70.51969697,74.77983003,9.04747603,8.193690388,9.137832677,14.76968909,9.801091896,2.955218413,17.89462453,20.25628436,20.31781201,45.24328515,-10.65489983,70.36184804,-25.40727049,-20.22741593,24.15957395,-80.32560655,5.215647959,-4.871092801,-10.54428846,6.032394529,8.382293769,29.34548515,43.2425,655.66,165.5926047,-78.51213946,-66.00504951,37.03969489,83.81240713,-7.517749522,4.66461E+13,18.36784405,5,-2
01-03-2009,37.09202804,8.02919708,-0.383556255,13.9,0.448387097,25.16,49.49688581,0.468754325,3.487612457,20.84024221,69.5015444,83.51800643,87.91533742,88.80214326,69.55576752,76.83164219,86.53242165,64.1864328,71.68497217,125.3514706,55.22314205,108.2091691,84.55512083,59.98606676,49.16318193,37.1804878,89.21635884,81.89204043,76.15156665,69.35874815,72.06111111,74.66243626,7.660712147,6.113246805,7.436322396,14.35081964,8.096077063,-4.407158447,13.82924344,17.71352824,14.83965312,28.65603673,-39.51329129,59.54302607,-6.199167603,-43.43304169,17.98335512,-54.65437064,-3.609288115,-8.868082646,-13.9834043,12.81049815,10.45968654,28.34979659,46.83909091,660.48,168.5528817,-79.07014101,-73.48554102,26.92215951,92.90631444,-5.296107712,4.79481E+13,17.67794402,4.75,-2.25
01-04-2009,37.59327166,8.695652174,-0.736885715,25.6,0.853333333,28.6361,48.73975779,0.467231834,3.96200692,23.55532872,71.80801158,85.82475884,90.83223648,88.68460237,71.13549246,77.81335113,91.23527066,65.73309383,75.17666976,125.1705882,68.63968956,85.78510029,117.5742232,66.85515239,47.98221581,42.39822616,87.31002639,81.61838282,78.99304302,69.04795466,70.79494949,77.94946176,8.33195434,8.492946375,5.954139369,12.9280288,9.969393324,-1.776947051,21.12377517,19.86774992,18.51234639,23.08805338,-17.86821227,37.28714022,33.45229183,-18.02526925,27.53008181,-31.1959285,-2.586351059,-8.203955204,-8.206979765,11.09608981,7.422761085,31.41332585,50.8452381,799.7,142.7054316,-77.33990508,-50.12336881,-19.86479848,84.46884004,-1.943235827,4.90175E+13,19.39395158,4.75,-2.25
01-05-2009,37.84389347,8.633093525,-1.281435799,56.4,1.819354839,30.464,54.23294118,0.490692042,4.287508651,23.11903114,72.67934363,87.11382637,92.17401004,88.74337281,71.85354925,78.0200267,94.11230769,68.2158918,75.72356215,127.5220588,82.05623706,85.31575931,141.0890679,64.60493469,54.01826484,49.09268293,88.14881266,81.68679722,77.91959639,69.35874815,71.23535354,80.06254958,8.534588432,9.640111734,7.62524315,12.91888955,10.82516552,0.597809818,27.11624081,24.86755674,21.34682858,24.40460741,-0.118518532,41.71467657,50.42656929,-26.21527213,13.9680974,-7.343929944,-1.885231498,-6.876950763,-9.280224901,10.87685236,8.042918111,34.29447511,57.94095238,872.61,132.2881321,-76.03424107,-41.87727591,-47.64995685,87.30188537,-1.699526332,4.95176E+13,18.97990497,4.75,-2.25
01-06-2009,38.3451371,9.285714286,-1.426776044,87.5,2.916666667,30.2346,59.56034602,0.548892734,4.766747405,22.18778547,74.31949807,87.45305466,92.40736196,89.21353638,72.66734694,76.41829105,100.1983476,72.12324598,77.06975881,129.0897059,95.47278457,89.1747851,163.7026467,74.96777939,64.95313627,51.02882483,87.08126649,81.75521162,77.73016463,70.55012321,74.70353535,82.17563739,10.68942583,8.665880497,8.426034362,13.52267872,9.748645923,-3.062822633,31.77637428,28.39269047,21.81071288,20.56652431,14.9215327,30.14212483,62.54230482,-16.29137962,7.405617344,1.555442896,-8.715730913,-8.113641255,-11.715101,11.83338481,10.56061857,37.3136221,68.61681818,788.57,119.8383812,-66.21765926,-49.46616,-58.24857674,88.19104698,-1.791169391,4.9586E+13,18.8390144,4.75,-3
01-07-2009,40.09948977,11.88811189,-2.097161354,285.7,9.216129032,28.1943,71.75737024,0.663356401,5.236089965,18.61311419,77.08725869,87.86012862,91.88232013,88.9784546,73.24179237,79.67343124,114.4175499,77.25164835,82.62282004,133.4308824,108.8893321,89.07048711,190.6586881,90.24557329,83.45493872,53.68691796,87.92005277,80.31850916,78.99304302,71.74149828,70.13434343,83.81915014,11.9946278,8.120168018,6.831283066,12.28320883,10.75415416,-0.259067502,40.2326904,29.43781327,24.12546366,18.67597689,27.96713487,16.99857783,68.50153146,-1.43324929,21.88289731,9.146671962,-9.507361473,-10.50197421,-9.741536733,13.3428252,3.352269204,37.54576833,64.91,698.48,99.30528189,-72.38902191,-55.23409983,-88.09358077,88.78255064,1.664272231,5.04873E+13,19.626466,4.75,-3.75
01-08-2009,40.6007334,11.72413793,-1.484348612,193.5,6.241935484,27.8527,73.75861592,0.695259516,4.190484429,19.06176471,78.77866795,90.30257235,91.29894032,89.97755217,74.77364685,80.5518024,121.8867806,80.62988166,89.14346011,139.2191176,122.3058796,86.98452722,200.3268124,90.95616836,93.296323,62.77694013,87.61503958,80.11326595,79.05618694,72.05229177,69.69393939,92.44759207,13.41822225,10.19437033,6.26234232,12.65575394,12.24353261,-2.345590895,40.93309458,24.59922063,27.28484801,18.08501409,39.48306565,-2.076609774,72.09325052,-1.742541671,30.58170802,31.07729018,-7.621938075,-10.91109462,-7.090796942,13.36340989,0.872675114,41.02383869,72.5047619,746.05,95.28255416,-45.12211861,-25.58525149,-98.85464269,90.41836837,5.189702834,5.0657E+13,18.11867597,4.75,-3.75
01-09-2009,40.85135521,11.64383562,-1.286205967,142.4,4.746666667,27.4927,72.91705882,0.717543253,3.724844291,19.16719723,79.29121622,91.93086817,92.81572783,92.62222222,74.48642413,78.84672897,122.440057,90.64247675,90.61586271,138.375,93.90366886,92.98166189,220.1546605,80.5341074,78.16246095,84.10731707,85.93746702,78.47132028,79.05618694,73.91705274,74.92373737,98.25858357,13.03045425,11.40078827,8.182514589,14.96136106,12.80378794,-1.68944889,40.84066194,33.50363573,27.62955823,17.32128406,-8.322615644,5.297726896,74.94084292,-5.298304243,3.763271895,71.96361774,-8.745493433,-12.59833614,-6.043666956,15.50854777,6.527354506,43.91812858,67.68681818,703.85,86.16500695,-38.08755719,-16.0053721,-104.6517226,91.3783894,1.617148444,5.12057E+13,17.84846909,4.75,-3.75
01-10-2009,41.35259883,11.48648649,-0.182848277,71,2.290322581,25.6534,63.78806228,0.668788927,3.239896194,18.13564014,80.88011583,92.2022508,95.26592303,94.15025381,73.95984916,78.6917223,124.3211966,96.46280642,98.31442486,136.4455882,91.16683913,118.7432665,248.7493671,88.35065312,80.83056957,90.14545455,86.08997361,78.33449147,79.11933086,75.83361262,75.91464646,99.08033994,11.75454213,12.19306982,12.023552,9.968929221,11.1492185,-3.293807608,41.14912395,38.97661986,35.41718137,10.81630841,-43.76306642,28.40289669,86.2119501,-16.97314624,-5.064373282,81.0839212,-7.751857358,-10.43993552,-4.372281101,17.41582462,6.749187485,44.0122788,73.19409091,724.66,87.76069829,0.481362415,13.0897175,-101.5003415,90.55488318,2.350389567,5.18288E+13,17.33556403,4.75,-2.75
01-11-2009,42.10446426,13.51351351,1.838295869,54.7,1.823333333,22.243,62.54539792,0.625986159,3.465640138,14.98252595,84.41669884,95.45884244,101.508087,95.5607445,74.34281278,82.25687583,131.237151,108.7546915,110.8508813,142.6558824,130.0906397,130.9982808,240.5560414,93.26560232,68.97716895,90.99866962,88.30131926,79.77119394,82.02395114,78.06096599,81.69494949,108.0609632,15.46567783,16.4988635,17.61338437,10.56338891,10.01512414,1.200646335,46.89923364,50.59721515,47.60178836,12.78717954,-16.90659409,17.01349693,82.62893924,1.277972665,-65.33682901,86.2071682,-4.640225081,-5.830127111,0,19.98599942,11.48392596,52.78076807,77.03666667,763.33,87.97362127,36.94527228,27.25094842,-71.95152513,89.85923857,6.141981124,5.23059E+13,17.5452922,4.75,-1.75
01-12-2009,42.35508607,14.96598639,2.721331126,11.2,0.361290323,19.3949,60.09958478,0.584429066,3.53100346,13.74249135,84.36544402,96.47652733,105.4750697,96.67738297,73.86410825,80.81014686,130.6838746,119.0521978,115.2260204,151.1573529,106.2498119,139.8636103,196.7217491,85.21219158,64.55948089,94.60842572,90.58891821,81.75521162,83.98141264,78.21636274,83.07121212,109.0001133,18.86599495,17.64317627,20.69588612,11.72512622,10.58647113,0.641439018,46.4767573,62.09457867,50.86374391,14.29781179,24.601327,16.28260346,82.1397132,4.331525531,-54.83250314,92.51750338,-3.230094479,-3.777132084,1.66796892,19.78050482,14.0656975,52.45616069,74.66954545,821.81,90.81979495,58.54311718,33.60756299,-58.14605965,98.25792486,9.079698081,5.24535E+13,16.57795848,4.75,-0.75
01-01-2010,43.10695151,16.21621622,2.625708643,7.2,0.232258065,18.0691,54.66615917,0.543910035,3.598235294,15.12422145,84.51920849,98.71543408,106.2334635,96.79492386,73.76836735,80.13845127,145.345698,122.8781488,119.0963358,151.9411765,91.22765757,141.0108883,122.3263521,83.79100145,55.24297044,100.3512195,90.9701847,80.86582438,85.05485927,81.63509118,97.32929293,118.6264023,18.38995143,17.53357055,18.92648811,11.36930504,7.896174335,3.143677342,56.90818432,64.94013427,53.50179494,13.625619,24.6753417,6.73036819,47.6589232,-4.491255668,-55.45128682,105.5725717,-8.281145481,-2.588871098,6.439005406,23.57544615,31.28838644,52.12708816,76.373,830.88,92.95092523,53.20827015,23.24449317,-56.87319111,99.00899835,12.51554829,5.36889E+13,16.00547932,4.75,-0.25
01-02-2010,42.60570789,14.86486486,2.143331778,15.4,0.55,21.0871,53.51584775,0.498027682,3.70716263,17.92242215,83.7503861,98.44405145,104.658338,96.44230118,73.48114463,75.64325768,127.8068376,118.2788673,111.944666,144.1029412,56.92605833,129.2252149,99.54890679,79.58664731,49.42561884,94.14900222,87.76754617,80.31850916,83.5394052,83.0336619,90.17272727,117.5698584,19.76153921,16.28027497,16.37656897,9.451829355,5.97292573,-3.159926775,40.67646535,60.49321236,45.63431324,6.74996653,1.182173897,7.280504037,31.69117108,17.07812601,-10.73055256,99.47516774,-5.821972901,-2.357011471,8.59811925,25.11362069,24.58349625,45.24844995,74.312,830,96.6912309,54.14486381,23.57833389,-53.80078687,95.31741042,12.86314317,5.45731E+13,15.69512463,4.75,-0.25
01-03-2010,42.60570789,14.86486486,2.313959447,18.1,0.583870968,26.23,48.63297578,0.453702422,3.683148789,21.30321799,83.85289575,96.13729904,100.8080312,95.97213762,73.28966282,74.55821095,121.7761254,121.9013102,107.4012523,131.6823529,55.28396049,89.33123209,86.35765247,90.24557329,49.81927421,84.76363636,87.00501319,80.38692356,83.03425385,86.60778709,88.79646465,107.7674788,18.77150487,14.07151135,13.68437507,7.76471307,5.229073209,-3.003638769,34.16651604,64.14199236,40.42907099,4.927104901,0.110071558,-19.17149343,2.109378306,40.8422232,1.325693299,82.40825321,-2.509867793,-1.855027898,8.652756732,22.2097448,20.88323122,36.69988273,79.27478261,862.83,95.00324638,52.62019481,26.7250841,-57.33384751,106.7879219,13.92532158,5.60273E+13,15.57196574,5,0.25
01-04-2010,42.60570789,13.33333333,2.236447196,45.3,1.51,29.5928,48.46429066,0.438615917,3.966228374,23.59615917,86.51814672,93.62700965,98.53284997,96.08967851,73.28966282,74.35153538,124.099886,128.6170752,110.051577,132.5867647,71.08459078,77.18051576,90.37238205,85.62670537,50.43162701,82.07272727,84.94617414,81.41313961,84.10770048,88.31715131,84.61262626,97.08464589,18.63581288,8.701137699,8.137574497,8.019562456,2.983317038,-4.550870147,30.7645212,67.12370709,38.11081974,5.755974627,3.49996549,-10.56982964,-26.31311089,24.74688386,4.978805999,66.04992465,-2.74474955,-0.251783599,6.273834063,24.61330695,17.82958387,21.95225455,84.97857143,862.71,92.46111912,51.36126519,7.584194019,-43.39943643,95.5158894,12.29099054,5.64937E+13,14.19515463,5.25,0.5
01-05-2010,43.10695151,13.90728477,2.020986084,73.1,2.358064516,30.9589,53.88183391,0.487647059,4.456539792,23.04612457,88.20955598,93.28778135,98.06614612,96.08967851,73.14605146,74.45487316,126.4789744,131.4254861,115.983256,132.225,86.88522107,72.48710602,96.76317606,93.20638607,67.44628695,80.76008869,85.25118734,81.2763108,85.4968667,89.04233613,83.56666667,94.501983,19.36580891,6.847352585,6.196400739,7.953315352,1.782813809,-4.677233381,29.5587252,65.57624897,42.63564671,3.621565694,5.718311953,-16.2950491,-37.71248688,36.65254431,22.20093051,49.77728919,-3.342439552,-0.503779403,9.280224901,24.98196597,15.96554829,16.58126196,76.25095238,855.31,88.1806637,27.46054761,-2.002474431,-40.55946564,94.72748007,8.163207927,5.70294E+13,14.12397721,5.25,0.5
01-06-2010,43.60819513,13.7254902,1.053348973,141.3,4.71,29.8508,62.83885813,0.578546713,4.77716263,20.68553633,89.90096525,92.81286174,98.47451199,96.55984208,75.53957409,73.98985314,124.8191453,133.1756551,120.8211503,128.4867647,102.6858514,78.3277937,102.6623705,111.5634253,97.36409517,83.1556541,85.63245383,81.41313961,88.65406267,89.04233613,87.2,91.15626062,19.03353375,5.948309524,6.359110278,7.913016008,3.876454345,-3.229411519,21.97141547,61.32925666,44.96003849,-0.468165649,7.283311222,-12.96958172,-46.66060043,39.75348524,40.47914806,48.83235363,-1.677743548,-0.419287826,13.14984584,23.27885187,15.46769125,10.37163075,74.83818182,825.68,85.40078787,8.679053917,4.598611064,-33.87886851,94.73395484,7.156703788,5.71061E+13,14.12026069,5.25,0.5
01-07-2010,44.61068237,11.25,1.235192778,299.1,9.648387097,28.0281,73.91,0.694152249,4.580795848,18.57979239,91.33610039,94.30546624,97.89113218,97.5001692,79.5606921,75.02323097,123.2699715,125.9714708,123.7659555,125.6529412,118.4864817,82.39541547,109.5447641,94.44992743,113.7664023,106.0611973,86.6237467,81.75521162,92.50584174,90.44090685,88.68636364,96.3215864,16.96081035,7.079305199,6.334733577,9.145985619,8.275396103,-6.013835874,7.452236542,48.89872059,40.41064122,-6.005993718,8.446681078,-7.789824833,-55.41515862,4.553527897,30.98404134,68.08469025,-1.485392099,1.772946398,15.7912011,23.16273178,23.4693547,13.90309482,74.73545455,844.43,92.29098825,14.09529103,18.9755298,-7.325225957,97.60566728,9.47454292,5.84241E+13,14.60060622,5.5,0.75
01-08-2010,44.61068237,9.87654321,1.148104562,273.3,8.816129032,27.4948,78.57740484,0.762629758,3.956989619,18.28259516,90.56727799,94.44115756,100.6330173,96.61861252,81.09254658,77.08998665,110.3233048,124.1398986,124.060436,117.5735294,134.2871119,85.88939828,109.2170311,90.24557329,103.2689257,126.768071,88.45382586,82.50777006,95.28417419,91.42508625,87.80555556,94.38458924,13.94507288,4.48110225,9.734122649,7.121117996,8.112554481,-4.392708829,-9.967739628,43.15398229,33.05218505,-16.89851578,9.345501762,-1.266985274,-60.66130817,-0.784317746,10.15558186,70.27713932,0.952800625,2.945101369,18.67049071,23.81277774,23.10114125,2.073589848,76.69318182,943.73,98.2605579,5.616056912,23.50474862,3.077597297,94.45904936,4.371896375,5.85448E+13,14.47156382,5.5,0.75
01-09-2010,44.86130419,9.81595092,1.143682658,197.9,6.596666667,26.9231,77.44145329,0.777301038,3.495951557,18.12588235,92.20743243,95.25530547,100.1079755,97.91156232,80.4702307,75.74659546,112.425755,110.1792477,123.0928571,115.0411765,145.7209784,106.8011461,114.1330265,101.3782293,98.85123768,154.2022173,88.60633245,82.64459886,97.30477961,91.73587974,87.2,93.7976204,15.09133834,3.552385127,7.563325171,5.553555231,7.727042867,-4.01123294,-8.532853135,19.51856224,30.63097239,-18.46772705,43.94242287,13.85663683,-65.69656348,23.0177578,23.48265771,60.61712727,3.058342337,5.181626137,20.76892837,21.59700203,15.17335697,-4.646312472,77.78681818,948.88,107.4175733,13.9080533,29.87170764,22.04596505,97.00054845,5.970762193,5.89929E+13,14.1566439,5.75,1
01-10-2010,45.36254781,9.696969697,1.172187606,69.1,2.229032258,26.0405,70.58989619,0.732941176,3.276089965,17.04747405,92.71998069,95.66237942,98.1244841,99.14574168,80.03939663,77.24499332,108.940114,104.7659341,120.1059833,115.4029412,117.3795861,145.182808,125.6036824,87.52162554,92.90266763,161.2576497,88.53007916,83.26032849,95.34731811,91.78767866,87.2,94.73677054,13.6615984,3.684056922,2.956474756,5.169895492,7.899660431,-1.855586707,-13.20701935,8.257115403,20.02037876,-16.74960736,25.27217838,20.10299554,-68.33142596,-0.942767926,13.91971302,58.1578867,2.794941755,6.0984177,18.65689749,19.09364366,13.85946946,-4.482882633,82.91809524,1025.83,112.3485969,12.47386238,34.75547407,24.69927375,100.8127971,10.73091918,6.0805E+13,15.97254643,6,1.25
01-11-2010,45.61316962,8.333333333,1.143160912,57.2,1.906666667,22.8694,67.16211073,0.691487889,3.144152249,14.97439446,92.97625483,96.47652733,100.7496933,100.0860688,81.90634428,78.43337784,102.6880912,99.10841082,109.462616,111.2426471,87.21364064,179.2361032,126.750748,83.67256894,107.8615717,167.1973392,88.68258575,85.6548326,93.38985661,92.15027107,98.15505051,97.84770538,9.65789005,1.060455325,-0.749931406,4.626839055,9.688945074,-4.759740845,-24.53098468,-9.288049914,-1.26028019,-24.87214881,-39.98706879,31.35197493,-64.07305392,-10.85401686,44.70730968,60.83299,0.430849439,7.116318475,12.9771446,16.5930489,18.35561941,-9.928329848,85.67,1131.36,118.1594573,10.6221207,39.34852868,29.49980341,95.60877514,6.202017585,6.0906E+13,15.22217519,6.25,1.5
01-12-2010,46.36503505,9.467455621,1.495723527,23.3,0.751612903,18.6747,60.86425606,0.649792388,3.442491349,14.11221453,97.07664093,97.83344051,101.0997211,100.5562324,82.2893079,80.03511348,100.5303134,101.2248943,107.4853896,106.9014706,132.8882879,244.7352436,140.5155351,138.2699565,132.0932468,212.0895787,89.14010554,86.54421984,93.57928837,92.5646624,97.32929293,101.4282153,14.03428925,1.396670748,-4.236725124,3.933761069,10.8014153,-0.963708069,-26.23219284,-16.22173159,-6.954066663,-34.64137921,22.37157974,55.9509252,-33.64722366,48.40634632,71.59211052,80.72621876,-1.612253845,5.69259368,10.82135846,16.84285854,15.84017844,-7.199761199,91.79652174,1234.64,120.8348531,20.65020897,40.70254838,28.55474946,106.2588665,7.828234648,6.22521E+13,17.12659695,6.25,1.5
01-01-2011,47.11690049,9.302325581,1.631846857,7.5,0.241935484,17.3511,58.78411765,0.599446367,3.842525952,15.17543253,98.61428571,98.57974277,102.2081428,100.2623801,83.62968057,80.29345794,105.3438177,105.2543533,106.0550557,107.4441176,167.0074318,323.0108883,105.4481013,124.1764877,123.3453497,210.5800443,92.64775726,92.01737208,93.51614445,92.87545589,98.92575758,101.5456091,15.42373087,-0.137551604,-3.862780823,3.519599787,12.54684748,0.193236775,-32.18855743,-15.48133704,-11.59743579,-34.65225725,60.46801992,82.88489234,-14.84735899,39.33782208,80.32470416,74.11896113,1.827293368,12.91860941,9.483763786,12.90002032,1.626964359,-15.54710299,96.29428571,1303.57,120.672604,23.17797481,45.03765534,26.10094582,106.4404022,7.237448622,6.25601E+13,15.29206734,6.5,1.75
01-02-2011,46.36503505,8.823529412,2.107584629,25.8,0.921428571,20.6986,57.30643599,0.543460208,3.766816609,17.77356401,92.925,98.44405145,103.3165644,100.1448393,87.65079858,82.25687583,112.2044444,103.9519019,105.2136827,108.0470588,75.71895579,135.9002865,88.73371692,75.73759071,73.08868061,148.7875831,93.25778364,96.53272268,91.36925119,93.44524396,96.9989899,99.43252125,10.39519353,0,-1.290340484,3.76726163,17.63318847,8.381867188,-13.01974388,-12.91168075,-6.20113401,-28.79610514,28.52753324,5.03646955,-11.50091088,-4.95717195,39.12046169,45.76410151,6.067572697,18.38819515,8.959056252,11.8129548,7.297354208,-16.75534605,103.9555,1327.21,115.4762032,33.56904769,46.94085727,17.75417614,101.6599634,6.442106772,6.36674E+13,15.41323032,6.5,1.75
01-03-2011,46.36503505,8.823529412,2.681603264,24,0.774193548,24.8257,50.99107266,0.493148789,3.753529412,21.58307958,91.746139,98.44405145,100.9830452,98.14664411,91.8633984,80.91348465,110.3233048,101.9168216,105.7605751,106.2985294,66.10964252,93.39885387,87.58665132,84.20551524,65.82792598,82.07272727,92.41899736,95.84857865,90.04322889,90.44090685,95.23737374,100.078187,8.996138167,2.371101319,0.173460581,2.240481244,22.58831004,8.180031778,-9.8769131,-17.90547783,-1.539402809,-21.41411545,17.88317929,4.452790374,1.413118192,-6.927412588,27.86422137,-3.226086222,6.036681677,17.59181198,8.103665636,4.330694275,7.002560937,-7.402418146,114.4413043,1241.74,111.7300129,36.71419876,36.40512164,16.21742982,116.8484461,9.003293273,6.50412E+13,14.91816648,6.75,1.75
01-04-2011,46.61565686,9.411764706,3.163630859,42.9,1.43,27.6133,51.83913495,0.491453287,3.411349481,22.83155709,95.74401544,99.1903537,98.70786392,98.32295544,97.08127773,78.79506008,109.4933903,103.6262891,108.032282,102.9823529,73.80925682,81.8217765,89.38918297,72.42148041,56.94881038,90.76895787,93.56279683,96.05382186,94.52644716,90.85529818,93.09040404,100.4303683,10.13239436,5.772186216,0.177462336,2.297561766,28.11289691,5.804598215,-12.52225889,-21.60485275,-1.851904777,-25.26796162,3.76135676,5.839638597,-1.093903342,-16.7494267,12.15343025,10.07115813,9.661502422,16.53719985,11.67815333,2.833378321,9.548760536,3.388139831,123.07,1219.61,110.5213994,37.03541753,34.6207817,17.842094,100.5707495,5.156884061,6.6494E+13,16.29825905,6.75,1.5
01-05-2011,46.86627867,8.720930233,3.568645785,53.2,1.716129032,30.5144,54.83446367,0.506401384,4.137750865,23.77017301,95.48774131,100.6151125,97.65778026,99.73344614,99.85776398,78.48504673,105.897094,102.2424345,108.4950371,98.21911765,81.50887112,78.37994269,96.84510932,77.2179971,61.54145638,94.47716186,95.24036939,97.14845231,97.49421136,94.48122228,93.42070707,99.72600567,7.928257439,7.561333204,-0.417288236,3.72191819,31.12886658,5.27149066,-17.76082723,-25.10932432,-6.674140514,-29.73041398,-6.387608718,7.815936363,0.084638177,-18.81836865,-9.162049701,15.68752402,11.08018564,17.83856507,13.13132771,5.928916525,11.14683073,5.380566369,114.4581818,1230.12,108.355648,40.61796263,36.34030283,20.60311477,100.5707495,5.985731699,6.6715E+13,15.68628909,7.25,2
01-06-2011,47.3675223,8.620689655,3.558828252,183.1,6.103333333,29.351,65.0616609,0.59899654,5.103771626,19.95958478,96.76911197,100.9543408,98.41617401,99.32205302,99.18757764,81.223498,101.6921937,101.0213863,108.6633117,95.08382353,89.20848542,90.947851,103.1539701,92.31814224,68.97716895,93.06607539,96.61292876,98.79039798,100.5882634,99.29852144,97.71464646,98.02379603,7.361917377,8.408311721,-0.059259261,2.820468988,27.2356102,9.327662547,-20.49153097,-27.6336732,-10.60571371,-30.10670451,-14.06981777,14.93837721,0.477707915,-18.93525861,-34.46819449,11.25955268,12.06482256,19.34637333,12.62937253,10.90187377,11.38471295,7.263508226,113.7577273,1192.38,146.0184817,41.87427807,36.74992995,53.63778742,103.7173675,9.059709151,6.69744E+13,15.93995157,7.5,2.25
01-07-2011,48.37000954,8.426966292,3.628715982,247.8,7.993548387,27.9115,74.52536332,0.702249135,4.580069204,18.47366782,98.81930502,101.9720257,99.64127161,99.85098703,98.46952085,87.37209613,99.86638177,101.1434911,102.8578386,94.17941176,96.90809972,104.7673352,117.2464902,109.3724238,87.30401346,86.89667406,98.51926121,100.158686,102.7983006,100.179103,96.28333333,100.1368839,7.874686714,7.815936363,1.772048732,2.382483148,21.32269142,15.23781535,-21.05437303,-21.95152466,-18.50444993,-28.83220725,-20.10357714,24.02122388,6.794520245,14.6688965,-26.47508086,-19.92965026,12.86780851,20.30262302,10.54970251,10.22629396,8.218909184,3.884563696,116.46,1183.45,153.4488093,44.35932611,33.7527337,50.84205199,101.1758684,3.592471552,6.81587E+13,15.41103336,8,2.5
01-08-2011,48.62063135,8.988764045,3.771208179,288.7,9.312903226,27.2234,77.29259516,0.756020761,4.271764706,18.0116263,99.28059846,102.3790997,98.53284997,101.6141004,100.1928571,92.38397864,97.59794872,101.0620879,99.70269017,94.66176471,104.607714,127.660745,126.8326812,112.6885341,101.3006489,86.33880266,103.323219,101.3901453,104.1874668,100.0237063,95.9530303,100.3129745,9.185719109,8.070561787,-2.109041266,5.041091007,21.15058472,18.0980175,-12.2558714,-20.56740841,-21.85761747,-21.67537532,-24.97628376,39.63159135,14.9531734,22.2093131,-1.924369839,-38.40800816,15.53814492,20.60834286,8.932810813,8.988731306,8.87340303,6.091723338,110.0813043,1205.48,155.8532552,36.14064129,24.47929986,46.12921881,97.66617916,3.338892831,6.85297E+13,15.74749548,8,2.5
01-09-2011,49.37249679,10.05586592,3.868356841,191.5,6.383333333,26.8958,77.12557093,0.76550173,3.928788927,18.41044983,101.0745174,102.921865,97.36609035,101.8491822,96.26748004,100.1343124,101.2495726,101.3877008,101.0068182,97.01323529,111.2977422,134.3358166,130.4377445,125.0055152,125.7510214,96.67583149,104.5432718,101.5953885,105.4503452,101.1632824,98.37525253,100.7238527,9.181730121,7.740939476,-2.777135639,3.942846699,17.92432564,27.911891,-10.47045629,-8.315677435,-19.77509854,-17.0442705,-26.94847134,22.93741011,13.35313926,20.94994911,24.0687861,-46.69014021,16.53977422,20.64486727,8.039207009,9.782229309,12.05849428,7.124315372,110.8790909,1137.25,160.611717,35.44683518,18.10860047,40.22659628,99.42102377,2.464696543,6.87961E+13,15.37299596,8.25,2.5
01-10-2011,49.6231186,9.392265193,3.525199921,38.5,1.241935484,25.863,66.95820069,0.704809689,2.805605536,18.2450519,102.1508687,102.9897106,96.43268265,103.6122955,92.91654836,111.2947931,102.3007977,102.4866441,103.3626623,98.94264706,168.2238006,120.6206304,126.9146145,107.5367199,133.8428262,128.1463415,104.2382586,100.5691725,101.724854,101.9920651,101.2378788,101.6630028,9.686683482,7.380397458,-1.739174271,4.406509985,14.91827895,36.52003719,-6.288084725,-2.199617355,-15.01307496,-15.38894809,35.98822303,-18.53433592,1.038296155,20.59464577,36.51138126,-22.98304908,16.3336855,18.88735868,6.474545337,10.54169475,14.92686522,7.056124029,109.4685714,1044.75,160.8194324,27.77841729,1.827558133,35.86756873,95.79031079,-5.110376285,6.98497E+13,13.86737683,8.5,2.5
01-11-2011,49.87374041,9.340659341,3.394377591,20.7,0.69,22.6257,62.0267128,0.637058824,3.291384083,15.81595156,100.7157336,103.4646302,95.84930284,103.0833615,92.91654836,115.7899866,100.4196581,97.39894336,101.8061224,97.25441176,168.4062559,116.2401146,114.952359,98.71349782,110.7046383,124.5694013,105.4583113,99.81661402,100.5882634,102.1992607,104.8161616,103.8934844,7.995789363,6.993007868,-4.986196011,2.950749227,12.61253093,38.95285158,-2.233816665,-1.739894761,-7.251283992,-13.43834783,65.8018502,-43.30459435,-9.770477047,16.53105001,2.601707682,-29.43117859,17.32521791,15.30089969,7.42528472,10.35038184,6.565959749,5.995394282,110.5040909,1113.38,158.7899677,25.45498361,-1.602001526,29.55473256,101.357404,5.838831824,7.03408E+13,14.40203083,8.5,2.25
01-12-2011,49.65518764,7.096193477,2.962418845,7.9,0.25483871,19.0776,56.82733564,0.569342561,3.74716263,14.21581315,97.84546332,104.0073955,97.19107641,101.7316413,95.93238687,114.9632844,100.3643305,97.88736264,96.08478664,98.88235294,76.57041392,93.92034384,90.78204833,85.15297533,86.95409757,104.1578714,108.0509235,100.6375869,102.6720127,102.7690488,107.1282828,106.1826629,0.788854998,6.119556103,-3.942846699,1.162128128,15.34024568,36.21473542,-0.165243772,-3.352726126,-11.21239319,-7.797678526,-55.12980735,-95.77299706,-43.68564923,-48.47586318,-41.81277232,-71.11009842,19.23932782,15.08703194,9.273048425,10.45767727,9.592701955,4.580953603,107.9090476,1121.5,149.1107429,16.17143133,-9.611235463,21.02645083,109.102925,2.641344901,7.2172E+13,14.78598893,8.5,2.25
01-01-2012,49.83002985,5.758293397,2.925216712,27.3,0.880645161,17.4972,59.48657439,0.542802768,3.730380623,14.95425606,97.94797297,104.0073955,98.70786392,101.2027073,100.5758208,113.5165554,101.1389174,93.73579882,95.66410019,101.3544118,64.58918156,78.74498567,81.03199079,99.95703919,71.03292478,87.48736142,110.9485488,102.8268478,107.0920871,104.3230163,107.0181818,104.128272,-0.677968699,5.35962153,-3.484673133,0.933495694,18.45133907,34.62605415,-4.073446334,-11.58996595,-10.31152529,-5.834747462,-94.99913845,-141.1471431,-26.3374876,-21.69633557,-55.18446432,-87.8371497,18.02618238,11.10690977,13.55550021,11.62325997,7.862909824,2.511547538,111.1561905,1123.5,138.5577627,14.3527355,-14.86578419,13.82061715,107.4691042,0.961817881,7.17733E+13,13.73848459,8.5,2
01-02-2012,50.09229317,8.038941659,2.87109878,12.6,0.434482759,20.1722,52.37958478,0.49650519,4.154740484,18.18231834,98.61428571,103.9395498,99.23290574,101.6728708,102.3470275,112.5348465,98.64917379,95.32316145,93.72894249,99.72647059,81.55752587,69.77535817,86.76731876,113.3991292,88.17880317,63.79423503,110.491029,103.5794062,109.491556,104.3748152,103.880303,103.4826062,5.942342047,5.432109742,-4.032804539,1.51429801,15.50085469,31.34159371,-12.87527468,-8.665549243,-11.55863298,-8.013571795,7.428007438,-66.6640517,-2.24099014,40.36391,18.76931006,-84.6856846,16.95668066,7.045648214,18.09384307,11.06127738,6.853873887,3.992430719,119.702381,1146.25,139.3266597,14.10455804,-14.65832499,18.77567698,106.016819,4.19641991,7.25398E+13,13.04627191,8.5,2
01-03-2012,50.48568814,8.887415022,2.651398193,12.7,0.409677419,24.489,48.17927336,0.451937716,3.836574394,21.57882353,101.0232625,104.5501608,100.3996654,103.0833615,105.5064774,114.9632844,97.65327635,96.50350803,92.1724026,99.425,121.8801505,70.9226361,103.7275029,121.1564586,118.0528719,50.63503326,112.4736148,105.7002527,114.7956452,104.2712173,102.0085859,102.9543343,9.632540832,6.017858244,-0.579375896,4.907526752,13.84696743,35.1232318,-12.19919812,-5.457764615,-13.75170496,-6.684785984,61.17235751,-27.52894233,16.91386917,36.38223361,58.40884358,-48.29620785,19.63861021,9.783764299,24.28636738,14.22986892,6.868453879,2.833378321,124.9286364,1195.34,136.9057407,8.768059941,-3.808295808,20.32073032,113.5202925,-2.889615286,7.3592E+13,12.35154089,8.5,1.75
01-04-2012,51.18505698,9.802286242,2.302739811,50.2,1.673333333,28.2178,53.35179931,0.485743945,3.649619377,22.7100692,106.2,105.5,104.6,104.2,107.9,116.1,97.1,96.3,90.7,102.5,129.3,72.8,142.4,122.4,182,44.4,115.6,108.3,118.9,105.1,98.1,103.6,10.36459846,6.16701843,5.797893344,5.805460509,10.56563299,38.76015831,-12.01228097,-7.332273458,-17.48727328,-0.46948443,56.06511309,-11.68274694,46.564032,52.4791424,116.1853886,-71.50778841,21.15031215,11.99964753,22.94031442,14.56441669,5.241625913,3.107269548,120.4635,1233.61,154.3370378,-2.14064967,1.141369464,33.39296058,99.3,-1.271588433,7.52539E+13,12.37560115,8,1.25
01-05-2012,51.66587306,10.24104009,1.704253775,33.3,1.074193548,30.5943,52.66148789,0.486712803,4.269480969,23.97307958,106.7,106.3,105.4,104.2,105.5,127.5,99.7,96,90.8,107.4,138.3,72,155.9,108.3,202.4,39.7,115.2,109,121.9,105.4,99.6,104.6,11.10232823,5.496281491,7.629330703,4.381104084,5.496413969,48.52082455,-6.030213444,-6.299861039,-17.80451454,8.935930494,52.87133763,-8.490194262,47.61018849,33.82726011,119.0534902,-86.70069442,19.02658481,11.51076375,22.34080309,10.93615274,6.404914082,4.77170695,110.5217391,1125,161.1036607,-3.499729617,-8.932868994,39.66291589,105,4.309889478,7.56538E+13,12.57378551,8,0.75
01-06-2012,52.27782079,10.36638241,1.663993762,120.8,4.026666667,30.2876,60.5883391,0.537612457,5.196920415,20.88570934,109.3,106.8,104.4,107,107.2,130.7,101.6,96.6,92.1,109.7,144.8,80.1,186.5,132.2,216.4,40.8,115.1,107.1,121.1,106.2,106.4,103.2,12.1768543,5.628958283,5.902451488,7.44612033,7.768346759,47.57000311,-0.090700717,-4.475349881,-16.53792749,14.29905118,48.43773169,-12.70104223,59.22085119,35.9075248,114.3352982,-82.46276475,17.50887454,8.076256387,18.55810656,6.719342771,8.515411646,5.145858718,95.58904762,1027.74,152.7535049,-17.40127388,-14.8589093,4.509234231,102.3,-1.375990616,7.74485E+13,14.53027425,8,0.5
01-07-2012,53.06461074,9.705603211,1.408450704,255.2,8.232258065,28.1078,72.43217993,0.66816609,4.889930796,18.57750865,111.3,108.8,105.8,111,111.3,143.7,108.6,103.6,97.9,115.2,182.3,94.1,194.6,112.4,189.6,40.9,118.8,113.5,120.7,107.2,106.5,108,11.89362777,6.481281637,5.997406705,10.58512564,12.2482191,49.75518277,8.383829734,2.399711703,-4.940127746,20.14681493,63.18905779,-10.73839901,50.6667697,2.730514686,77.55201549,-75.35896953,18.71893326,12.50470483,16.05393065,6.773663457,10.08497516,7.559313861,103.1409091,1052.84,118.637756,-12.14517637,-11.69426267,-25.7292238,101.5,0.319852488,7.74947E+13,12.83707374,8,0
01-08-2012,53.72026903,10.48862907,1.692378998,264.4,8.529032258,27.0871,76.58847751,0.725813149,4.45266436,17.96366782,111.2,111,116,114,117.8,149.9,115.6,108.7,102.3,119.2,147.2,105.6,198,109.9,122.4,42.3,122.1,115.2,124.4,106.7,113.8,114.9,11.3380213,8.084761424,16.32001963,11.50161395,16.18913711,48.40148329,16.92794803,7.285673435,2.571701374,23.04925878,34.15749096,-18.97179442,44.53982834,-2.505681628,18.92015533,-71.34920363,16.69782578,12.76938483,17.73103384,6.461393782,17.05837176,13.57671413,113.34,1022.38,140.4088607,2.917292754,-16.47445852,-10.43562924,99.9,2.261435686,7.80303E+13,12.98299849,8,0
01-09-2012,54.20108511,9.779915205,1.991282081,196.7,6.556666667,26.825,75.81795848,0.752110727,3.836470588,18.29615917,111.3,111.6,119.4,116.1,117.3,148.9,118.6,108.4,102.3,119,107,104.5,189.4,110.4,111.8,40,121,116,122.2,107.5,117,118.3,9.637121769,8.09509423,20.40011993,13.09587757,19.76041882,39.67625307,15.81680013,6.687629948,1.272165164,20.42760776,-3.938013825,-25.11556877,37.29651212,-12.42477244,-11.75923706,-88.24839842,14.6189476,13.25920457,14.74188663,6.075497863,17.33846611,16.08411305,113.3825,1001.38,140.6771951,2.232672186,-12.72340188,-13.25218877,99,-0.424374786,7.79938E+13,12.54822791,8,-0.25
01-10-2012,54.59448008,10.01823671,2.162343599,59.4,1.916129032,25.2363,66.95017301,0.69899654,3.24567474,18.05318339,111,109.6,117.4,116.6,117.8,145.5,116.3,112.2,99.3,118.6,105.5,111.8,172.9,107.2,114.4,37.1,118.2,109.4,117.9,108.3,115.3,115.5,8.307937567,6.220828826,19.67417315,11.80932683,23.72865104,26.79936124,12.82555887,9.055050422,-4.009822656,18.12161269,-46.65842862,-7.593877339,30.91988591,-0.313612092,-15.69650941,-123.9555934,12.56988782,8.416511609,14.75651493,6.001013731,13.00644441,12.76070804,111.9734783,886,134.990423,2.262455287,-16.48159507,-17.50783622,103.7,7.934057539,7.90031E+13,12.31413014,8,-0.5
01-11-2012,54.81303284,9.903593339,1.764133846,29.7,0.99,21.869,61.49460208,0.63899654,3.394117647,15.5883045,112,109.4,120.7,116.3,117.9,146,114.4,113.5,97.5,118.1,111.4,145.2,171.1,103.2,110.5,33.2,118.5,110.2,120.2,108.5,110.9,116.3,10.61968416,5.578107264,23.0530932,12.06350633,23.81350467,23.18285314,13.03430928,15.29874747,-4.321786624,19.42013765,-41.32519226,22.24540971,39.77304076,4.44471599,-0.185021768,-132.2313125,11.65972389,9.896225407,17.81214372,5.98257289,5.642092046,11.28068735,109.7118182,863.18,138.4240248,-0.719544877,-25.45324685,-13.72607536,98.3,-3.062889707,7.97916E+13,12.60662354,8,-0.5
01-12-2012,54.90045395,10.56338028,1.741022369,11.5,0.370967742,19.2462,58.32564014,0.576851211,3.830276817,14.28615917,110.8,108.7,121.7,115.9,121.2,139.4,110.2,115.4,97.2,117.4,86.6,161.6,147.9,98.2,97.1,32,118.5,110.8,127.2,108,115.1,116.9,12.43374452,4.412978695,22.48800992,13.03893719,23.37984338,19.27346872,9.349002665,16.45868973,1.15397156,17.1656118,12.30890546,54.2677129,48.80748093,14.25568667,11.036101,-118.017184,9.231033085,9.620095959,21.42210858,4.964700122,7.177429444,9.615802262,109.6765,843.55,136.6175197,1.624640309,-28.48031769,-8.750407656,107.1,-1.852872571,8.03192E+13,10.69565367,8,-0.5
01-01-2013,54.98801448,10.351157,1.594864668,11.5,0.370967742,17.9398,55.05062284,0.531211073,3.773217993,15.40051903,113.2,108.7,121.6,116.7,123.4,134,109.1,116.9,96.5,119.8,88.3,190,142.3,103.2,87.4,33.7,116.2,111.1,127.4,108.7,116.6,113.9,14.47197161,4.412978695,20.85723513,14.24810311,20.4519233,16.5891111,7.576990143,22.08386944,0.869990894,16.72002837,31.26931789,88.08094705,56.30934803,3.19283675,20.73517838,-95.39965046,4.624627478,7.738421277,17.36426517,4.109978279,8.575053036,8.969734713,112.9736364,884.52,131.8173776,1.621815132,-23.91589666,-4.986983594,107.2,-0.250715488,8.11563E+13,12.28637683,7.75,-0.75
01-02-2013,55.3560031,10.50802349,1.97792351,39.3,1.403571429,20.7939,58.60723183,0.532318339,3.91650519,17.68301038,113.9,108.7,123.6,117.9,122.9,124.1,110.6,117.1,96.3,120.1,73.7,216.2,129.8,102.8,84.1,35.5,114.6,112.1,127.6,109.8,119.3,113.5,14.41047338,4.478231552,21.95808746,14.80762968,18.30017473,9.78247722,11.43502318,20.57554522,2.706129266,18.5893585,-10.1305811,113.0922993,40.27647655,-9.812835899,-4.736004031,-58.61301298,3.651347192,7.905280195,15.30529385,5.067211664,13.84020252,9.239929407,116.5195,919.58,136.4050222,-2.694986239,-22.03339795,-2.119268183,101.4,-4.45246603,8.17277E+13,11.92572459,7.75,-0.75
01-03-2013,55.3560031,9.646922008,1.473896213,16.2,0.522580645,24.8891,51.3000346,0.49532872,3.427301038,21.52394464,113.5,108.8,122.8,118.7,121.8,117.5,116.3,118.3,96.5,119.5,84.1,159.1,124.1,112.4,79.4,39.9,109.3,107.5,123.8,109.8,108.3,111.3,11.64520243,3.98443708,20.13981415,14.10613054,14.36080073,2.182552247,17.47498508,20.36444107,4.588224366,18.39127803,-37.10316221,80.79432847,17.93203964,-7.501881945,-39.66342229,-23.82673697,-2.862226363,1.688356411,7.551381047,5.166516538,5.984816918,7.794372489,109.24,891.5,129.7142914,-13.41953686,-29.32805054,-5.395839125,115.2,1.468813873,8.38202E+13,13.01380623,7.5,-1
01-04-2013,55.77656153,8.970400384,1.063085381,32.9,1.096666667,28.0778,52.32404844,0.483910035,3.700761246,23.29782007,114.7,110.7,120.1,120.4,121.4,118.8,118.1,120,96.2,126.1,106.9,145.2,148.9,115.3,86.3,54.1,105.8,108.1,124.3,110.3,107.4,110.2,7.699591533,4.81128868,13.81811775,14.45074036,11.78860064,2.298951822,19.57903479,22.0023424,5.887200055,20.72124444,-19.02414677,69.03961472,4.463494071,-5.97569428,-74.6177089,19.75947164,-8.858543681,-0.184842936,4.441519482,4.829164838,9.05728155,6.175956689,102.8754545,874.17,117.3172008,-15.78277251,-34.44252444,-27.42573834,102.6,3.269236169,8.49116E+13,12.07429858,7.5,-0.5
01-05-2013,56.19711996,8.770290001,1.361965059,61.5,1.983870968,30.8888,54.07121107,0.497024221,4.569653979,23.04359862,117.8,111.6,118.9,121.9,120.6,117,118.2,118.9,96.3,127.1,162.9,141.7,168.5,141.4,106.9,64.1,103.8,109.1,122.3,111.8,108.4,111.2,9.896711291,4.86557646,12.05201676,15.68889072,13.37683314,-8.59424298,17.0212428,21.39346122,5.88090332,16.84139961,16.37112769,67.70460277,7.772097373,26.66875995,-63.83521194,47.90931762,-10.42037775,0.091701061,0.327600621,5.894892461,8.466592441,6.118683019,103.0269565,879.47,123.6637102,-7.022156803,-24.62188613,-26.44821458,106,0.947874395,8.63168E+13,13.18569262,7.25,-0.75
01-06-2013,57.45879524,9.910463691,1.754416545,220.7,7.356666667,29.1089,67.53370242,0.637958478,4.943875433,20.04460208,122.2,112.5,121.9,124.9,126.1,113.6,117.7,119,95.2,130.6,186.1,190.8,176.9,170.7,170.8,64,103.7,107.5,116.4,112.6,116.3,110,11.15626516,5.199529512,15.4971361,15.46845827,16.23789943,-14.02211143,14.70954791,20.85447519,3.310499854,17.43898496,25.09306837,86.79499049,-5.284663792,25.55917024,-23.66352656,45.02010019,-10.42992005,0.372787011,-3.958411526,5.85176069,8.896748262,6.381151274,103.11,876.88,114.4471017,7.573813069,-15.87473428,-28.87128205,101.3,-0.98232617,8.74541E+13,12.15009993,7.25,-0.75
01-07-2013,58.3524819,9.964967403,1.960681612,310.3,10.00967742,27.6233,75.25923875,0.72183391,5.064844291,18.17197232,123.6,113.1,122.3,129.4,127.6,110,116.5,118,96.6,131.5,158.3,279,181.1,182.1,240.9,63.3,102.5,108.3,109,113.5,114,109.5,10.48212867,3.87610487,14.49265233,15.33781808,13.66711126,-26.72474273,7.021986551,13.01472946,-1.336780832,13.23371034,-14.11617148,108.6853735,-7.189680486,48.24920493,23.94653198,43.67552661,-14.75786084,-4.689768291,-10.19602459,5.710658828,6.805346325,1.379332213,107.716087,827.09,110.3313765,4.340283849,-24.13330376,-7.258643202,104.7,3.104031939,8.73901E+13,12.01729147,7.25,-0.75
01-08-2013,59.08845915,9.992857857,1.51836756,258.6,8.341935484,27.0838,76.87546713,0.746989619,4.222941176,18.63543253,128.2,114,123.1,132,126.5,107.9,116.7,113.9,96.3,132.2,184.8,441.3,170.8,198.4,275,60.9,102.4,107.4,105.2,114.4,113.5,107.8,14.22611627,2.666824708,5.940684208,14.66034742,7.125403695,-32.87635328,0.947058305,4.672907633,-6.044135415,10.35131728,22.74819529,143.0066545,-14.77737493,59.07143334,80.94767276,36.44460887,-17.59536685,-7.010956619,-16.763888,6.967992064,-0.263968477,-6.378452638,110.9645455,819.29,107.2257787,-2.118141077,-22.14504101,-26.96219073,104.3,4.310167635,8.7579E+13,11.54444871,7.25,-0.75
01-09-2013,59.7718666,10.27798887,1.184925262,153.8,5.126666667,27.3465,74.5516263,0.733114187,3.633010381,18.60813149,128.5,114.9,124.6,131.3,128.9,109.3,117.2,117.5,97.1,132.7,206.4,491,162.4,145.2,252.8,61.7,104.4,106.7,102.9,115.4,118.2,107.3,14.36996461,2.914113491,4.262940539,12.30328926,9.430215429,-30.91785445,-1.187460942,8.061024458,-5.216829766,10.89674482,65.69871991,154.7257056,-15.3798753,27.40019685,81.58871016,43.34044768,-14.75608701,-8.35690328,-17.19014039,7.091350651,1.020417017,-9.759512135,111.6214286,826.25,102.1392251,-1.565401459,-19.22369365,-32.01310348,105.7,6.548504274,8.83567E+13,12.47529206,7.5,-0.5
01-10-2013,60.35013444,10.54255733,0.963612705,126.8,4.090322581,25.7179,71.14965398,0.724083045,3.299688581,16.69051903,132.6,115.3,125.7,131,121.2,111,118.4,122.9,97.9,130.9,269.5,530.9,187.9,179.6,201.9,63.1,106.9,107.5,102.4,116.6,122.3,106.1,17.78068764,5.070005276,6.83112082,11.64480493,2.845380242,-27.06458853,1.789566293,9.108802348,-1.419902151,9.867718635,93.78574374,155.7862119,8.319651373,51.60359072,56.80714464,53.11037999,-10.04842869,-1.752004242,-14.09500949,7.384411991,5.893961542,-8.488848434,109.4786957,859.66,98.31309926,-2.253207194,-3.017998837,-31.70465591,105.7,1.910277764,8.94924E+13,12.4666725,7.75,-0.25
01-11-2013,61.13868149,11.54040986,1.237072205,14.2,0.473333333,21.8325,63.99512111,0.675017301,3.361868512,15.70429066,133.2,115.8,127.6,131.3,122.1,108.8,119,126.4,103.1,134.1,258.8,392.7,249.9,145.2,277.5,83.1,109.7,107.2,98.3,117.4,133.6,104.9,17.33528868,5.685367515,5.559224281,12.13117218,3.500357357,-29.40952873,3.942241417,10.76486448,5.584701302,12.70540671,84.29282351,99.49338592,37.88126569,34.14432493,92.08054122,91.74948259,-7.716359329,-2.760064808,-20.11329949,7.883673441,18.62213667,-10.31655441,108.0761905,904.05,99.7491109,-1.502064754,4.626142452,-32.76634749,101.9,3.596791308,9.14609E+13,13.64934321,7.75,-0.25
01-12-2013,60.19242503,9.639211883,1.50173562,6.9,0.222580645,18.8874,60.53487889,0.614775087,3.648788927,14.18906574,125.6,115.3,128.6,130.6,123,107.3,118.4,126.7,103.7,135.6,151,210.1,213.8,88.6,151.8,86.9,109.1,105.8,95.2,118.6,138.4,106.6,12.53754797,5.894563315,5.514781181,11.94114665,1.474228174,-26.17188487,7.177182573,9.341773325,6.473140377,14.41224681,55.59800212,26.24594618,36.85046289,-10.28743577,44.68224897,99.90221295,-8.264806774,-4.617625489,-28.97807091,9.362525944,18.43467275,-9.223535675,110.674,886.25,101.249743,0.905381938,4.937990079,-29.95950268,110.9,3.48659169,9.20638E+13,13.6472902,7.75,-0.25
01-01-2014,59.71929679,8.604206501,1.578947368,19.5,0.629032258,18.0975,60.86418685,0.571487889,3.747231834,14.59422145,122.7,114.5,130,131.1,120.1,103.6,118.1,126.5,105.7,136.4,79.5,163.3,155.6,80.6,105.9,81.6,108.1,106.1,91.2,118.6,137.9,100.7,8.058618595,5.198302887,6.679748092,11.63538515,-2.710638239,-25.73024701,7.926683036,7.892343969,9.106188453,12.97680597,-10.49830859,-15.14350722,8.935110665,-24.71702035,19.19999699,88.43314246,-7.225611977,-4.604865103,-33.42768461,8.716469244,16.77795109,-12.31750707,107.42,862.63,105.6652645,-5.04081005,-2.50592628,-22.11412467,112.3,4.647761311,9.29362E+13,13.55373578,8,0.25
01-02-2014,59.71929679,7.882241216,1.12634925,27.3,0.975,19.938,57.23678201,0.531557093,3.973979239,17.6616609,122.2,115.1,128.8,132.3,118.9,101.7,118.4,129.3,108.5,136.6,79.6,133.1,144.3,79,86.8,77.9,105.8,105.8,90.1,120.9,133.3,103,7.033817628,5.72095216,4.121026865,11.52352636,-3.308821288,-19.90603892,6.814863336,9.910701517,11.92818542,12.87322181,7.701129366,-48.51031798,10.58996615,-26.33375006,3.160005469,78.58932564,-7.989728486,-5.784081065,-34.79802063,9.630322855,11.09608981,-9.707384869,108.81,904.34,105.6094279,-6.845539901,-1.671164819,-25.58809177,106.7,5.094806715,9.3615E+13,13.57978976,8,0.25
01-03-2014,60.03471562,8.452041785,1.512202876,37.7,1.216129032,23.8917,55.29733564,0.524359862,3.592768166,21.09934256,122.9,116.4,127.5,132.6,121,103.5,119,132.6,108.3,140.8,82.1,126.8,158.3,88.6,79,82.2,107.4,107.4,92,121.6,121.9,106.8,7.956817965,6.752120088,3.755934889,11.07377761,-0.658980968,-12.68667209,2.295043359,11.41133068,11.53621457,16.40240724,-2.406855052,-22.69218933,24.34042747,-23.79320798,-0.505051579,72.27789782,-1.753621311,-0.093066549,-29.68787832,10.20764405,11.82958825,-4.127133176,107.4,953.81,102.598598,-1.698711453,6.755905288,-23.45100061,118.5,2.824321231,9.45832E+13,12.08056954,8,0.5
01-04-2014,60.50784385,8.482563619,1.952857899,23.7,0.79,28.2547,50.06155709,0.475882353,3.638961938,23.52543253,123.1,118.2,123.5,133.7,119.2,102.8,120.6,135.5,109.7,143.3,102.4,130.7,188.9,86.3,83,78.7,105.8,106.9,91,120.9,113.2,111.1,7.067700906,6.555426526,2.791642698,10.47789512,-1.828812399,-14.46560539,2.094756109,12.14798975,13.13200096,12.78650919,-4.300710543,-10.52074818,23.79428348,-28.97078292,-3.898899029,37.48089696,0,-1.116290661,-31.1838492,9.175983136,5.259598369,0.813379993,107.79,926.63,94.90837908,4.666581238,5.827948414,-21.19693892,106.6,3.8245579,9.69555E+13,13.2641395,8,0.5
01-05-2014,60.87583247,8.325537886,2.12711155,75.2,2.425806452,30.0059,54.41017301,0.509757785,4.132768166,23.5183045,126.3,118,120.9,136,118.3,103.1,121,137.8,115.1,145.5,101.1,139.5,224,99.2,104.9,86.4,106.7,106.6,91.5,123.4,115.2,109.2,6.967175814,5.576357452,1.668095392,10.94538492,-1.925551331,-12.64745438,2.341244062,14.75205549,17.83329969,13.52019084,-47.70263896,-1.564754544,28.47103021,-35.44547392,-1.888630263,29.85433119,2.755518758,-2.318138111,-29.01380704,9.871955075,6.084165926,-1.814931851,109.68,898.42,96.03112235,6.257636746,2.131821167,-25.28935372,111,4.60911072,9.7021E+13,11.69025442,8,0.75
01-06-2014,61.3489607,6.770356816,2.072341373,93,3.1,30.6739,60.10657439,0.54916955,4.993910035,21.95916955,129.7,117.5,120.4,137.2,119.8,99.6,120.1,136.8,116.5,146.2,108.3,185,248.5,120.6,155.7,85,105.9,105.1,90.5,124.8,119.9,109.9,5.956504458,4.348511194,-1.238150361,9.392629816,-5.125155729,-13.15213417,2.018571482,13.93965121,20.19113312,11.28363305,-54.13790096,-3.086993394,33.98582444,-34.74283455,-9.256220251,28.37681731,2.099313737,-2.257856968,-25.16826846,10.28707402,3.048500251,-0.090950438,111.87,861.88,99.49879506,8.154110333,-1.725410307,-13.99671883,109.7,7.966295603,9.75385E+13,10.91327682,8,0.75
01-07-2014,62.66320579,7.387387387,1.992328636,265.5,8.564516129,28.3767,71.23771626,0.663875433,5.033910035,18.78851211,136.3,117.9,121.9,139.6,124.6,97.8,122.2,142.5,122.3,147.9,248.3,243.4,265.9,154.1,212.1,95.2,106.7,104.8,92.1,125.2,116.8,109.8,9.780779368,4.156442442,-0.327600621,7.587280826,-2.379176456,-11.75557888,4.776777373,18.86573752,23.58983015,11.75295181,45.01457256,-13.65056013,38.40709334,-16.69542444,-12.73240481,40.80946126,4.015835973,-3.285138212,-16.8472939,9.810962174,2.4264622,0.273597982,106.98,853.69,100.4839511,-0.685704012,3.165461404,-9.349032691,110.4,5.301101597,9.84324E+13,11.89877597,8,0.75
01-08-2014,63.24147363,7.028469751,1.699611334,233.7,7.538709677,27.6581,75.29377163,0.718685121,4.300346021,18.73069204,138.5,118.1,122.5,140.5,121.7,100.4,126.8,142.2,127,150.2,325.1,232,289.9,137.8,196.1,104.8,106.7,103.9,93.2,126.5,117.2,109.3,7.727878114,3.533327481,-0.488600321,6.240556619,-3.868330817,-7.204266501,8.300450271,22.19136469,27.67187677,12.76518119,56.48586681,-64.29875446,52.90427546,-36.44818363,-33.81463645,54.28205972,4.11344457,-3.313128397,-12.11155786,10.05412292,3.207904022,1.381873671,101.92,778.69,101.4351441,-8.502254815,-5.082509095,-5.551707314,108,3.485986512,9.90356E+13,12.29371767,8,0.75
01-09-2014,63.13633402,5.628847845,1.657918676,189.6,6.32,27.022,75.16972318,0.734602076,3.802491349,18.78747405,136,117.2,121.8,140.5,117.4,100.2,126.5,141.2,128,152.6,213.9,206.1,310.7,140.9,182,107.3,107.7,101.2,95.1,126.6,124.9,107.3,5.67259814,1.981969229,-2.272825108,6.772270747,-9.345000255,-8.692820653,7.636043102,18.37389915,27.62888886,13.97291775,3.569258248,-86.80826399,64.87653887,-3.006168349,-32.85919752,55.33447187,3.111990871,-5.292240145,-7.882867329,9.262815564,5.513531216,0,97.34,760.75,102.786834,-13.69030394,-8.259260239,0.632043654,110.2,4.169200384,9.9268E+13,11.64414093,8,0.5
01-10-2014,63.13633402,4.616724739,1.664340216,61.9,1.996774194,25.9676,67.44723183,0.683252595,2.99083045,17.6617301,134.8,116.3,122.3,140,114.2,100.8,126.3,144.6,124.3,152.1,168.4,201.8,315.4,119.4,173.8,101.3,107.8,101.5,94.2,127,124.5,105.5,1.645512073,0.863563225,-2.74210729,6.644509941,-5.949077641,-9.639184568,6.459130691,16.26002932,23.8751449,15.01045263,-47.02262885,-96.72965717,51.79317681,-40.82529549,-14.98673125,47.33656417,0.838384044,-5.743204909,-8.346653102,8.543781254,1.782867321,-0.56710927,87.27,764.4,103.5271458,-22.67232089,-11.74457499,5.16765803,106,0.283420124,1.01151E+14,12.24571725,8,0.25
01-11-2014,63.13633402,3.267411866,1.322355182,16,0.533333333,22.5918,59.75442907,0.628685121,3.427577855,15.45117647,134.5,115.3,123.7,138,113,100.5,127.7,148.5,124,153.9,139.1,204.4,320.2,135.3,157.4,94.5,109.3,99.2,93.3,128.5,134.3,105.3,0.971244094,-0.432713786,-3.104109151,4.976890385,-7.74525624,-7.935360692,7.056026993,16.11334765,18.45821746,13.77172506,-62.08624637,-65.29671033,24.78849627,-7.061756721,-56.70305972,12.85551326,-0.36529721,-7.755823435,-5.22039193,9.034199694,0.522584243,0.380590374,78.44,764.75,103.3496933,-32.05024444,-16.73356856,3.546017576,109.4,7.101894976,1.02131E+14,11.03420893,8,0.25
01-12-2014,62.7683454,4.279475983,0.75649327,12.8,0.412903226,18.6218,57.15532872,0.57650519,3.731937716,13.66041522,131,114.2,125.8,134.6,113.7,102.6,128.2,153.9,124.7,157.5,147.2,208.7,201.1,132.3,171.3,93.1,113.2,98.3,93.8,129,137.1,102.6,4.209506917,-0.958613005,-2.201346754,3.016820037,-7.862095462,-4.47907169,7.952282204,19.44809535,18.44087375,14.97160828,-2.548763052,-0.668579377,-6.123870181,40.09402135,12.08525404,6.891615201,3.689127293,-7.352649227,-1.481508579,8.40559178,-0.943745662,-3.8245579,62.33,719.64,101.7810406,-57.41460923,-20.82479909,0.523367782,115.3,3.890853292,1.02502E+14,10.73983714,8,0.25
01-01-2015,62.8209152,5.193661972,-0.089348313,16.8,0.541935484,17.9858,60.17141869,0.561799308,3.577058824,14.54093426,130.1,114.5,126.3,133.5,118.6,107.5,134.3,159.1,131.6,166.8,131.3,193.5,137.5,122.9,174.3,99.4,116.8,102.6,97.6,129.2,131.3,102.5,5.85610338,0,-2.88744211,1.814108707,-1.256824252,3.695351774,12.85443803,22.92906272,21.9162126,20.12037445,50.17277596,16.96885125,-12.36646946,42.18723671,49.82826999,19.73228517,7.740634575,-3.354411288,6.782259634,8.560510478,-4.904400349,1.771699885,48.07,719.64,101.3621894,-80.40881026,-18.12347752,-4.157607918,114.3,1.765270906,1.03406E+14,10.67503846,7.75,-0.25
01-02-2015,62.92605481,5.36971831,-0.025129802,22.7,0.810714286,21.2186,55.39446367,0.517370242,3.618235294,18.12058824,129.1,113.9,125.9,134.1,119.3,109.4,139.1,155.7,132.1,166.2,119.2,198,116.2,109.7,151.5,105.2,114.3,102.1,98.6,129.1,120.1,99.6,5.492825112,-1.048044527,-2.277287262,1.351371917,0.335852541,7.298358693,16.11243765,18.57957931,19.68090385,19.61349353,40.37886618,39.71663053,-21.65816214,32.83015148,55.69790033,30.04373474,7.727605138,-3.559779425,9.015109699,6.562354023,-10.42774981,-3.356682364,57.93,723.04,101.6990527,-63.03678569,-22.37408502,-3.772965859,109.9,2.95497031,1.04156E+14,10.66978149,7.75,-0.25
01-03-2015,63.18890383,5.253940455,-0.073637391,61.7,1.990322581,24.0652,57.22788927,0.538650519,3.553806228,20.66961938,128.7,112.8,125.9,132,122.4,110.9,144.8,150.7,133.7,164.9,122.7,185,109.2,109.9,126.5,98.5,112.4,100,103,129.2,118.4,95.5,4.611309803,-3.141619623,-1.262842355,-0.453515517,1.150382448,6.905728165,19.62299868,12.79540279,21.06933301,15.79987858,40.18043353,37.77447831,-37.13109036,21.54390038,47.07944557,18.09012461,4.550375538,-7.138999609,11.29404112,6.062462182,-2.913231404,-11.1831679,55.79,698.86,100.8843097,-65.49655402,-31.10140541,-1.684985576,121.3,2.335385537,1.05757E+14,11.16615638,7.5,-0.5
01-04-2015,63.45175284,4.865334492,-0.199517446,69.8,2.326666667,27.6559,57.07086505,0.545432526,3.513529412,22.65384083,130.7,113.2,125.1,132.6,121.4,115.3,148.4,151.4,138.8,165.1,166.7,171.8,100.5,105.8,130.8,85.6,113.1,98.9,104.3,129.7,113.5,96.7,5.990758744,-4.32219392,1.28722614,-0.826140636,1.828812399,11.47520743,20.74320464,11.09537007,23.52846808,14.16110161,48.73090772,27.34263889,-63.1060047,20.37209213,45.48288312,8.404212772,6.67218637,-7.77845794,13.64118555,7.02603337,0.264667115,-13.88172942,59.39,682.75,95.15832025,-59.60590278,-30.54255885,0.263003795,107.3,0.65451379,1.07531E+14,10.35263238,7.5,-0.5
01-05-2015,63.92488108,5.008635579,-0.039932745,54.1,1.74516129,30.6943,54.80657439,0.522768166,4.113737024,23.49228374,131.9,113.1,124.1,134.2,118.9,126.4,157.3,155.7,149.7,177,168.7,179.9,105.5,124.4,132.6,91,117.6,98,107,130.2,119.8,94.3,4.338403037,-4.241224134,2.612393459,-1.33236612,0.505903271,20.37520907,26.23642645,12.21277203,26.28319757,19.5973646,51.20118635,25.43365397,-75.29350989,22.6364166,23.43295623,5.187183071,9.726787716,-8.411603306,15.64898622,5.36406183,3.915393742,-14.66998737,64.56,697.35,95.40725273,-52.99720113,-25.33502282,-0.651773008,113,1.78576174,1.08041E+14,10.75803119,7.5,-0.5
01-06-2015,64.66085832,5.398457584,0.123771204,188.4,6.28,29.3,65.05910035,0.609273356,4.863460208,20.36733564,133.6,113.1,122.3,133.6,118.3,135,173.7,170.2,160.4,186.3,196,204.2,118.4,127.1,163.4,112.1,123.5,97,109.8,130.4,129.9,89.9,2.962616978,-3.816595046,1.565750982,-2.658945419,-1.25999147,30.41126138,36.90049442,21.8454211,31.97794224,24.23827303,59.32095052,9.874408065,-74.13741231,5.24948939,4.827010359,27.67400736,15.37459035,-8.020129938,19.33106784,4.389419356,8.010686164,-20.08729199,62.34,705.91,100.1885933,-58.47342085,-19.96282992,0.690880863,110.8,0.997740703,1.09479E+14,11.54894369,7.25,-0.75
01-07-2015,64.97627715,3.691275168,0.16956978,240.1,7.74516129,28.3823,71.7132872,0.694775087,4.893771626,19.31968858,133.8,113.2,124.8,133.4,119.9,137.9,174.8,165.3,162.8,188.4,164.1,275.5,130.6,107.4,170.4,130.4,125.5,98,111.4,130.3,126.1,85.9,-1.851219101,-4.068064177,2.351141945,-4.542905685,-3.845054432,34.36042078,35.79834165,14.84200051,28.60454109,24.20309924,-41.41616944,12.3881448,-71.09810814,-36.10415603,-21.89092472,31.46267077,16.22846003,-6.708629322,19.02523842,3.992702546,7.661217258,-24.54767001,55.87,680,99.8091767,-64.96143376,-22.74753321,-0.673789426,111.8,1.260142688,1.09432E+14,10.59347753,7.25,-0.75
01-08-2015,65.60711479,3.740648379,0.195079293,199.8,6.44516129,27.6763,75.49128028,0.723598616,4.176989619,18.86560554,135.9,113.6,126.1,133.9,120.4,142.3,185.5,164.8,167.7,195.6,149.3,440.2,132,122,194.9,143.9,124.7,95.9,112.9,130.3,122.1,88.2,-1.895100447,-3.884821692,2.896421299,-4.811423608,-1.073946712,34.87752978,38.044384,14.74981001,27.79895824,26.41040183,-77.81751228,64.04917974,-78.67341133,-12.17823138,-0.613812669,31.7064842,15.58896944,-8.012291622,19.17547495,2.959717596,4.095850397,-21.44894322,46.99,601.38,98.43518872,-77.42533787,-25.83860063,-3.002127072,112,3.636764417,1.10139E+14,10.62617856,7.25,-0.75
01-09-2015,65.92253361,4.412989176,-0.036129748,129.9,4.33,27.6759,72.00764706,0.710138408,3.612698962,19.32574394,136.2,114.2,126.2,135.2,121.9,146.3,196.9,167.5,171.8,195.1,164.4,460.3,131.2,101.6,182.1,143.2,127.1,96.9,113.5,130.3,122,90.4,0.146950798,-2.593057992,3.548759483,-3.845232516,3.761412909,37.84911194,44.24536775,17.08060262,29.43007456,24.56921288,-26.32061335,80.35169629,-86.21049399,-32.70068838,0.054929966,28.86136049,16.5624594,-4.341923796,17.68738674,2.880697442,-2.34923724,-17.13843822,47.24,599.5,99.6065203,-72.29690131,-23.82088143,-3.142964336,112.6,2.154481899,1.10246E+14,10.48925618,6.75,-1.25
01-10-2015,66.29052223,4.995836803,0.170574436,41.3,1.332258065,26.4847,63.55363322,0.659273356,2.852283737,18.03429066,137.8,115.1,128.5,135.8,123.5,153,219,173.5,196.9,197,220.9,369.4,138.2,125.4,174.3,134.1,135.2,97.3,112.2,130.3,124.4,92.9,2.20111601,-1.03717438,4.945186164,-3.045920748,7.828985885,41.72995658,55.04117005,18.22062897,45.99979871,25.86655295,27.13680086,60.46029598,-82.51397632,4.902942724,0.287273969,28.0499379,22.64775051,-4.225980929,17.48628115,2.565239767,-0.08035356,-12.71873071,48.12,636.67,95.46877238,-59.53088701,-18.28397444,-8.103465336,115.5,8.583143585,1.116E+14,9.831355487,6.75,-1.25
01-11-2015,66.55337125,5.412156536,0.501797579,39.6,1.32,23.0356,60.89128028,0.605224913,3.417474048,14.64131488,138.6,114.5,129.9,135.6,126.6,154.8,217.1,178.1,204.7,198.8,293.9,269.9,152.2,110.8,149.1,151,135,98.6,107.2,130.3,129.7,93.7,3.002788771,-0.696260428,4.890564428,-1.754430965,11.3644691,43.19762337,53.06743138,18.17602321,50.12639271,25.59962534,74.80464745,27.79726617,-74.37503551,-19.97677609,-5.417311421,46.86800023,21.11783833,-0.606675268,13.88761408,1.39105798,-3.485201221,-11.67152299,44.42,608.21,96.55748795,-56.86441829,-22.9028766,-6.797975718,110.3,0.819303627,1.12528E+14,9.694956647,6.75,-1.25
01-12-2015,66.29052223,5.611390285,0.729519786,15.9,0.512903226,19.4948,55.71449827,0.548304498,3.47283737,13.84896194,137.5,115.4,131.9,135.4,129.2,153.8,222.8,168.8,203.4,195.5,211.3,209.5,137.2,157.9,134.6,176.4,130.3,100.5,108.8,130.4,136.1,96.7,4.842659391,1.045305685,4.735071546,0.592594327,12.77981906,40.48151243,55.26829636,9.241154132,48.92636309,21.61349212,36.14867183,0.382592528,-38.23625815,17.68898501,-24.11089881,63.90799593,14.06833184,2.213370035,14.83464784,1.079424513,-0.732067691,-5.922453028,37.72,607.38,96.24798509,-50.22523931,-16.95964621,-5.589580651,118.9,3.074537642,1.13384E+14,10.08972318,6.75,-1.25
01-01-2016,66.39566184,5.690376569,1.373086814,7.8,0.251612903,18.8581,53.39522491,0.509723183,3.32083045,14.72145329,136.1,115.6,134.1,135.8,133.8,149.5,215.8,167.1,206.1,190.5,144.8,184.3,123,157,142.6,167,124.3,100.8,110,131.1,139.5,102.1,4.508652414,0.956113324,5.992576093,1.708173728,12.05896611,32.98055453,47.42759493,4.905950026,44.8594469,13.28567046,9.786869864,-4.871264779,-11.14395617,24.48747888,-20.07344445,51.88416988,6.223492812,-1.76995771,11.96028724,1.459879942,6.057981995,-0.391007341,30.8,611.63,90.31730942,-44.51435919,-16.26235624,-11.5371006,118.9,3.94562329,1.14433E+14,10.1321253,6.75,-1
01-02-2016,66.23795243,5.263157895,1.01779978,10.2,0.351724138,21.9876,50.75602076,0.478304498,3.604048443,18.00179931,133.2,116.1,134.1,135.3,135.9,145.8,205.5,161,199.3,184,103.6,144.9,127.6,106.5,114.3,153.6,119.7,99.9,109.8,131.3,127.9,104.8,3.126446025,1.913101825,6.309784924,0.890874489,13.02779921,28.72249296,39.0252935,3.347328614,41.12520157,10.17438752,-14.02654248,-31.22231814,9.358752649,-2.960438213,-28.17590541,37.84885204,4.616204176,-2.178303952,10.75892675,1.689748346,6.29239795,5.08916073,33.2,679.17,80.30048804,-55.66855092,-6.259308125,-23.62422893,117.8,6.941740981,1.15808E+14,10.604229,6.75,-1
01-03-2016,66.23795243,4.825291181,0.852536221,30.9,0.996774194,25.7622,51.75788927,0.475536332,3.463114187,20.62200692,133.4,117.1,134.1,135.2,135.8,143.8,201.2,158.7,198.2,182.3,99.4,133.2,133.2,130.2,115.2,120.7,117.6,99.7,112.2,131.7,124.7,107.3,3.586801888,3.741193154,6.309784924,2.395324102,10.3888845,25.97945509,32.89459583,5.17245219,39.36781378,10.03144521,-21.05902381,-32.8504067,19.86706948,16.95008684,-9.357255991,20.32515799,4.5225098,-0.300450902,8.555400486,1.91650174,5.184213024,11.65024021,39.07,715.95,81.99744177,-35.62397328,2.415989607,-20.72863628,127.6,5.063355496,1.16335E+14,9.533575274,6.75,-0.75
01-04-2016,66.92135988,5.468102734,1.125110419,31.2,1.04,29.4831,50.14086505,0.456643599,4.124740484,23.16093426,137.8,120,132.9,136.3,135.2,159.1,217.5,162.2,213,186.8,142.7,123.5,167.7,128.8,113.6,103.7,120.4,101.4,118.7,131.9,117.4,115,5.289873795,5.833557701,6.048354825,2.752126095,10.7664285,32.19955081,38.22875198,6.890480068,42.82581176,12.34871749,-15.54512653,-33.00898535,51.20189413,19.67102942,-14.09859327,19.18168321,6.254714975,2.496385253,12.93279396,1.68199684,3.378407047,17.33187259,42.25,775,81.36309727,-34.05215082,12.6734269,-15.66202137,113.7,5.793475112,1.19998E+14,10.96944752,6.5,-1
01-05-2016,67.60476732,5.756578947,1.019322554,67.7,2.183870968,30.6623,55.27401384,0.518062284,4.283910035,22.84183391,140.9,121.4,134.5,139.1,135.2,172.8,216.8,161.9,231,190.2,179,117.4,194.1,133.8,162.2,122.5,120.4,102,121.3,132.1,133,116.1,6.600635918,7.08184955,8.047650683,3.586187439,12.84723599,31.26833747,32.08204595,3.904778184,43.37844191,7.192641754,5.926381629,-42.68142336,60.96625373,7.284396739,20.14930639,29.72515235,2.353049741,4.000533461,12.54379815,1.448748175,10.45254425,20.79706991,47.13,753.42,81.08696509,-31.4685283,7.733540442,-16.26323783,121.3,7.087899724,1.19014E+14,9.673158002,6.5,-1
01-06-2016,68.39331437,5.772357724,0.997326495,147.6,4.92,30.0489,64.46114187,0.596816609,4.488719723,20.16543253,144,122.9,136.5,142.2,136.6,188.5,217.2,155.4,247.6,191,209.4,123.5,214.3,158,230.3,141.5,120.4,101.8,123,133.4,135.5,116.7,7.496303847,8.309863345,10.98475719,6.238425627,14.38331762,33.38232284,22.34889148,-9.097177821,43.41438454,2.491515044,6.613163921,-50.28587497,59.330818,21.76208548,34.31816244,23.2908387,-2.542162319,4.829912561,11.35238263,2.274548399,4.220671664,26.09085978,48.48,718.18,72.54103879,-25.14519326,1.723248339,-32.29018888,119.7,7.726183825,1.19157E+14,8.470227459,6.5,-0.75
01-07-2016,68.91901241,6.067961165,0.82713887,308.4,9.948387097,27.7954,75.266609,0.723079585,4.636851211,17.58,144.5,124.3,137.9,144.2,142.2,227.1,215.1,150.4,243.7,190.7,147.5,129.5,230.4,164.7,284.2,151.7,128.1,102.4,124.9,134.2,139.4,119.6,7.693335986,9.354183275,9.981632886,7.784909137,17.05764553,49.88616643,20.74605731,-9.446359331,40.34155071,1.213415046,-10.66478223,-75.49067475,56.7677712,42.75654551,51.15296013,15.12982369,2.050545033,4.391923393,11.43860896,2.949174041,10.02722554,33.09690125,45.07,678.16,76.65463031,-21.48107268,-0.270954987,-26.3950118,116.8,4.375150967,1.20585E+14,9.705197503,6.5,-0.75
01-08-2016,68.91901241,5.048076923,1.062874503,239.7,7.732258065,27.5311,77.44508651,0.754878893,4.389411765,18.38916955,142.6,125,139.1,144.6,139.3,225.7,195,143.5,229.3,185.6,114.9,117,235.5,162.9,200.2,178.7,128.4,102.7,127,134.4,133.2,120.7,4.812418682,9.563023102,9.811785596,7.687805703,14.58103479,46.12691787,4.994467652,-13.83975823,31.2854521,-5.247793725,-26.18955197,-132.5055234,57.89089909,28.91154709,2.683026037,21.65898083,2.923953857,6.850613505,11.76846153,3.098094396,8.701137699,31.37011651,46.14,771.02,72.69475674,-1.825456037,24.84872993,-30.31290891,116.5,3.939240171,1.21338E+14,9.683756445,6.5,-0.75
01-09-2016,68.8138728,4.385964912,1.463783647,169.8,5.66,27.2824,74.96782007,0.73384083,3.746989619,18.05688581,141.9,125.9,140,144.7,139.8,227.4,184.6,134.7,211.6,182,116.6,107.8,229.8,138.6,159.2,180.1,131.3,103.8,123.3,134.6,133.2,121.9,4.099819045,9.753664383,10.37744725,6.790747003,13.70117933,44.10512733,-6.450466358,-21.79332678,20.83666904,-6.950556055,-34.35532087,-145.1600792,56.04864889,31.05485516,-13.43947133,22.92699977,3.251060311,6.878645184,8.281757325,3.246793308,8.783071337,29.89567691,46.19,797.85,73.05125869,-2.247766689,28.58246354,-31.00662588,118.2,4.853638927,1.22289E+14,10.36720127,6.5,-0.25
01-10-2016,69.07672182,4.203013481,1.635987521,54.8,1.767741935,25.9806,65.58532872,0.692352941,3.199792388,17.90356401,141.9,126.7,140.8,145.1,138.6,262.3,182.4,131.6,199,179.2,132.3,104.3,214.7,130,152.5,174.3,128.1,105.4,118.3,134.8,133.7,124,2.931922559,9.60207716,9.141153939,6.623994477,11.53509307,53.90509655,-18.28696522,-27.64105805,1.060883908,-9.47012282,-51.26380393,-126.4608706,44.05397936,3.602582226,-13.36133565,26.21921622,-5.394395471,7.996364692,5.29407779,3.395271435,7.20963038,28.87579198,49.73,749.75,72.96639047,3.291048162,16.34883497,-26.88002726,120.3,4.071809302,1.23932E+14,10.48047718,6.25,-0.5
01-11-2016,68.97158221,3.633491311,1.692537163,7.4,0.246666667,22.3218,58.20121107,0.62100346,3.311211073,16.00948097,142,127.3,147.9,145,137.7,278.9,178.9,127.4,188.4,176.8,114.4,120.6,201.8,96.1,145.9,171.8,128.7,106.7,114.8,134.7,135.5,124.6,2.423497085,10.59716826,12.9771446,6.702436691,8.404489602,58.87193335,-19.35310864,-33.50134472,-8.297813052,-11.7280144,-94.35384945,-80.55722357,28.20816625,-14.23374583,-2.169576624,12.90511727,-4.779066384,7.89498967,6.849523525,3.321059929,4.3747549,28.50104171,46.44,766.93,74.51043954,4.447133836,23.18753155,-25.91993174,115.9,4.952382409,1.23768E+14,9.520285543,6.25,-0.5
01-12-2016,68.55102378,3.40999207,2.074622133,8.1,0.261290323,19.8519,55.72484429,0.564359862,3.550380623,14.60262976,137.6,127.7,152.3,144.2,134,270.3,166,122.7,178.4,169.6,95.3,122.2,128.5,78.6,98.7,171.9,127.6,107.8,115.1,135,138,123.3,0.072700839,10.1279409,14.38082002,6.296786437,3.64782086,56.38793962,-29.42867197,-31.89722304,-13.11462635,-14.21176561,-79.6249114,-53.90646926,-6.551081096,-69.75902218,-31.02224708,-2.584123118,-2.093911322,7.011993098,5.628998131,3.466812895,1.38637755,24.30070077,54.07,811.38,75.02915253,36.00890456,28.95818769,-24.90513003,121.7,2.32761963,1.20449E+14,6.045304486,6.25,-0.5
01-01-2017,68.49845398,3.167062549,2.500042209,27,0.870967742,18.4447,58.44044983,0.529134948,3.701314879,14.70955017,136.5,128,151.3,143.8,134.6,235.9,140.7,119.7,167.6,161.1,91.4,117.8,102.5,94.4,83.5,181.4,125.8,108.1,114,135,132,128.1,0.293470497,10.18943077,12.06788305,5.724023016,0.596126952,45.61115936,-42.77220887,-33.3603823,-20.67812998,-16.76269044,-46.01080015,-44.75765935,-18.23215568,-50.87047322,-53.51968761,8.271072526,1.199534575,6.991836901,3.57180826,2.931438767,-5.526267868,22.68584837,54.89,825,76.79330702,57.78164926,29.92558618,-16.22116418,123.1,3.471422949,1.21561E+14,6.043097238,6.25,-0.5
01-02-2017,68.65616339,3.650793651,2.737958171,12.5,0.446428571,21.5453,51.9849481,0.497612457,3.699204152,18.58415225,136.6,128,149.3,146.4,135.6,200.4,133.1,116.9,158.1,156.2,110.1,114.5,96.8,99.6,78.2,160.9,120.1,106.2,114.5,135.4,129.3,130.4,2.520518903,9.757837522,10.73719143,7.884806635,-0.220994565,31.80795496,-43.43453085,-32.00854965,-23.1583483,-16.37985202,6.08517139,-23.54690263,-27.62533766,-6.698282056,-37.95569232,4.643123328,0.333611652,6.115442315,4.191429392,3.074857917,1.088657719,21.85528776,55.49,808.61,76.7535838,51.36529484,17.44452598,-4.517561883,119.2,1.181448341,1.23083E+14,6.092659325,6.25,-0.5
01-03-2017,68.761303,3.80952381,2.380612433,29.3,0.94516129,24.6965,53.20871972,0.49100346,3.715743945,20.73297578,137.6,127.3,142.9,147.7,135.2,181.9,126,115.4,151.1,154,126.1,110.6,91.1,124,90,119.7,117.6,105.4,118.7,136.5,132.8,130.7,3.099879202,8.351823496,6.355929465,8.842802593,-0.442805152,23.50336402,-46.80175313,-31.86112735,-27.13347526,-16.87010793,23.79231293,-18.5931669,-37.98939538,-4.879016417,-24.68600779,-0.831951554,0,5.559695914,5.631630853,3.579800588,6.293338436,19.7275971,51.97,778.7,76.44786976,28.531172,8.401553046,-7.007898135,133.2,4.29513872,1.28444E+14,9.901452329,6.25,-0.5
01-04-2017,68.91901241,2.985074627,2.199689878,44.1,1.47,29.1154,51.22750865,0.478096886,4.112871972,23.17273356,138.6,127.2,141,147.6,135.5,183.4,127.2,120.8,149.5,155.3,118.8,107.9,99.5,130.6,117.4,96.1,118.1,103,119,137.7,125.3,129.8,0.578872818,5.826890812,5.916292466,7.964757346,0.221647671,14.21366245,-53.64381996,-29.46938562,-35.39957729,-18.46797956,-18.33031176,-13.50362838,-52.20190247,1.387840317,3.290340111,-7.611279926,-1.928780967,1.565589707,0.25241915,4.303334601,6.512395451,12.10626759,52.98,752.06,73.74138826,22.631013,-3.004692135,-9.835760067,117.3,3.11713549,1.26829E+14,5.536389589,6.25,-0.25
01-05-2017,69.07672182,2.177293935,1.874877721,55.6,1.793548387,30.8486,55.26249135,0.516020761,3.886608997,22.78415225,137.9,126.9,137.5,148,134.2,179.3,121.6,120.1,145.7,148.5,98.6,102.3,109,137.2,153.9,89.8,117.9,102.6,117.5,138.5,130.7,130.5,-2.152163411,4.430849609,2.205971806,6.201917483,-0.742393907,3.692552424,-57.82383,-29.86541316,-46.08679973,-24.74911919,-59.63145442,-13.76772344,-57.70256079,2.50935676,-5.252710084,-31.05260547,-2.098272533,0.586511945,-3.182848237,4.73111141,-1.744450759,11.69213381,50.87,762.75,68.50559852,7.63636179,1.230748237,-16.86067495,124.8,2.844563999,1.28026E+14,7.299558538,6.25,-0.25
01-06-2017,69.44471044,1.537279016,1.633487955,172.7,5.756666667,29.5501,66.09948097,0.623702422,4.741695502,19.55442907,139.2,127.1,136.1,148.4,132.6,174,118.3,116.8,140.8,144.5,147.8,111.8,112.5,153.1,156,86.6,115.9,103.4,111.6,139.2,132.5,129.4,-3.390155168,3.360316162,-0.293470497,4.267681336,-2.971986938,-8.004270767,-60.75948171,-28.55393675,-56.44740971,-27.89939205,-34.83862899,-9.952959535,-64.44236808,-3.150373036,-38.95267996,-49.09999015,-3.809178253,1.559485796,-9.726330543,4.255961442,-2.238899489,10.33018428,46.89,735.14,70.25871604,-3.334690866,2.334072326,-3.196808168,119.3,-0.334728346,1.27841E+14,7.034690508,6.25,-0.25
01-07-2017,70.54867632,2.36460717,1.727978456,290.3,9.364516129,27.8896,75.36470588,0.717820069,4.78100346,17.56314879,147.9,126.8,136.3,149.1,129.2,176,114.1,113,134.1,137.5,456.6,117.2,132.6,199.5,142.5,84.7,113.5,103.1,109.9,139.2,132.9,130.3,2.325686216,1.991304349,-1.16704461,3.341599692,-9.587292602,-25.49064541,-63.40277794,-28.59105928,-59.73521703,-32.70775955,112.9979558,-9.9799004,-55.24798511,19.16885991,-69.0336216,-58.27892847,-12.1008372,0.681267842,-12.79425557,3.658052336,-4.775053261,8.568664261,48.69,720.48,68.91560614,7.725683349,6.053440825,-10.64273554,118,1.022155407,1.28808E+14,6.596447681,6.25,-0.25
01-08-2017,71.17951396,3.279938978,1.938974212,229.5,7.403225806,27.6331,77.06048443,0.747647059,4.140795848,17.83314879,150.9,127.4,137.1,148.5,127.7,176.7,115.4,112.6,127.2,136,413.3,220.5,132,259.5,191.2,84,115.6,103.6,107.4,139.7,132.3,131,5.657385779,1.901800584,-1.448251236,2.661364852,-8.694611775,-24.47533045,-52.45952045,-24.24933195,-58.9270539,-31.09389346,128.0111537,63.37237601,-57.89089909,46.5620187,-4.599686626,-75.48916233,-10.5014435,0.872521289,-16.76269044,3.867683817,-0.677968699,8.18891951,51.37,717.95,70.74848845,10.73740917,-7.131438482,-2.713808837,122.1,4.694910811,1.27997E+14,5.34277401,6,-0.5
01-09-2017,71.07437435,3.284950344,2.232963865,153.2,5.106666667,27.6852,75.16449827,0.747024221,3.36532872,18.29304498,144.8,128.4,137.6,148.8,125.1,186.9,118.4,112.9,129.1,138.3,219.3,193.8,122.3,198.5,259.1,74.9,116.4,105.8,105.1,140.4,133.5,130.9,2.023089579,1.966245021,-1.729149711,2.794048876,-11.10994123,-19.61368669,-44.41225996,-17.65476123,-49.41104021,-27.45814484,63.16913815,58.6549041,-63.07323227,35.91970134,48.70528142,-87.73583617,-12.0452246,1.908454869,-15.97081323,4.218807438,0.224971973,7.123263643,55.16,754.25,74.0760172,17.74747285,-5.619673182,1.393045682,123.1,4.061892822,1.29265E+14,5.547407664,6,-0.5
01-10-2017,71.54750259,3.576864536,2.041128702,81.6,2.632258065,26.5229,65.72979239,0.693321799,3.104463668,17.3616609,148,128.2,138,149.6,123.7,177.9,113.8,111.5,127.7,133.8,260.3,237.6,119.6,227.3,436,73.1,118.9,105.2,105.4,140.2,136.4,130.3,4.20896896,1.176945716,-2.008675857,3.054190565,-11.37328074,-38.82672922,-47.17595559,-16.5742428,-44.36210617,-29.21563528,67.67627409,82.33172255,-58.50888634,55.87362804,105.0477647,-86.89495858,-7.452840521,-0.18993358,-11.54611349,3.927777612,1.99932613,4.955791853,57.62,746.79,78.08694341,14.72613569,-0.395579652,6.782393437,122.5,1.8122407,1.3232E+14,6.549610656,6,-0.25
01-11-2017,72.33604964,4.87804878,2.202582939,14.4,0.48,22.2764,61.34584775,0.635363322,3.340692042,15.23975779,151.1,128.1,139.4,149.2,119.1,165,111.6,109.8,123.7,130.9,422.6,335.5,119.6,216.3,397.1,72.7,119.4,105.8,104.9,140.2,150.9,129.8,6.211481168,0.626470334,-5.918887139,2.855394535,-14.51139294,-52.49078207,-47.19059406,-14.86712141,-42.07080827,-30.05854773,130.6725026,102.3142672,-52.31242664,81.1277017,100.1266683,-85.9989625,-7.500491364,-0.847063888,-9.018396848,4.001989118,10.76457255,4.088619792,62.57,728.86,82.67508395,29.81247732,-5.091386286,10.39790307,125.8,8.196559392,1.3234E+14,6.696879395,6,-0.25
01-12-2017,72.12577042,5.214723926,2.109082475,16.3,0.525806452,19.4577,59.03889273,0.592456747,3.722906574,14.0982699,144.1,127.4,139.4,148.8,117.9,152.9,112.6,110.7,121,130.3,224.5,363,117.7,156.3,273.6,65.2,120.9,106.1,105.6,140.2,143.6,124.2,4.615657751,-0.23520199,-8.850476157,3.140189755,-12.80029924,-56.97483403,-38.81460727,-10.2918512,-38.82376745,-26.36032392,85.68458965,108.8743788,-8.778989007,68.7405538,101.9582239,-96.94534435,-5.393661329,-1.589561285,-8.614294446,3.779519616,3.977797146,0.727275933,64.21,679.17,74.09940834,17.18794584,-17.78650373,-1.246919087,130.6,7.058021685,1.32725E+14,9.705125757,6,-0.25
01-01-2018,71.96806101,5.065234075,2.07050762,2.9,0.093548387,18.3288,52.24287197,0.533979239,3.6916609,15.41439446,140.8,126.8,140.8,150.4,116.4,140.8,114.9,112.2,114.8,126.7,119.7,346.2,111.4,170.9,157.6,61.6,120.8,110.7,104.3,140.3,146.6,120.7,3.10158291,-0.941922192,-7.192417707,4.487496623,-14.52748819,-51.60675427,-20.25677793,-6.470561948,-37.83887042,-24.02032029,26.97431341,107.8028372,8.326452891,59.3537517,63.52135456,-108.0042667,-4.055705877,2.376711507,-8.892708639,3.850820867,10.49058669,-5.95030808,68.99,703.45,75.45335079,22.8630384,-15.93865855,-1.760289314,132.3,7.207503793,1.34133E+14,9.841355543,6,-0.25
01-02-2018,71.705212,4.441041348,2.211795421,12.8,0.457142857,21.4452,52.78792388,0.499031142,3.633148789,17.83384083,137.9,126.6,140,151.4,117.3,134.7,116.5,113,112.6,122.1,95.5,250.7,108.1,143.3,112.8,63.5,120.6,111.3,106.1,140.6,143.3,117.6,0.947183766,-1.099775421,-6.431528194,3.358273948,-14.49746198,-39.72652858,-13.32094524,-3.393104977,-33.93860285,-24.62968563,-14.22627962,78.36821822,11.04097304,36.37781702,36.63466915,-92.97431481,0.415455521,4.690514947,-7.619277737,3.76856189,10.28050491,-10.3317614,65.42,709.44,77.69608163,16.46251978,-13.08407978,1.22047469,127.4,6.652898851,1.35286E+14,9.453701613,6,-0.25
01-03-2018,71.7577818,4.357798165,2.359711404,16.6,0.535483871,25.5966,49.77318339,0.466435986,3.38650519,20.75778547,137.3,127.9,141.2,152.6,117.3,130.3,116.6,114.1,112.1,120.6,92.7,157.3,130.5,137.9,83.5,55,119.3,112.6,103.7,140.7,136.5,116.8,-0.218261273,0.470220302,-1.196775988,3.263692931,-14.20204079,-33.36176014,-7.753263304,-1.132909721,-29.85505392,-24.44733181,-30.77067704,35.2234721,35.94154225,10.62472192,-7.496303847,-77.76554273,1.435229364,6.60790796,-13.50971864,3.03053495,2.748037758,-11.24415502,66.45,706.19,78.27521104,24.57831561,-9.774153948,2.362189581,140.3,5.1931229,1.36776E+14,6.285072857,6,-0.25
01-04-2018,72.07320062,4.576659039,2.462743943,39.4,1.313333333,28.5847,51.36868512,0.485951557,3.476712803,22.87366782,139.8,127.9,140.9,153.3,118,127,115.3,111.5,110.5,120.8,111.2,122.6,170.8,135.6,91.1,53.2,120.3,114.4,103.3,141.2,131,109.6,0.862074304,0.548805768,-0.070947147,3.789087371,-13.82870159,-36.74824734,-9.822322363,-8.01116946,-30.22808719,-25.12224447,-6.611102511,12.77221512,54.03356372,3.757015866,-25.36291031,-59.13309196,1.845689978,10.49720907,-14.1486117,2.509991932,4.44864613,-16.91574298,71.63,701.18,78.59184449,30.15994968,-7.005147789,6.370371535,122.6,4.419226784,1.39621E+14,9.609451716,6,-0.25
01-05-2018,72.44118925,4.870624049,2.801011715,58.5,1.887096774,30.5347,54.66477509,0.508650519,3.957370242,22.54100346,140.3,127.2,141.7,154.2,117.6,124.3,115.9,113,108.4,120.7,104.6,115.8,205.5,133.5,109.2,47.7,120.7,112.6,103.8,141.8,135.1,105.1,1.725420231,0.236127619,3.008822959,4.103818737,-13.20421891,-36.63623821,-4.800921919,-6.093691037,-29.57216242,-20.72768301,5.907229002,12.39548922,63.40981517,-2.733823745,-34.31219775,-63.26535774,2.347132056,9.300378297,-12.39723629,2.354728847,3.311062434,-21.64609489,76.65,687.15,77.39636296,40.99762465,-10.43777146,12.20243171,129.6,3.774032798,1.40235E+14,9.108325736,6,-0.25
01-06-2018,72.80917787,4.844814534,2.871547835,156.3,5.21,29.8662,64.54387543,0.593252595,4.935051903,19.54775087,141.8,128.5,143.1,153.9,121.5,121.6,113.2,112.4,105.9,117.8,147.2,135.3,224.6,157.9,118.5,45.9,122.3,111.6,103.4,142.5,141.3,112.1,1.85058662,1.095472614,5.01537769,3.639171011,-8.742281497,-35.83183297,-4.406760522,-3.839913293,-28.48451911,-20.42912363,-0.406780222,19.07829745,69.13678207,3.08706186,-27.49430467,-63.48346985,5.374929235,7.631608787,-7.631608787,2.343025181,6.430264426,-14.3517052,75.19,656.5,78.03045076,47.22138103,-11.31382635,10.49147726,127.7,6.804243393,1.40522E+14,9.45786191,6.25,0
01-07-2018,73.49258532,4.172876304,2.949515087,274.2,8.84516129,27.8978,74.65965398,0.700346021,5.069792388,16.94878893,144.8,129,145,155,121.6,128.3,111.2,115,106.9,117.9,232.3,169,232.3,160.3,162.9,50.7,127,112,105,143.2,144.5,116.6,-2.118288977,1.720136236,6.187540372,3.880789515,-6.062462182,-31.61127234,-2.574487505,1.754430965,-22.66919723,-15.37871096,-67.57780943,36.60168378,56.0692562,-21.87671767,13.37945159,-51.31896911,11.23842495,8.279948027,-4.561051125,2.833050663,8.368254183,-11.10902102,74.44,616.14,82.63548242,42.45197616,-15.64434461,18.15565009,125.7,6.321349113,1.4137E+14,9.306095754,6.25,0
01-08-2018,73.80800414,3.692762186,2.699180104,241,7.774193548,27.3493,77.42785467,0.745190311,4.707266436,16.80788927,144.8,129.6,148.6,155.6,123.2,135.7,110.8,118.9,109.8,121,190.4,163.3,226,205.6,195.9,50.4,126.6,111.7,110.4,143.7,135.6,116.4,-4.126388582,1.712104078,8.054754572,4.67036535,-3.587471194,-26.40068125,-4.067757976,5.444108799,-14.71001218,-11.68643401,-77.50465992,-30.03086949,53.77330767,-23.2824169,2.428432433,-51.08256238,9.089655347,7.527937625,2.754995177,2.823052682,2.463730439,-11.81647879,73.13,614.75,84.56561082,35.31843348,-15.51842476,17.83965209,128,4.71898828,1.4207E+14,10.43173761,6.5,0.5
01-09-2018,73.70286453,3.698224852,2.276972194,132.5,4.416666667,27.1646,74.38889273,0.734048443,3.494705882,18.66782007,144.5,129.5,149.8,155.7,125.7,132.5,110.8,119.8,107.6,121.8,140.2,147.8,220,185.2,184.1,47.1,127,111.4,110.6,143.5,131.4,113.9,-0.20739724,0.853048988,8.495014558,4.532795644,0.478469812,-34.3991069,-6.634194814,5.932121453,-18.21666501,-12.70448834,-44.73706808,-27.09666909,58.71505037,-6.935277792,-34.17349993,-46.38808895,8.715455116,5.157680807,5.100781121,2.183954361,-1.585537179,-13.91128025,78.86,605.15,86.69724736,35.74360755,-22.02475169,15.73303089,128.8,4.526378048,1.42222E+14,9.552809503,6.5,0.5
01-10-2018,73.91314374,3.306392359,2.522469929,35.9,1.158064516,25.8406,64.88224913,0.680242215,2.980449827,17.61262976,145.9,129.7,151.1,155.7,129.3,135.7,109.4,118.1,111,121.7,141,162.3,232.6,175.8,174.5,43.9,126.2,112.6,112,144.1,133.7,115.4,-1.429081824,1.163254684,9.068818412,3.99660133,4.427600638,-27.07750278,-3.94316317,5.75071323,-14.01535617,-9.47871477,-61.30749216,-38.1142113,66.51673986,-25.69237456,-91.57175017,-50.99140467,5.958514641,6.79784154,6.073623519,2.74375284,-1.99932613,-12.14351301,80.47,589.8,88.15180039,33.40147145,-23.60005247,12.12374677,132.8,8.073320706,1.44413E+14,8.745127321,6.5,0.5
01-11-2018,74.01828335,2.325581395,2.176601032,21.1,0.703333333,22.6524,60.91519031,0.608131488,3.389792388,15.34280277,146.2,128.8,152.2,155.5,131.9,140.8,114,121.6,118.6,121.2,144.1,175.8,225.5,139.4,142.8,41.9,127,111.8,114.3,144.1,142,115,-3.296632196,0.544960477,8.78479471,4.135804385,10.20805834,-15.86050302,2.127739845,10.20764405,-4.210279283,-7.699159928,-107.5918602,-64.62749712,63.41673174,-43.93188346,-102.2743088,-55.10555576,6.17078855,5.51610413,8.58190554,2.74375284,-6.079030817,-12.10626759,65.17,539.1,93.11753627,4.071331033,-30.15805872,11.89442518,126.1,0.23818987,1.45188E+14,9.265275935,6.5,0.5
01-12-2018,73.65029473,2.113702624,1.910158849,14.7,0.474193548,18.6815,58.24508651,0.567093426,3.58083045,13.71903114,143.5,127.8,152.8,155.7,139.2,146.7,123.9,123,123.3,124.6,139.7,131.3,167,138.4,104.1,42.5,126.1,111.1,112.5,143.7,142.6,112.5,-0.417246781,0.313479881,9.178237841,4.532795644,16.60749404,-4.139442779,9.563307293,10.53605157,1.882986457,-4.473087778,-47.43784409,-101.6918053,34.98547982,-12.16291942,-96.63152101,-42.7955393,4.211148535,4.604865103,6.329485037,2.465781848,-0.698814863,-9.893994785,56.46,535.02,89.42814532,-12.8626539,-23.8567335,18.80279096,133.9,2.495403585,1.45497E+14,9.187362076,6.5,0.5
01-01-2019,73.38744571,1.972242513,1.551235138,18.6,0.6,17.9152,57.83266436,0.538961938,3.723771626,14.92238754,144.2,128.4,154.8,155.8,147.9,147.4,127.8,125.8,123.5,127.5,167.5,119.1,141.4,164.5,108.6,41.9,124.7,112.7,112.6,143.4,147.9,113.7,2.386078113,1.253934925,9.479351743,3.527472192,23.95038344,4.580953603,10.64043571,11.44103512,7.304967218,0.629427727,33.59947387,-106.7053166,23.8465426,-3.816801992,-37.23887699,-38.53760436,3.177456719,1.790558133,7.65703537,2.185494106,0.882858026,-5.974472735,59.27,584.58,86.81908444,-15.18582908,-18.51031602,14.03118694,134.4,1.574835697,1.47588E+14,9.559409839,6.5,0.5
01-02-2019,73.54515512,2.565982405,1.520135266,33.4,1.192857143,20.5199,58.52266436,0.525121107,3.936989619,17.19647059,143.7,128.7,157.2,156.5,158.9,146.5,133.6,128.2,124.5,129.5,133.4,105.3,131.4,162.6,116,48.4,123.6,113.5,113.5,142.9,148.8,114.1,4.119900829,1.645160489,11.58764574,3.313066898,30.35403179,8.397534504,13.69589881,12.62037258,10.04640002,5.884050002,33.4225886,-86.7443586,19.51893814,12.63528623,2.797385204,-27.15400922,2.457126073,1.957357864,6.74207913,1.622610556,3.766278756,-3.02137786,64.13,602.97,84.83974415,-1.991574895,-16.26084822,8.79592873,127.6,0.156862777,1.49398E+14,9.922145847,6.25,0.25
01-03-2019,73.80800414,2.857142857,1.862522741,19,0.612903226,24.3576,55.06134948,0.50266436,3.563079585,21.22044983,144.5,128.4,155.5,156.6,163.7,141.5,132.4,127.8,122.1,130.1,161.8,108,133.8,161.4,119.1,56,122.9,112.5,112.7,143.2,141.1,114.2,5.111119478,0.390168267,9.646840656,2.587466471,33.33007287,8.246023295,12.70783696,11.33912851,8.544905104,7.582410123,55.69925321,-37.60235829,2.497292093,15.7356971,35.51168445,1.80185055,2.972968747,-0.088849406,8.322730581,1.761229041,3.314424423,-2.251177317,66.41,573.02,84.27847966,-0.060213761,-20.8963703,7.389558627,144.1,2.67245159,1.54308E+14,12.06097693,6.25,0.25
01-04-2019,74.22856256,2.99051787,1.996439776,31.4,1.046666667,28.9504,52.06242215,0.499031142,3.477958478,23.28474048,148.8,129.4,151.5,157,171.3,144.1,136.8,128.2,123.5,131.8,208.8,118.6,143.1,172.5,150.2,67.6,120.2,111.6,114.8,143.2,133.2,115.2,6.23902926,1.165967348,7.253520604,2.384901947,37.27317809,12.63204165,17.09825779,13.95669536,11.12256351,8.714933657,63.00464742,-3.317053694,-17.69495948,24.0687861,50.00099351,23.95495867,-0.083160088,-2.4780029,10.55541078,1.406492947,1.665443491,4.983237375,71.2,588.45,84.70614727,-0.602116221,-17.52726688,7.492024169,126.5,3.131528467,1.54301E+14,9.997424195,6,0
01-05-2019,74.64912099,3.047895501,1.790228469,51.7,1.667741935,30.6512,54.00712803,0.495813149,4.224359862,23.69411765,150.6,129.9,150.7,157.6,171.3,146.2,143.7,130.9,128.5,134.9,287.2,134.2,157.9,166.4,157.9,79.8,121.2,111.4,119.7,143.4,137.8,117.3,7.084432826,2.100427277,6.157895894,2.180971629,37.61273699,16.22775488,21.50000427,14.70458542,17.01008153,11.12256351,101.0035286,14.74666594,-26.34841127,22.02930505,36.8780858,51.45921066,0.413394553,-1.071438821,14.25226418,1.122031407,1.978811361,10.98224778,70.53,564.4,84.42242092,-8.32114541,-19.6789389,8.689322777,135.4,4.378057656,1.54399E+14,9.622351607,6,0
01-06-2019,75.12224922,3.176895307,1.648484656,113.6,3.786666667,30.7165,61.2050173,0.564083045,4.653737024,20.95792388,152.2,130.8,150.8,158.4,174,146.5,149.5,135.6,132.1,137.1,318.9,157.8,170.1,164.5,157.5,83.5,122,111.5,118,145.5,138.1,116.4,7.077783133,1.774053469,5.241076901,2.882043854,35.91410364,18.62884589,27.81402271,18.7645438,22.10639589,15.17223154,77.30853677,15.38338732,-27.79345429,4.094864894,28.45124977,59.83815148,-0.245599796,-0.089645905,13.20796624,2.08340869,-2.290722928,3.764120522,63.3,552.19,83.78403664,-17.21329142,-17.30305038,7.114335091,129.3,1.245152274,1.54782E+14,9.665230993,5.75,-0.5
01-07-2019,75.80565667,3.147353362,1.811464806,297,9.580645161,28.4163,73.51529412,0.69283737,4.8516609,17.64979239,154.3,131.3,153.4,159.9,181.5,145.9,150.2,137.1,131.5,137.5,326.3,181.9,176.2,160.5,190.9,86,122.8,110.8,118.9,145.3,144.1,115.4,6.354527942,1.767237695,5.631514651,3.112350292,40.05186842,12.85501839,30.06373575,17.57784582,20.71130336,15.37871096,33.97875638,7.35583706,-27.64099263,0.124688295,15.86132151,52.84213857,-3.363007075,-1.077209698,12.43224535,1.455831605,-0.277200455,-1.034491984,64,543.88,82.70519021,-15.11103484,-12.47455762,0.084320206,131.8,4.738750647,1.55678E+14,9.6406145,5.75,-0.5
01-08-2019,76.2262151,3.276353276,1.749779889,299.9,9.674193548,27.5964,77.91605536,0.758200692,4.538408304,17.47608997,156.1,132.5,156.5,160.8,184.8,145.1,153,137.2,131.8,137.3,299.3,217.2,175.7,194.3,213.1,103,122.6,111.2,120,145.9,134.2,118,7.514334757,2.212986151,5.17978777,3.2872745,40.54651081,6.697659305,32.27111471,14.31569116,18.2625093,12.63777672,45.23192925,28.52295881,-25.17570041,-5.65291772,8.415721415,71.47378132,-3.210548621,-0.448632426,8.338160894,1.519366244,-1.037815097,1.365208917,59.25,586.12,81.74542262,-21.04728993,-4.769113433,-3.391787673,126.2,-1.416231381,1.56415E+14,9.618702305,5.4,-1.1
01-09-2019,76.64677353,3.994293866,1.711304513,260.2,8.673333333,27.2329,76.80892734,0.761211073,3.731280277,17.07612457,155.4,134.1,158.3,161.9,185.8,145.5,150.5,138.7,133,137.3,217.8,328.7,170.4,203.5,182.1,115.2,122.6,111.6,120,145.7,136.8,119.3,7.272293038,3.490490915,5.51908958,3.904778184,39.07727108,9.359344119,30.62363099,14.64896416,21.19284805,11.97879575,44.05072359,79.92854722,-25.5478932,9.422968267,-1.092310151,89.43967472,-3.526006296,0.179372245,8.157165369,1.5214678,4.027389914,4.632045865,62.33,580.3,77.83964962,-23.52312776,-4.193114999,-10.77711977,122.9,-4.68897971,1.565E+14,9.566847299,5.4,-1.1
01-10-2019,77.38275078,4.694167852,1.764042944,110.3,3.558064516,25.531,72.90256055,0.753910035,2.91083045,16.65276817,160.2,134.6,160.4,162.7,183.6,146.6,150.4,139.7,136.1,137,341.9,356.8,187,227.2,192.2,150.9,124.7,112.3,119.7,146.2,142.4,119.1,9.350157911,3.708332589,5.972882615,4.397693539,35.06241924,7.726122261,31.82875215,16.79655431,20.38597083,11.84219258,88.57584063,78.77289262,-21.82116232,25.64837016,9.661175489,123.4703046,-1.195709742,-0.266785396,6.648974127,1.446804431,6.304151487,3.155912229,59.37,591.35,77.73231589,-30.40953959,0.262456232,-12.57892559,124,-6.856267144,1.58864E+14,9.537393434,5.15,-1.35
01-11-2019,78.11872802,5.539772727,2.051277982,31.7,1.056666667,22.8016,71.7583045,0.71366782,3.405743945,14.82681661,162.6,135.4,164.5,162.1,172.4,148.3,153.6,146.7,162.1,140.5,302.7,478.7,206.3,190,216.1,166.8,129.2,113.7,120.1,146.6,146.9,118.5,10.63176498,4.997254681,7.771512478,4.156769712,26.77732985,5.189680542,29.81533723,18.76527156,31.24569422,14.77654151,74.2234713,100.1727111,-8.898873887,30.96765738,41.42962136,138.1509663,1.717450489,1.685184004,4.949815829,1.720028645,3.392502558,2.998083221,62.74,685.41,75.04271287,-3.800003758,24.01161169,-21.58050697,128.8,2.11855707,1.59903E+14,9.653720997,5.15,-1.35
01-12-2019,79.06498449,7.351891506,2.28512974,19,0.612903226,18.5412,68.03529412,0.667370242,3.58017301,13.18252595,162.6,137,165.7,162,175.6,146.3,154.6,149.6,177,143.2,191.5,729.8,250.6,190,193.6,159.3,132.8,117.6,127,148.5,153.9,118.1,12.49581619,6.951438388,8.10490477,3.966525639,23.22969333,-0.273037712,22.13663475,19.57807102,36.15293224,13.91336482,31.53905424,171.5285743,40.586423,31.6876029,62.04421992,132.1285141,5.176899407,5.685833882,12.12338648,3.285716516,7.625953286,4.857850156,65.85,763.73,72.62790557,15.38470054,35.59101942,-20.80862349,134.5,0.447094634,1.61646E+14,10.52548103,5.15,-1.35
01-01-2020,78.95984488,7.593123209,2.486571955,28.3,0.912903226,17.8991,68.78152249,0.631937716,3.609792388,14.20854671,160.5,138.3,168.7,162.3,178.8,145.6,152,151.3,180.9,147.9,200,468.5,262.3,167.7,155.1,159.2,133.4,121.7,125.7,149,157,118.9,10.70927177,7.427484741,8.59880284,4.087334108,18.9731493,-1.228684399,17.34139789,18.45712765,38.17032363,14.84200051,17.73340153,136.9572625,61.78961334,1.926609862,35.63986627,133.4875446,6.74412808,7.682957895,11.00563999,3.830837778,5.970943563,4.471940294,63.6,810.07,72.2755734,7.051019455,32.6227023,-18.33402428,137.4,2.20759517,1.62664E+14,9.726334641,5.15,-1.35
01-02-2020,78.38157704,6.576125804,2.334873564,12.1,0.417241379,20.5327,59.64802768,0.570276817,3.448788927,17.8917301,154.7,137,167.3,162.3,167,142,152.8,156.6,179.6,147.1,158.4,276.2,211.2,158.8,101.5,139.2,131.3,121.3,127.7,149.6,146,117.6,7.375996449,6.249681123,6.2269728,3.639046454,4.971873887,-3.119837086,13.42796156,20.01032391,36.642644,12.74317465,17.17713459,96.43118218,47.45594458,-2.36476483,-13.35313926,105.6411934,6.043423629,6.646397903,11.78809261,4.58199806,-1.899650069,3.02137786,55,728.81,70.93576398,-15.35790879,18.95456228,-17.89893792,134.2,5.043085363,1.637E+14,9.142119641,5.15,-1.1
01-03-2020,78.11872802,5.84045584,1.539326992,44.5,1.435483871,24.0553,60.47916955,0.556297578,3.402145329,20.61442907,151.2,136.5,162.9,159.3,158.5,138.5,150.9,162,176.9,146,135.7,229.3,215.9,154.4,79.6,113,131.4,118.2,132.1,151.2,121.7,117,4.532395619,6.117422337,4.649078399,1.709443336,-3.228089106,-2.142939146,13.07897223,23.71297933,37.074422,11.53032362,-17.59144378,75.28999627,47.84691898,-4.433911825,-40.29493835,70.2036128,6.687508948,4.942488333,15.88297905,5.436120922,-14.79098589,2.422263758,32.98,636.25,72.72584212,-69.99463304,10.46709477,-14.74297658,117.2,-20.66256259,1.67999E+14,8.50073931,4.4,-1.85
01-04-2020,79.59068252,7.223796034,0.329096686,42.6,1.42,28.0259,56.19231834,0.540588235,3.253079585,22.64916955,154.5,136.3,161.2,162.7,155.4,146.7,155.7,174.2,180.6,149.7,146.7,204.4,231.9,171.1,89.5,111.4,133,119.3,137.8,151.6,113.7,116.7,3.759097394,5.194995664,6.206020512,3.566220888,-9.74139674,1.788218214,12.94110737,30.66125199,38.00434849,12.73476694,-35.29871709,54.43223718,48.27625577,-0.814905557,-51.7729114,49.95193444,10.11921061,6.672027916,18.26118747,5.700321868,-15.82883573,1.293679103,23.34,608.88,72.21288493,-111.5324192,3.412924264,-15.95696844,54,-85.12582616,1.70341E+14,9.889604157,4.4,-1.6
01-05-2020,79.32783351,6.267605634,0.11792637,71.6,2.309677419,30.1196,57.94076125,0.56733564,3.891418685,23.03560554,153.1,136.1,161.5,163.1,152,144.8,157,179.7,187.7,150.8,125.8,142,240.9,162.6,92.3,100.2,138.9,116.4,137.9,151.4,118,115.3,1.64639873,4.662498598,6.921403703,3.43033322,-11.95358845,-0.962206736,8.851801226,31.68551209,37.89160393,11.14206924,-82.54854929,5.649583306,42.24199884,-2.310133127,-53.69177798,22.76446842,13.63121761,4.39052078,14.15401722,5.428741284,-15.51187341,-1.719732838,31.02,576.56,67.81683016,-82.14059935,2.131619064,-21.90226204,90.2,-40.62039334,1.72309E+14,10.97458959,4,-2
01-06-2020,79.80096174,6.228131561,0.645733048,195.8,6.526666667,29.1555,69.74910035,0.670207612,4.358477509,19.87560554,155.4,137.5,158.5,165.6,148.4,143.8,158.6,176.1,184,155.1,173.5,133.7,265.7,159.7,115.7,97,145.7,115.3,137.6,151.9,136.2,117.8,2.080699251,4.995447808,4.980013774,4.445176257,-15.91439685,-1.860198317,5.908891637,26.134264,33.13765461,12.33594836,-60.86999746,-16.57299243,44.59813534,-2.961351498,-30.84248241,14.98643466,17.75286685,3.351283637,15.3666301,4.304632299,-1.38536667,1.195573592,39.93,656.49,68.24246354,-46.07574081,17.30152714,-20.51754922,107.9,-18.09304135,1.73194E+14,11.23968804,4,-1.75
01-07-2020,80.90492761,6.726768377,0.986081825,257.1,8.293548387,28.4407,75.68532872,0.734636678,4.189342561,18.49391003,161.3,137.8,157.3,165.8,147.6,144.3,160.1,173.6,181.7,157.5,388.4,135.4,297.9,151.1,126.9,93.6,147.7,118.1,137.7,152.1,139.9,119.2,4.436722576,4.831857727,2.510592113,3.623362286,-20.67497415,-1.102698975,6.383088067,23.60432157,32.33501238,13.58015412,17.42185328,-29.5223725,52.51381462,-6.035207329,-40.8350356,8.468308723,18.46261738,6.380494889,14.6794602,4.573762869,-2.957962133,3.239840056,42.81,694.16,71.9585051,-40.21113632,24.39738472,-13.91927247,117.9,-11.14488145,1.76257E+14,12.41539254,4,-1.75
01-08-2020,81.32548604,6.689655172,1.309645382,328.2,10.58709677,27.6847,78.18031142,0.768927336,4.568512111,17.39013841,163,139.8,154.2,165.4,146.9,144.8,160.9,170.4,180.9,158,345.3,142.4,322.3,169.4,141.3,109.7,152.2,120.6,137.2,152.3,143.9,118.6,4.325337329,5.363018437,-1.480554885,2.820542584,-22.9522076,-0.206967994,5.034513261,21.67088991,31.66587703,14.04267203,14.29671895,-42.21785891,60.67047936,-13.71405742,-41.08762494,6.302037905,21.62684219,8.114890248,13.39479725,4.293080437,6.978738936,0.50718621,44.26,760.3,78.2544396,-29.16844454,26.01885455,-4.364425185,117.2,-7.398607296,1.76257E+14,11.94321105,4,-1.4
01-09-2020,82.2191727,7.270233196,1.371324861,178.2,5.94,27.7708,75.95591696,0.76432526,3.569031142,18.00352941,168.4,140.7,150,165,142.5,154.8,165.8,164.3,177.6,159,434,224.7,372.6,230.6,186.8,120.8,158,123.6,138.3,153.8,155.9,118.3,8.033966387,4.804417383,-5.385667279,1.896661322,-26.53288267,6.195787454,9.681915851,16.93806977,28.91847023,14.67358894,68.94673236,-38.03793015,78.23568438,12.5018603,2.548253906,4.746653724,25.36680095,10.21294951,14.19334959,5.410334387,13.06947709,-0.841755812,41.09,796.22,79.59897504,-41.66780679,31.63303184,2.235027981,124.1,0.971667564,1.77398E+14,12.53349375,4,-1.4
01-10-2020,83.27056877,7.608695652,1.182066168,78.8,2.541935484,26.4147,67.1666436,0.716608997,3.388685121,17.67235294,171.5,140.5,147.4,163.7,137.9,163.6,173.6,162.6,181.5,162.8,389.9,387.1,410,211.1,307.6,118.4,164.5,128.6,140.6,154.6,173.7,117.3,6.816023197,4.290007156,-8.452071568,0.612747015,-28.62306934,10.97166347,14.34553907,15.17959309,28.7865744,17.25415277,13.13719993,8.150765688,78.50485428,-7.349873199,47.02637411,-24.25486433,27.69997175,13.55329501,16.09303668,5.586558884,19.86896743,-1.52287207,40.47,819.27,79.77601809,-38.32280894,32.60056412,2.595185723,129.6,4.417121831,1.78037E+14,11.39429539,4,-1.15
01-11-2020,83.53341779,6.931359354,1.174535784,29.2,0.973333333,22.174,65.36221453,0.670968858,3.55615917,15.15591696,170.1,142.4,147.9,163.1,139.8,164.3,174.5,165.1,188.1,166.3,339.6,442.3,491.1,203,252.3,121.6,169.5,137.7,145.2,154.7,168.5,117.7,4.509330229,5.04066385,-10.63742005,0.615008089,-20.96045284,10.24567759,12.75729209,11.81616658,14.87603076,16.85858974,11.50262384,-7.908571152,86.7316353,6.618190688,15.48775921,-31.60585204,27.14913355,19.1514005,18.97873733,5.377996813,13.71836666,-0.677394631,43.23,917.81,80.01506657,-37.24645041,29.19731982,6.415749263,126.7,-1.643872634,1.79379E+14,11.49381177,4,-1.15
01-12-2020,82.69230093,4.587765957,1.362005495,16.9,0.54516129,19.2556,63.58581315,0.634152249,3.803979239,13.89401384,161.1,144,147.3,162.2,140.5,159.8,169.1,168.5,191,163.8,268.5,330.7,364.4,155.6,124,119.5,172.3,146.3,148.3,154.1,170.4,117.7,-0.926790693,4.983237375,-11.7707601,0.123380645,-22.30011924,8.826372531,8.964911975,11.89706843,7.612369547,13.44039169,33.79631053,-79.1558904,37.43941229,-19.97354604,-44.55126092,-28.74728455,26.03929065,21.83702726,15.50501627,3.701678408,10.18455736,-0.339270894,49.87,1016.373891,81.48602774,-27.79598086,28.57822403,11.50823445,137.4,2.133218075,1.80554E+14,11.06184168,4,-1.15
01-01-2021,82.1666029,4.061251664,1.399769742,20.2,0.651612903,18.7399,59.62823529,0.588131488,3.638062284,14.44370242,155.8,145.2,149.1,162,137.4,155.6,166.8,166.7,194,165.4,175.7,316,200.7,155.7,92.4,120.9,173.6,151.6,151.8,154,158.8,116.3,-2.972080913,4.868686372,-12.35047678,-0.185013929,-26.3371483,6.642547598,9.291496908,9.693116896,6.991376666,11.18304129,-12.95393714,-39.37938881,-26.76776311,-7.424558999,-51.79430915,-27.51975158,26.34016687,21.96864732,18.86657494,3.300629647,1.139974346,-2.210974417,54.55,990.27,86.16996105,-15.34957581,20.08569695,17.58354157,136.6,-0.583943265,1.84017E+14,12.33390201,4,-1.15
01-02-2021,82.32431231,5.030181087,1.676215217,7.7,0.275,21.3393,52.76235294,0.528096886,3.383287197,18.43795848,157.5,146.6,149.6,161.7,135.4,156.3,173.2,169.7,196.6,166.3,163.4,362.6,147.5,156,72.1,107,175.9,153.5,159,154.9,152.2,116.1,1.793770069,6.772686362,-11.18235425,-0.370370794,-20.97604519,9.595017983,12.53171194,8.033738868,9.043905184,12.26807586,3.107770305,27.21750573,-35.89773761,-1.778954156,-34.20047542,-26.30829134,29.24308704,23.54337511,21.92204392,3.481468188,4.158882372,-1.283714676,61.96,1019.86,105.4085099,11.91558303,33.60075749,39.60686369,129.9,-3.256630086,1.85638E+14,12.57594967,4,-1.15
01-03-2021,82.42945191,5.518169583,2.619762509,17.1,0.551612903,25.7727,50.22595156,0.479204152,3.484636678,20.84979239,156.4,149.8,150.3,161.5,135.7,159.6,175,169.2,196.7,168.4,142.1,241.1,143.8,143.2,68.3,96.4,176.3,161.9,165.3,155.2,145.9,116,3.381336437,9.297645646,-8.050321885,1.371592575,-15.53080265,14.18003594,14.81686081,4.348511194,10.60951242,14.27354801,4.608446826,5.018059532,-40.63918922,-7.530438306,-15.31043263,-15.88816171,29.39409834,31.46007557,22.42027933,2.6111144,18.13624555,-0.858374369,65.19,1030.48,111.3413094,68.14047658,48.21884242,42.59035594,145.6,21.69812586,1.87731E+14,11.10528312,4,-0.4
01-04-2021,82.95514995,4.227212682,4.159694839,31.5,1.05,28.4454,49.85207612,0.480899654,3.523979239,22.54252595,161.6,154.2,156.1,162,139.9,165.1,177.4,169.7,195.3,171.9,147.2,164.1,162.3,147.2,68.2,92.8,197.4,173,168.4,154.7,155.2,117.5,4.493004975,12.33921224,-3.214900255,-0.431167899,-10.50745563,11.81616658,13.0475991,-2.617189218,7.82521969,13.8279621,0.340252115,-21.96028602,-35.68597697,-15.04559746,-27.17940604,-18.26806877,39.48829988,37.16502654,20.05387432,2.024228437,31.1151207,0.683179429,64.77,1078.05,110.2217138,102.0673906,57.12879286,42.28754253,126.1,84.80911964,1.89166E+14,10.48249165,4,-0.4
01-05-2021,84.32196484,6.295559973,4.992706538,107.5,3.467741935,29.2635,60.09685121,0.572456747,4.031245675,21.25373702,159.6,157.3,157.4,162.2,141.5,171.5,179.7,169.6,196.2,176.1,132.2,175,178,139.8,92,94.1,208.5,183.5,167.7,154.9,163.5,118.2,4.157938235,14.47649004,-2.571480668,-0.553336795,-7.158080376,16.92297867,13.50429884,-5.784607043,4.428960354,15.50975599,4.962258315,20.89589163,-30.25983593,-15.10803673,-0.325556446,-6.281014206,40.61847915,45.51821322,19.5647884,2.285440642,32.61283659,2.48406777,68.04,1136.46,116.713563,78.54636098,67.85940363,54.29123574,115.1,24.37718887,1.90109E+14,9.831135653,4,0
01-06-2021,84.79509307,6.258234519,5.391451413,182.3,6.076666667,29.0389,68.98702422,0.663114187,4.605640138,19.91934256,160.5,155.8,155.7,161.7,142.6,169.5,178.8,167.4,194.2,179.6,145.2,219.7,183.1,200.3,104.9,106.6,204.7,180.9,158.3,154.4,176.7,117.4,3.229150464,12.49492163,-1.782351448,-2.383247537,-3.986782275,16.44294815,11.98825535,-5.066585745,5.395279825,14.66620857,-17.8065497,49.66644953,-37.23354011,22.65191875,-9.79931188,9.437253323,33.99957795,45.04069651,14.01410414,1.632422799,26.03289856,-0.340136382,73.07,1004.42,135.5229269,60.42899647,42.52580781,68.60738243,122.8,12.93521434,1.91675E+14,10.13883584,4,0
01-07-2021,85.42593071,5.588044185,5.365475239,266.3,8.590322581,28.363,74.45788927,0.716055363,4.709342561,18.03733564,161.5,155.8,152.8,161.2,147.6,165,174.4,163.5,182.9,179.9,228.5,232.9,188.6,229.6,136.6,108.5,211.5,179.6,158.3,155.9,171.8,116.4,0.123915753,12.27697749,-2.902493333,-2.813641263,0,13.40510081,8.555289147,-5.994081189,0.658257999,13.29756827,-53.04995261,54.23758164,-45.71294895,41.83967952,7.365757242,14.77197895,35.90418089,41.92004327,13.94145612,2.46765768,20.54031279,-2.377021933,74.39,1062.99,153.0435184,55.2549804,42.61384895,75.463268,131.5,10.91700441,1.93716E+14,9.445069257,4,0
01-08-2021,85.63620993,5.300581771,5.251271555,194.3,6.267741935,27.7521,76.9250173,0.743910035,4.134809689,17.84238754,161.7,157.6,153.9,161.8,153.6,167.6,177.4,162.5,179.9,184,235.7,231.8,201.8,200,145.9,102.7,222.6,182.9,160.8,157,156.9,119.6,-0.800743422,11.98473476,-0.194742028,-2.200577797,4.459973753,14.62267081,9.762401588,-4.747061263,-0.554325144,15.23407246,-38.18537945,48.72349319,-46.82056809,16.60545843,3.203616584,-6.593725035,38.01809934,41.64602711,15.87216415,3.039354545,8.649004585,0.839635495,70.02,1141.82,159.4720523,45.86995809,40.66656673,71.1903122,132.4,12.19457664,1.93292E+14,9.22618506,4,0
01-09-2021,85.79391934,4.347826087,5.390348855,229.3,7.643333333,27.4259,77.30453287,0.765640138,3.780484429,17.39889273,164.1,158.8,156.6,162.3,154.8,172.6,179.9,164.9,181.5,197.3,214.3,220.4,190.2,173.9,146.4,97.4,235.1,188,159.6,156.8,185.7,125.6,-2.586610371,12.10155847,4.305948946,-1.649899938,8.279196145,10.88428175,8.161889826,0.364520452,2.172182315,21.58212108,-70.56676316,-1.932210191,-67.24293081,-28.22041865,-24.36959243,-21.53100749,39.74159225,41.93914178,14.32454463,1.931805084,17.49176923,5.987848305,74.6,1181.38,160.7098236,59.63757243,39.45629961,70.25991848,129.5,4.259318893,1.93973E+14,8.932515123,4,0
01-10-2021,87.00302482,4.482323232,6.221868903,100.3,3.235483871,26.2037,72.50567474,0.747889273,3.213875433,17.15802768,171.6,158.5,159.4,162.8,151.6,170.9,180.8,166.3,179.5,203.3,415.3,293.1,204.6,228.8,163.2,95.7,232.5,180.6,160.6,157.3,182.3,126.8,0.058292045,12.05471045,7.82667866,-0.551303081,9.471668841,4.365416595,4.063764573,2.250018909,-1.108044578,22.21602671,6.311085465,-27.81692099,-69.51003062,8.051630465,-63.38237951,-21.2850424,34.59796548,33.95778292,13.29978221,1.731367391,4.832400844,7.787628634,83.65,1310.25,205.5276875,72.60804685,46.95595378,94.6357823,135,4.082199452,1.95241E+14,9.224244018,4,0
01-11-2021,87.63386246,4.90874764,6.80900284,56.7,1.89,22.3001,68.16823529,0.707370242,3.448685121,14.46813149,178.3,157.6,162.9,162.8,150.4,168.8,176.2,164.7,179.7,203.4,560.9,290.2,254.5,243.6,201.2,84.4,235.2,174.8,156,157.5,193.2,124.4,4.708102547,10.14201784,9.660014589,-0.184105606,7.308558172,2.702055712,0.969497186,-0.242571374,-4.568494252,20.13810974,50.17741821,-42.14180444,-65.73469371,18.23215568,-22.63194174,-36.51695679,32.75832892,23.85650575,7.174390486,1.793770069,13.6790172,5.536316604,80.77,1340.65,240.0129802,62.50709108,37.89194524,109.8478057,128,1.020817659,1.96466E+14,9.098576837,4,0
01-12-2021,87.31844364,5.594405594,7.036402866,20.4,0.658064516,19.0719,66.56186851,0.66733564,3.396470588,13.44211073,176.7,156.6,164.1,162.6,154.2,166,176.5,165.1,181,201.7,520.1,267.6,209.6,257.6,262.3,67.4,226.5,170.2,153.1,157.3,202.2,123.7,9.242808914,8.388148398,10.80046746,0.246305543,9.304297236,3.806475502,4.283062047,-2.038439887,-5.377639678,20.81352735,66.11701868,-21.17182917,-55.30512129,50.41193825,74.92073213,-57.26713535,27.35078014,15.13149081,3.185405352,2.055306774,17.11086922,4.972026513,74.31,1270.29,243.5455351,39.88259126,22.3003936,109.4872361,138.8,1.013766828,2.0114E+14,10.79748205,4,0
01-01-2022,87.10816443,6.014075496,7.479872468,39.5,1.274193548,17.8514,68.73522491,0.645813149,3.419896194,14.15038062,172,156.9,164.6,162.9,157.4,165.4,175.8,164.1,178,202.9,272.8,265.5,171.7,283.8,269,58.6,224.5,170.2,154.1,157.4,197.9,123.4,9.892134338,7.749655735,9.890106647,0.554018038,13.58939562,6.107817085,5.255149533,-1.571979166,-8.607460877,20.43464642,43.99609308,-17.41273729,-15.60624879,60.03386859,106.8584401,-72.4229061,25.7121905,11.57287429,1.503787736,2.183773357,22.01163038,5.925805195,85.53,1344.79,234.7137188,44.97494793,30.60155128,100.2044916,139.3,1.957293365,1.99473E+14,8.06540958,4,0
01-02-2022,87.31844364,6.066411239,7.871063898,19.1,0.682142857,20.1696,61.20650519,0.590311419,3.641453287,17.7667128,170.4,160.5,166.1,161.7,162.4,163.4,176.4,166.1,175.9,204.9,194.1,266.8,170.6,275.3,215.9,70.8,223.4,178.1,158.4,157.8,189.3,123.2,7.872315613,9.058615312,10.46249511,0,18.18290672,4.4423945,1.830714744,-2.144215562,-11.1255556,20.8728669,17.21723077,-30.68009843,14.54934593,56.80054049,109.6761293,-41.29698338,23.90482349,14.86446233,-0.378072284,1.854866099,21.81376128,5.93571624,95.76,1522.36,220.6830737,43.53560457,40.05963994,73.88842449,131.4,1.148118237,2.01835E+14,8.365563225,4,0
01-03-2022,88.1595605,6.951530612,8.542455555,8.9,0.287096774,26.2737,51.7799654,0.521730104,3.600934256,21.29809689,169.6,165.7,171.4,163.1,169.5,165.9,177.9,168.8,176.7,205.5,162.1,218.6,181.7,198.7,136.2,71.1,218.3,196.1,169.7,161.6,174.4,123.1,8.102589525,10.08778533,13.13667094,0.985836696,22.240636,3.871451218,1.643562075,-0.236686501,-10.72263461,19.91039321,13.16823936,-9.796820944,23.39335301,32.7553895,69.02146271,-30.44188648,21.36831742,19.16458725,2.627016741,4.040953834,17.84300559,5.940684208,115.59,1776.96,257.6808041,57.27433644,54.4879326,83.91212825,148.8,2.173998664,2.04896E+14,8.748988937,4,0
01-04-2022,89.42123578,7.794676806,8.258629341,38.2,1.273333333,29.73,50.32048443,0.484740484,3.545467128,22.86681661,175.3,169.9,173.3,164.4,181.1,164.8,176.1,167.7,176.3,202.8,204,157.5,194.5,199.1,129.3,67.4,218.1,201.6,177.3,163.3,174,123.5,8.137464584,9.695956755,10.45273692,1.470614739,25.81214832,-0.181873345,-0.735505437,-1.185550341,-10.23497485,16.53073593,32.63277875,-4.105053983,18.09856885,30.20150048,63.96907209,-31.98016219,9.972154621,15.29939417,5.150111127,5.41012424,11.43406915,4.980282248,105.78,1682.74,293.7262076,49.05189324,44.52695636,98.01541497,134.5,6.448895607,2.07121E+14,9.067470995,4,0
01-05-2022,90.26235264,7.044887781,8.581511544,83.2,2.683870968,30.4304,57.72034602,0.532629758,4.309065744,21.65813149,178.4,170.8,174.1,165.1,182.3,162,175.7,166.3,174.3,202.5,421.9,139.3,232,204.9,165.9,66.4,216.1,206.3,176.1,163.9,153.7,124.5,11.13575351,8.233847129,10.08395108,1.772120924,25.33539646,-5.698693137,-2.25107986,-1.964933716,-11.83565946,13.9687871,116.0452392,-22.81560931,26.49538214,38.23092254,58.95966201,-34.86609901,3.580222227,11.71167526,4.887534667,5.647673833,-6.181033979,5.192761093,112.37,1716.92,259.923465,50.17012304,41.261382,80.06644682,137.8,18.00020429,2.06804E+14,8.41747751,4.4,0.4
01-06-2022,90.73548087,7.005579665,9.059757965,152.2,5.073333333,29.9451,64.70491349,0.600657439,4.364186851,19.97124567,182.5,169,171.8,165.5,178.3,161.3,174.2,165.1,175.3,200.6,553.3,150.9,259.1,202.3,231.1,68.1,210.2,198.6,176.9,164.2,169.7,123.9,12.84562305,8.132558149,9.839993071,2.322842823,22.34240169,-4.958694169,-2.606379832,-1.383480713,-10.23897639,11.05807197,133.7788248,-37.56456136,34.71816359,0.99355015,78.98430019,-44.81062986,2.651396578,9.334835921,11.10926343,6.153855943,-4.042120709,5.388788124,120.08,1501.1,252.9680718,49.67403015,40.17879122,62.41224546,138.3,11.8868223,2.06623E+14,7.509509351,4.9,0.9
01-07-2022,91.1560393,6.707692308,8.524814746,327.2,10.55483871,27.9132,74.73401384,0.723217993,4.411868512,18.2550519,178.9,166.3,173.6,166.2,186.1,163.2,180.3,166.2,177.4,202.1,301.8,172.5,291.4,201.8,245.9,64.2,202.5,179.9,177.3,164.4,168.4,123.5,10.23218479,6.522025276,12.76239255,3.054605235,23.17782515,-1.096903137,3.327061873,1.637889208,-3.053248552,11.63614835,27.8228336,-30.02119404,43.50685236,-12.90615565,58.78680021,-52.47469623,-4.348511194,0.166898509,11.33512462,5.308770656,-1.998890774,5.920862077,108.92,1056.64,240.3805921,38.12921436,-0.599162967,45.15011528,134.4,2.181357647,2.09109E+14,7.646472578,4.9,0.9
01-08-2022,91.62916753,6.998158379,8.262692503,264,8.516129032,27.5964,78.9517301,0.766435986,4.215778547,17.49214533,182,166.7,180.6,168.8,192.4,165.9,188.8,167.6,178.3,204.4,249.8,174.4,291.4,216.9,298.3,63.5,199.4,175.9,174.3,165.5,157.3,124.3,11.82639205,5.613561233,15.99816001,4.235357754,22.52247175,-1.019499085,6.228118384,3.090218628,-0.893361609,10.51431007,5.810078775,-28.45234194,36.74197858,8.111905128,71.5178236,-48.0772211,-11.00635813,-3.902390365,8.061659578,5.272538947,0.254615033,3.8545157,98.6,1025.95,229.6260849,34.22903461,-10.7004468,36.45835824,131.5,-0.682079189,2.10367E+14,8.464996297,5.4,1.4
01-09-2022,92.15486556,7.414215686,8.201669644,181.4,6.046666667,27.4371,78.22404844,0.766782007,3.538546713,17.46754325,182.2,163.3,181.8,171.7,193.4,163.1,191.2,166.2,179.9,199.7,354.3,174.2,284.9,230.8,257.5,52.7,189.3,168.1,173.6,165.5,160.3,125,10.46289867,2.794345116,14.92123982,5.630229338,22.26266219,-5.661326902,6.091885966,0.785265286,-0.885451275,1.209082739,50.27671094,-23.52400129,40.40620914,28.30711133,56.46771186,-61.42107551,-21.66778973,-11.18829224,8.408311721,5.40000869,-14.70854087,-0.478851673,90.16,909.32,232.723065,18.94453625,-26.17414582,37.02487834,133.8,3.266526655,2.11285E+14,8.54882016,5.9,1.9
01-10-2022,92.89084281,6.767371601,7.745427331,111.8,3.606451613,25.542,72.26432526,0.753183391,3.136124567,16.93252595,186.1,163.7,185.3,173.6,186.1,162,192.2,166.2,184,199.8,437.4,205.1,296.5,260.2,278.1,51.4,195.5,171.9,175,166.7,164,125.1,8.111797659,3.228089106,15.05593669,6.423134866,20.50386904,-5.348225489,6.114504858,-0.060150378,2.476054968,-1.736585442,5.184695761,-35.70161826,37.09903649,12.86023066,53.30043187,-62.1580126,-17.33298456,-4.937172859,8.586917241,5.804097969,-10.57872539,-1.349762453,93.13,888.99,217.9006553,10.73549391,-38.78872508,5.845849225,129.5,-4.15938973,2.13451E+14,8.917127354,5.9,1.9
01-11-2022,92.78570321,5.878824235,7.110322794,18.6,0.62,22.3108,66.80515571,0.697058824,3.343529412,15.39788927,181,164.6,192.4,173.3,182.4,161.2,193.7,165.7,186.2,202.1,266.6,234.2,289.5,181.4,171.5,59,203.5,181.4,174,167.3,181.8,126.2,1.50295064,4.345811082,16.64400226,6.250174315,19.29036661,-4.606875209,9.469085691,0.605328725,3.553257105,-0.64118592,-74.37932288,-21.43948893,12.8854461,-29.48229982,-15.97161716,-35.80299577,-14.47702111,3.706207446,10.9199292,6.036314973,-6.081874004,1.43657698,91.07,945.74,201.8667862,12.00228321,-34.89421601,-17.30850004,137.7,7.304714181,2.16166E+14,9.555609094,5.9,1.9
01-12-2022,92.36514478,5.779650813,6.454401331,13.6,0.438709677,19.9536,64.0832872,0.640415225,3.618754325,14.00941176,174.9,163.6,198.2,173.7,186.6,162.9,194.7,168.2,190,199.8,181.8,194.3,251.7,144.5,111.5,56.8,196.5,174.5,174.7,169.9,186.2,126.3,-1.02389973,4.372964061,18.88006238,6.603647613,19.07168273,-1.885127275,9.8139036,1.860239661,4.852704089,-0.946457875,-105.1113919,-32.00899719,18.30369497,-57.81284867,-85.5464296,-17.11086922,-14.20825136,2.49505255,13.19789145,7.705521861,-8.243594174,2.080074996,80.9,940.39,186.6418767,8.49682919,-30.0705817,-26.61122444,145.9,4.988740746,2.14829E+14,6.583839983,6.25,2.25
01-01-2023,92.78570321,6.517803259,6.410146969,14.8,0.477419355,18.258,60.00820069,0.584186851,3.881453287,14.94550173,176.6,163.1,203.9,174.6,190.9,164.8,195.4,167.7,189,199,162.3,200.5,184.6,165.6,104,60.9,189.1,171.5,175.4,172.9,185,125.5,2.639281136,3.875484989,21.41113893,6.93611278,19.29593947,-0.363416511,10.57017544,2.170067073,5.996346477,-1.940842211,-51.92924514,-28.08005939,7.244255417,-53.86945228,-95.03204805,3.849847813,-17.15997315,0.760905047,12.94673376,9.392305671,-6.740602753,1.68746471,83.09,941.97,174.6641815,-2.894283392,-35.60197191,-29.5501386,147.4,5.652009897,2.1895E+14,9.316455333,6.25,2.25
01-02-2023,92.94341262,6.441902468,6.035613078,7.5,0.267857143,21.9006,53.08508651,0.52716263,3.622941176,18.54574394,176.9,161.9,196.8,175.6,193.1,165.6,197.3,167.8,184.6,196.3,167.8,159.5,146,181.7,102.6,77.5,180.5,163.8,177.3,174.1,162.7,125.5,3.743598677,0.868491811,16.9597968,8.246591462,17.31457617,1.337405953,11.19712695,1.018277741,4.827567033,-4.287795396,-14.56006961,-51.44553918,-15.57150133,-41.55044367,-74.39774048,9.041893566,-21.32331089,-8.369901888,11.27197337,9.830143836,-15.1425044,1.849670747,82.71,949.98,163.9614513,-14.65045475,-47.15761096,-29.70962692,139.3,5.838377474,2.2333E+14,10.11993755,6.5,2.5
01-03-2023,93.15369183,5.664877758,4.984974122,37.6,1.212903226,24.6432,56.80401384,0.524256055,3.156782007,19.62297578,178.8,160.8,187.1,175.4,193.7,167.4,201.7,172.8,185.6,194.6,191.1,138.1,135.2,219.7,93.3,86.6,169.2,151.1,178.9,175.3,160.8,124.7,5.282513938,-3.001756769,8.764322712,7.270557031,13.34576436,0.900096086,12.55598503,2.342027421,4.914044103,-5.449986418,16.45834225,-45.92655153,-29.56018118,10.04668298,-37.83042859,19.72124788,-25.47888164,-26.06828639,5.279481827,8.137464584,-8.119015473,1.29138195,78.53,972.06,158.0396227,-38.65687299,-60.32417871,-48.88758474,151.7,1.930176396,2.27798E+14,10.59570453,6.5,2.5
01-04-2023,93.62682006,4.703115814,4.930320398,42.3,1.41,27.8429,53.6683045,0.526851211,3.405813149,22.41539792,182.1,160.5,186.4,176.2,189.8,169.4,207.1,180.8,189,192.1,173.6,128.2,157,230.8,103.8,95.3,163.1,147.6,174.4,176.7,155.7,127.7,3.805719481,-5.691608611,7.287070553,6.931723088,4.692152129,2.753016474,16.21497529,7.521477913,6.955992566,-5.420420194,-16.13661916,-20.58339138,-21.41863577,14.77443236,-21.9669315,34.63847927,-29.05901636,-31.1779624,-1.649170161,7.886437935,-11.11242204,3.344260697,84.11,1005.24,155.9746176,-22.92359997,-51.51970983,-63.29547802,140.7,4.506576508,2.281E+14,9.648289698,6.5,2.5
01-05-2023,94.09994829,4.251601631,4.047609273,67.9,2.190322581,29.3957,57.92245675,0.563391003,3.836816609,22.4882699,181.3,158.9,184.9,177.2,184.5,167,211.6,178.6,185.3,188.1,159.8,129.2,190,225.6,117.8,104.3,152.4,137,172.4,177.3,166.7,128.2,1.612489761,-7.221820781,6.018529162,7.072768724,1.19957818,3.039747718,18.59197048,7.135528224,6.119818077,-7.376615024,-97.08452858,-7.526828944,-19.97132995,9.624146438,-34.2396926,45.15743055,-34.92326203,-40.93504942,-2.123465727,7.858672733,8.119313921,2.928582858,75.7,934.06,152.4722235,-39.50188375,-60.87465909,-53.34047839,145.6,5.505977718,2.34284E+14,12.47617027,6.5,2.1
01-06-2023,95.15134436,4.866743917,2.969177655,152.9,5.096666667,30.1488,64.5783391,0.597404844,4.6183391,20.29695502,184.9,158.8,187.3,178.2,181.9,166.5,226.3,184.8,196.5,187.7,249.4,144.4,204.3,257.7,120.8,120.3,150.3,129.9,171.6,178.3,175.8,129.2,1.306496537,-6.225316611,8.63805999,7.393532022,1.998956065,3.172932429,26.16574882,11.27228083,11.41636394,-6.646793194,-79.68423167,-4.403013932,-23.76245857,24.20443735,-64.87142318,56.90114098,-33.54261617,-42.45278279,-3.041841411,8.238232785,3.531481301,4.188680271,74.89,816.97,138.294178,-47.21378171,-60.83510772,-60.3880142,143.9,3.969337522,2.31429E+14,11.33776691,6.5,1.6
01-07-2023,97.93754395,7.439446367,3.177780178,316.5,10.20967742,28.1433,76.78269896,0.732975779,4.706989619,17.18560554,205.9,159.9,187.1,181.2,186,166.2,238.4,188.7,195.8,186.6,1043.6,184.3,221.3,326.2,186.6,163.9,160,134.4,175.9,177.9,165,129.3,14.05636235,-3.924476636,7.488943105,8.640951119,-0.053748994,1.821543989,27.9327805,12.696657,9.868666022,-7.9795336,124.0667007,6.61676282,-27.51776467,48.02335823,-27.59576608,93.72532751,-23.55660713,-29.15807129,-0.792756134,7.891911205,-2.039662791,4.589412971,80.1,878.5,145.6494769,-30.73378137,-18.46334337,-50.10205758,142.7,5.992409639,2.32594E+14,10.64379254,6.5,1.6
01-08-2023,97.88497415,6.827309237,3.665112384,162.9,5.25483871,28.0053,77.33622837,0.748200692,4.27384083,17.94771626,202.8,160.8,188.3,184.3,186.9,174.2,248.2,189.4,196.9,186.9,813.9,233.9,221.4,306.8,220.4,199.1,163.4,134.2,182.1,179.6,160.3,130.5,10.82135846,-3.603443301,4.175179468,8.785028251,-2.900282377,4.881886722,27.35466191,12.22809927,9.922846078,-8.950514387,118.1176911,29.35421621,-27.47258735,34.67596517,-30.26556142,114.2767305,-19.91116751,-27.05844272,4.377803421,8.176096105,1.889224955,4.867522825,86.163,860.82,157.5811001,-13.48304104,-17.54888683,-37.65120212,145.8,10.3228968,2.34772E+14,10.97593052,6.5,1.1
01-09-2023,96.78100827,5.019965773,3.699698121,189.9,6.33,27.934,75.42259516,0.73183391,3.831176471,17.66982699,189.1,160.4,190.7,187,183.9,187.2,268.2,199.7,205.5,192.6,219.5,271.9,212.2,222,176,199.4,156.6,128,179.4,180,172.2,132.6,3.717099084,-1.791830454,4.779433086,8.535984895,-5.036845141,13.78140544,33.84129702,18.3624358,13.3044893,-3.620074106,-47.87917794,44.52302872,-29.46090153,-3.887415276,-38.05357251,133.0697402,-18.96382747,-27.25287765,3.28641474,8.398565607,7.160953238,5.902334045,94,829.6,157.5238128,4.170891254,-9.175341052,-39.02725456,142.3,6.15913574,2.33575E+14,10.02950643,6.5,0.6
01-10-2023,97.41184592,4.867006225,3.241144652,50.6,1.632258065,26.2356,68.433391,0.696920415,2.978788927,17.39577855,192,160.8,194,190.2,183.5,192.2,274.8,205.6,207.2,189.5,189.9,343.4,209.7,234.7,205.3,194.9,155.5,124.2,177.1,180.2,177.4,135.1,3.121120838,-1.787412763,4.588202577,9.132234789,-1.406949615,17.09401613,35.75070638,21.27406512,11.87487528,-5.292784169,-83.43504904,51.53982834,-34.63692805,-10.31424632,-30.35084372,133.2848434,-22.89146478,-32.50197429,1.192857087,7.787155542,7.854064205,7.690182749,91.061,804.26,161.7776389,-2.246675492,-10.01633869,-29.78164565,144.9,11.23629682,2.35128E+14,9.672444978,6.5,0.6
01-11-2023,97.93754395,5.552407932,3.137270709,34.7,1.156666667,23.1552,65.27100346,0.648442907,3.014532872,14.46283737,197,162,197.6,191.4,185.7,195.7,277,203.7,217.1,192.1,330.7,490.5,210.3,167.3,201.8,217,159.8,128.6,172.3,181.5,182.7,138.9,8.470669747,-1.592195301,2.666824708,9.93412823,1.793039072,19.39370443,35.77069358,20.64693988,15.3536712,-5.074655464,21.54622122,73.92498278,-31.96202143,-8.091592969,16.26938413,130.235991,-24.17429716,-34.39977259,-0.981815568,8.146704571,0.493828164,9.588629965,83.183,830.47,157.1558443,-9.058544155,-12.99758843,-25.03700537,141.1,2.439145312,2.37415E+14,9.376558769,6.5,0.6
01-12-2023,97.62212513,5.691519636,3.352122831,25.5,0.822580645,19.9438,63.80446367,0.620103806,3.544705882,13.51262976,191.2,161.1,200.5,192,188.3,194,269.7,203.6,216.6,189,328.9,354.5,189.8,181.9,129.1,312.1,156.4,127.4,171.5,181.7,188.7,136.6,8.910561859,-1.539913399,1.153762485,10.01656988,0.906914725,17.47216435,32.58503178,19.10035371,13.10282624,-5.556985115,59.28465715,60.13049896,-28.2267016,23.0177578,14.6562707,170.3787324,-22.82456032,-31.45929985,-1.848695053,6.714694672,1.333708753,7.839691778,77.858,813.51,119.3641917,-3.832716934,-14.49364637,-44.70124288,152.3,4.293080437,2.39812E+14,11.00153795,6.5,0.25
01-01-2024,97.51698552,5.099150142,3.090884781,7.2,0.232258065,18.3748,59.45989619,0.562387543,3.339619377,14.09228374,188.8,160.3,200.1,191.2,195.6,187.6,256.3,198.7,211.6,189.6,254.4,246.7,169.5,222.1,146,351,153,124.6,170.4,182.3,192.1,136.2,6.680096554,-1.731645001,-1.881243599,9.082235721,2.432202687,12.95794191,27.12998938,16.96194807,11.29506849,-4.83882349,44.94613569,20.73587768,-8.533839525,29.35524889,33.92157226,175.1553049,-21.18380543,-31.94746603,-2.892046554,5.2940289,3.76602447,8.181863514,80.227,844.9,115.9299401,-3.506424111,-10.87551498,-40.98791233,153.6,4.120184096,2.41531E+14,9.815329716,6.5,0.25
01-02-2024,97.67469493,5.090497738,3.153171121,19.7,0.679310345,21.1022,56.39685121,0.523598616,3.886366782,17.57892734,189.4,160.1,201.5,193.6,198.4,192.3,262.6,202.3,215.8,189.6,269.3,205.2,169.6,186.9,154.9,400.5,151.1,124.8,167.6,183.5,186.7,135.1,6.827657959,-1.118024068,2.360139677,9.758549364,2.707700542,14.94814106,28.59065488,18.69789501,15.61607308,-3.472751146,47.30532058,25.19411911,14.98361016,2.821673906,41.19418147,164.243583,-17.77889085,-27.19337155,-5.626302503,5.258482072,13.75950363,7.370948639,83.764,856.93,117.9976176,1.266280721,-10.30846968,-32.89669133,147.1,5.448274682,2.44218E+14,8.940987527,6.5,0
01-03-2024,97.67469493,4.853273138,3.47738507,28.6,0.922580645,24.9235,53.37245675,0.502768166,3.662249135,20.76425606,191.4,162.1,201.1,196,196.4,192.8,261.3,205,218.2,188.5,250.1,216.1,214.2,207.2,181.1,252.2,152.7,130.1,167.8,184.2,170.3,134.8,6.809761628,0.8052072,7.21590635,11.10455793,1.384282551,14.12672241,25.88877276,17.08751228,16.1818253,-3.184816286,26.90639866,44.77632031,46.01549944,-5.857846901,66.3229257,106.8922608,-10.26062349,-14.96384838,-6.405419648,4.952333189,5.740023092,7.788134579,85.447,942.92,115.3250405,8.441558331,-3.043608755,-31.50911974,160,5.326892888,2.48126E+14,8.547508792,6.5,0
01-04-2024,98.14782316,4.828747894,3.35736395,32.1,1.07,29.0582,52.07730104,0.489377163,3.673598616,22.04086505,196.8,164,197,197.4,198.7,195.8,270.4,209.6,223.4,186.3,244,204.1,270,224.4,193.8,237,153.8,130.2,167.6,185.3,158.6,135.7,7.763199788,2.157248525,5.530882649,11.36124135,4.582526338,14.48309479,26.67005758,14.78095045,16.72168716,-3.065779217,34.04144231,46.50185253,54.21761537,-2.812136099,62.43607287,91.10303305,-5.871045256,-12.54341824,-3.977132343,4.752275397,1.845423036,6.07628038,90.054,935.69,113.7977649,6.828402443,-7.169737292,-31.52704059,148,5.058230964,2.50143E+14,9.224862504,6.5,0
01-05-2024,98.6735212,4.860335196,3.269029057,66.5,2.14516129,31.075,55.15761246,0.523321799,3.93467128,22.39813149,199.3,164.5,196.5,197.7,200.9,202,291.8,209.1,227.8,186.2,262.8,205.4,311.7,228,188.7,269.8,163,129.3,167.1,184,172.1,137.8,9.465810946,3.463549666,6.084729292,10.9471692,8.515780834,19.0273885,32.13709361,15.7663938,20.64919177,-1.015237146,49.74702533,46.35977061,49.50171146,1.058210933,47.11701812,95.04095818,6.724155755,-5.784564005,-3.122492263,3.709254453,3.187991346,7.221181409,81.995,859.15,108.4501646,7.988010935,-8.35971476,-34.06916834,154.7,6.062462182,2.51239E+14,6.986955558,6.5,0
01-06-2024,99.98776629,5.082872928,2.971397107,147.3,4.91,30.5463,64.37294118,0.601557093,4.508858131,19.39923875,205.5,165.9,199,199.4,202.7,209.8,303.5,202.8,227.9,189.1,393.6,279.2,343.7,272.2,204.1,272.2,171,131.1,166.5,185.5,170.6,137.3,10.56308955,4.373964838,6.059321527,11.24063425,10.82699679,23.11593865,29.35200579,9.294611251,14.82445049,0.743103207,45.62771319,65.93411444,52.0179682,5.474097256,52.44737843,81.65484672,12.90302597,0.919546709,-3.017087763,3.958735718,-3.002535019,6.080672143,82.555,873.67,118.1996018,9.744436762,6.710035551,-15.70084041,151,4.816122292,2.52402E+14,8.674774845,6.5,0
01-07-2024,101.4597208,3.596349973,2.894753198,304.6,9.825806452,28.6501,75.9899308,0.730449827,4.981626298,16.68252595,213.1,166.1,200.2,201.1,207.2,212.9,306.8,198.8,224.8,190.4,630.5,347.9,397.7,272.1,246.1,300.7,171.9,132.8,167.8,186,180.4,136.3,3.437092507,3.804139678,6.76736336,10.42009032,10.79378367,24.76306895,25.22461343,5.214084185,13.81173879,2.015983394,-50.39183979,63.53502175,58.61787052,-18.13410444,27.6770669,60.68566042,7.173909715,-1.197619105,-4.714285771,4.452507904,8.923113373,5.272305292,85.296,896.09,120.3421076,6.285170601,1.982494673,-19.08643087,149.8,4.85565466,2.54127E+14,8.853832188,6.5,0
01-08-2024,101.4597208,3.651987111,2.530730296,293.5,9.467741935,27.7915,79.36941176,0.788581315,4.098304498,17.32141869,209,166.5,202.2,202,213.4,224.1,303.8,190.2,223.3,188.4,385.4,391.2,393.6,278,260,338.6,173.7,131.2,169.3,185.9,168.4,137.6,3.011398025,3.483395268,7.122087092,9.170283273,13.25946244,25.18883164,20.21347174,0.421496936,12.58201732,0.799364768,-74.75557524,51.43252646,57.53641449,-9.85749558,16.52375537,53.10122586,6.112849082,-2.260834803,-7.288369759,3.447673886,4.929504219,5.297769874,80.863,932.63,120.0226324,-6.34844865,8.012312865,-27.22599185,145.8,0,2.55914E+14,8.622785536,6.5,0
01-09-2024,102.0905584,5.486148832,2.440633031,187.7,6.256666667,27.8783,78.38480969,0.784463668,3.818235294,17.59463668,210.8,171,205.4,203.4,216.5,232.5,300.1,192.5,220.8,187.3,384.7,493.3,376.2,280.2,234.3,439,188.7,142.2,169.2,185.3,178.2,136.1,10.8633841,6.399286107,7.425778489,8.406586676,16.31984158,21.6712661,11.23827816,-3.672008669,7.181128047,-2.790388991,56.11115772,59.56831566,57.25916907,23.2826252,28.61183505,78.91865555,18.64636688,10.52042534,-5.853650245,2.90192824,3.424992304,2.605283191,74.293,982.83,118.7156045,-23.52780476,16.94925083,-28.28458848,146.9,3.181457808,2.57804E+14,9.869542684,6.5,0
01-10-2024,103.4573733,6.206152186,2.597904905,75.9,2.448387097,26.9184,72.12608997,0.746782007,3.003287197,17.0150519,217.9,175.9,209.6,204.4,215.6,230.6,290.2,190.9,220.5,187.5,641.3,478.2,375.6,280.7,243.8,460.5,195,162.9,167.1,185.6,178.1,136.9,12.65408699,8.9754295,7.734279338,7.200270822,16.12101715,18.21481113,5.45267801,-7.418280285,6.22131845,-1.061017911,121.6999748,33.11331066,58.28468094,17.89783805,17.1875893,85.98262492,22.63538269,27.12433461,-5.812210919,2.952647518,0.393812042,1.323548733,75.662,1077.25,123.4805426,-18.52535587,29.22441765,-27.01391989,150.3,3.658944743,2.59521E+14,9.870587628,6.5,0
01-11-2024,103.2996639,5.475040258,2.749380396,13.4,0.446666667,23.1391,65.76432526,0.682352941,3.3283391,14.8700346,213.7,177.5,213.8,205.9,213.3,226.7,286.9,187.1,217.7,190,433.9,495.8,384.1,283.1,274.1,487.1,197.6,170.7,167,185.2,188.7,136,8.136943359,9.137427368,7.879621328,7.302513501,13.85671571,14.70446831,3.51162168,-8.500508995,0.275989136,-1.099199761,27.16024728,1.07473406,60.23678526,52.60115841,30.62158954,80.85720873,21.2321752,28.3200818,-3.124333112,2.018066851,3.231298899,-2.109936402,74.395,1168.58791,119.7180966,-11.16542647,34.15595788,-27.20981676,148.1,4.841886241,2.60843E+14,9.410818668,6.5,0
01-12-2024,102.7213961,5.223478729,2.88805722,27.6,0.890322581,19.4597,63.19387543,0.633391003,3.874186851,13.36716263,207.5,176.8,215.5,205.3,212.9,221.4,273.8,186,212.9,187.4,346.4,414.7,365.1,222.2,214.4,508.1,194.4,171.6,167.7,185.6,200.4,134,8.181133905,9.299386002,7.21466628,6.6976952,12.27861362,13.21128612,1.508768271,-9.041061096,-1.722976267,-0.850164526,5.184042349,15.68470213,65.42004025,20.01207917,50.72561313,48.73546293,21.75010639,29.78344439,-2.240659778,2.123684495,6.015691684,-1.921714719,73.833,1189.73,119.6059635,-5.308086859,38.01234505,0.202344791,158,3.674277313,2.62115E+14,8.892638774,6.5,0
01-01-2025,101.67,4.258760108,3.000483112,11.0967128,0.357958478,12.72352941,58.95896194,0.58349481,3.811038062,14.77854671,199.8,177.5,219.6,203.1,217.9,213.7,259.1,189.3,211.8,187.4,206.3,316.6,292.5,202.2,137,427.8,192.9,170,164.1,187,184.6,136.8,5.66286125,10.19235493,9.299046805,6.037846797,10.79644843,13.02611258,1.08654542,-4.846309134,0.094473318,-1.167122002,-20.95764114,24.94661239,54.56117399,-9.387042431,-6.362569588,19.78695732,23.17339985,31.06898307,-3.76726163,2.545493517,-3.982474771,0.439561147,79.206,1070.31,124.2886858,-1.280806304,23.6485328,6.962092705,161.6,5.077232537,2.6423E+14,8.982169271,6.5,0
01-02-2025,101.32,3.732087487,2.821548952,11.69896194,0.417820069,14.96695502,53.41885813,0.517093426,3.643944637,17.89363322,195.9,178.7,221.2,203.6,217.5,207.3,238.8,188.8,211.2,186,160.8,303.8,216.3,181.3,111.3,268,190.3,174.9,161.6,186.5,172.5,140.1,3.37431442,10.99098022,9.327788826,5.036310983,9.191365568,7.511036685,-9.500558035,-6.906349046,-2.154650099,-1.916991611,-51.56646431,39.23844769,24.32236096,-3.04205967,-33.05504891,-40.1726786,23.0659905,33.75019261,-3.645604196,1.621657159,-7.910581408,3.634120838,75.157,1067.27,133.4671713,-10.8424062,21.95030302,12.31911057,151.1,2.682924167,2.66145E+14,8.598000401,6.25,-0.25
01-03-2025,101.39,3.803753951,2.390725254,18.77806228,0.605743945,18.29411765,50.31128028,0.488235294,3.779723183,21.20269896,194.8,180.1,217.6,203.2,214.4,203.2,229.8,187.2,207.4,187.6,142.6,272.6,199.7,186,100.9,157.3,189.9,177.3,161.7,187.2,167.1,142.1,1.760791219,10.52988234,7.88562182,3.607605647,8.769003328,5.253733353,-12.84598071,-9.083241509,-5.07627776,-0.478597032,-56.18173299,23.22642557,-7.009391759,-10.79378367,-58.49194375,-47.20676135,21.80224056,30.95398276,-3.703002745,1.615544022,-1.896915207,5.273883662,72.574,1067.6,128.3960566,-16.32895697,12.41869741,10.73650983,166.3,3.861957097,2.68521E+14,7.899445663,6.25,-0.25
01-04-2025,101.58,3.496946468,2.311288862,43.45536332,1.448512111,22.21885813,50.97276817,0.495432526,3.561453287,22.53394464,197.4,179.5,211.6,201.4,209.9,203.6,221.8,187.8,204.3,187,149.7,204.5,205.4,217,102.7,136.5,191.5,175.8,159.7,187.3,162.3,142.6,0.304414238,9.03087801,7.149397125,2.006085329,5.483507727,3.906355458,-19.81262693,-10.98233857,-8.937438481,0.375033925,-48.85349339,0.195790567,-27.34626615,-3.353282011,-63.50145825,-55.17355265,21.92347515,30.02752555,-4.828313283,1.073547616,2.306116532,4.959694114,67.745,994.37,129.2457138,-28.46588341,6.082514576,12.72924705,151.8,2.53515912,2.70412E+14,7.791396755,6,-0.5
01-05-2025,101.9,3.269852703,2.354896535,146.962526,4.740726644,23.73114187,60.32134948,0.580449827,3.869238754,20.53633218,196.8,178.4,207.8,199.6,206.6,199.6,214.8,187.9,202.3,188,176.7,176.3,221.4,218.5,109.7,133.9,198,172.6,159.8,190.1,175.5,142.6,-1.26232426,8.111764994,5.591364736,0.95646337,2.797728486,-1.195233352,-30.63612735,-10.69027,-11.87163068,0.962059799,-39.69399073,-15.27722081,-34.20701665,-4.255961442,-54.24090851,-70.05876911,19.45168299,28.88414929,-4.466940227,3.261449189,1.956333969,3.42401494,64.206,907.58,133.2038916,-24.45616055,5.483818813,20.5590219,157.6,1.857241984,2.7185E+14,7.884576627,6,-0.5
01-06-2025,102.51,2.522542313,2.669213018,186.6,6.22,24.26854671,66.96785467,0.643321799,4.790899654,19.23823529,198,177.3,206.5,199.9,208,196.4,205.6,184.9,199.7,188.5,277.4,185.8,232,257.5,138.9,145.2,206.9,166.1,160.2,190.2,179.5,141.5,-3.717900324,6.645801588,3.699558768,0.250438398,2.581102624,-6.600130004,-38.94490769,-9.240513332,-13.20906958,-0.317796878,-34.98746573,-40.72575445,-39.30318122,-5.551737011,-38.48558201,-62.84249878,19.05720282,23.66296258,-3.857227479,2.502126806,5.085357287,3.013140431,71.45,935.3889411,142.9810897,-14.44668335,6.825969261,19.03376454,153.3,1.511694906,2.73214E+14,7.923310871,6,-0.5
01-07-2025,103.35,1.863083398,2.704902397,255.6459516,8.246643599,23.64252595,76.61176471,0.737681661,4.790726644,16.94439446,199.7,177.5,209,201.4,207.3,197.7,197.6,183.5,194.9,189.4,361.2,193.5,232.5,291.8,149.1,137.9,221.9,164.3,161,190.4,177.6,141.3,-6.494529868,6.63805923,4.301738508,0.149068351,0.048250906,-7.407184172,-43.99512842,-8.008462673,-14.27245115,-0.526594161,-55.70813339,-58.66375697,-53.68077272,6.98989903,-50.11207356,-77.95843052,25.53139175,21.2849788,-4.136842905,2.338044864,-1.564277707,3.602695099,70.951,976.3848545,154.5280897,-18.41380621,8.58159725,25.00373068,156.2,4.183616632,2.74803E+14,7.822033526,6,-0.5
01-08-2025,103.74,2.247472392,2.916174284,216.236263,6.975363322,22.94204152,78.59276817,0.769965398,4.053010381,17.06252595,202.5,178.6,211.8,200.3,210.8,203.7,196.2,186.7,189.5,195.9,475.2,193.8,218.2,265.6,155.3,124.5,225.1,168.9,162.1,190.7,172.9,142.7,-3.159436542,7.015335902,4.638512658,-0.845145473,-1.22585222,-9.544405757,-43.7235043,-1.857309956,-16.41271343,3.903696281,20.94540121,-70.23922387,-58.99230918,-4.562969609,-51.53229009,-100.0513754,25.92150747,25.25839473,-4.34588604,2.549261788,2.637129088,3.639359898,68.203,1026.117154,156.2872035,-17.02678125,9.552865284,26.40150342,151.8,4.032804539,2.7612E+14,7.59941033,6,-0.5
01-09-2025,103.74,1.615665148,3.012676776,156.0570934,5.201903114,21.95605536,77.38920415,0.782941176,3.544705882,17.49591696,200,178.9,211.6,200.6,202.9,201,193.4,187.4,189.7,197.2,335.1,177,218.1,284.8,155,125.9,223.5,171,161,191,185.9,142,-5.259245012,4.516343401,2.973840249,-1.386160809,-6.487730061,-14.5585317,-43.93551694,-2.685078392,-15.18134375,5.150683272,-13.8034815,-102.4967776,-54.51672437,1.628354563,-41.31772286,-124.9011472,16.92529617,18.44290391,-4.967708219,3.029729476,4.230237969,4.243714794,67.951,1038.356287,149.4640911,-8.922987744,5.495808347,23.03254166,153.7,4.525056736,2.779E+14,7.506366992,6,-0.5
01-10-2025,103.74,0.273181767,,121.5468166,3.920865052,19.43754325,73.27757785,0.755086505,3.42349481,16.52145329,199.8,179,211.3,202,198,198.1,194.6,187.3,190.2,197,302,162.3,227,288.1,170.6,131.8,217.8,172.4,161.2,191.6,187.2,142.6,-8.671937574,1.74701541,0.807797218,-1.181116093,-8.515780834,-15.19126541,-39.96241707,-1.903812128,-14.78215448,4.942488333,-75.30703488,-108.0582581,-50.35747299,2.602115872,-35.7026582,-125.1027234,11.05776519,5.668084262,-3.594660553,3.181604518,4.983237375,4.079277569,,,,,,,151.1,0.530857252,2.7945E+14,7.398576153,6,-0.5
01-11-2025,104.01,0.687646081,,37.41695502,1.247231834,15.19529412,64.68584775,0.706297578,3.363598616,15.73314879,205,178.8,211.4,203.7,193.9,196.1,197.8,188.1,192.2,196.8,365.5,175,245.1,296.6,174.9,130.6,218.2,172.2,163.8,191.4,199.9,143.1,-4.156318319,0.729725382,-1.128892515,-1.07422908,-9.535706323,-14.50028243,-37.18773038,0.533050303,-12.45814717,3.516391246,-17.15478136,-104.1386646,-44.92366448,4.658423759,-44.92786213,-131.6330224,9.916728809,0.874896219,-1.9347641,3.292915681,5.765878913,5.088880083,,,,,,,158.7,6.912790626,2.811E+14,7.479178415,6,-0.5
01-12-2025,104.1,1.342080601,,11.81647059,0.381176471,12.91190311,62.74716263,0.645951557,3.477820069,14.2667128,206.4,178.5,212.1,205.5,191.2,191.6,196.6,188.5,192.7,195.9,466.1,189.1,223.2,298.1,161.7,132.7,215.3,172.7,166.7,191.6,207,142.6,-0.531530606,0.956945102,-1.590304797,0.097370991,-10.75025713,-14.45611547,-33.12267051,1.335133317,-9.968799648,4.435895515,29.68060267,-78.52793916,-49.21030582,29.38511235,-28.21006626,-134.2587337,10.21145123,0.63897981,-0.598087907,3.181604518,3.240342405,6.220370803,,,,,,,170.7,7.731259677,2.828E+14,7.595659527,6,-0.5
01-01-2026,104.45,2.734336579,,,,,,,,,203.1,179.8,214.5,204.9,187.4,191.5,202.2,189.8,195.7,194.2,394.7,210.8,178,243,148.1,146.5,216.3,178,173.4,191.7,197.1,142.3,1.638160237,1.287451312,-2.349797127,0.882358666,-15.07908721,-10.96853537,-24.7956781,0.263782796,-7.905955877,3.564318605,64.87945626,-40.67293308,-49.66811164,18.38041368,7.790679545,-107.1630368,11.4494413,4.598511324,5.512506625,2.48230332,6.551989209,3.941749991,,,,,,,,,2.845E+14,7.391331758,6,-0.5
01-02-2026,104.57,3.207658902,,,,,,,,,200,180.8,211.4,204.3,186.7,191,211.8,188.8,201.1,194.5,217.1,179.6,157,225.8,143.7,155,213.3,183.7,177.4,192.1,189.8,143.6,2.07130416,1.168302579,-4.531519621,0.343221715,-15.26958,-8.18935914,-11.99839484,0,-4.900325505,4.468548935,30.01967201,-52.56374343,-32.04205276,21.9496534,25.54985348,-54.75618636,11.40978512,4.90896102,9.328292379,2.958483069,9.55736497,2.467520327,,,,,,,,,2.862E+14,7.264959408,6,-0.25
01-03-2026,104.84,3.402702436,,,,,,,,,198.5,183.4,207.6,203.5,183.1,186.3,210.4,188.4,200.2,194.1,185.5,157.8,143.9,211.6,121.6,147.5,214.6,190.7,182.4,192.1,170.9,143.9,1.881570892,1.815730764,-4.704536369,0.147528918,-15.78109775,-8.68324381,-8.819888455,0.63897981,-3.533242891,3.40614536,26.30113741,-54.66771109,-32.76976265,12.89510263,18.66070422,-6.432663428,12.22782124,7.285829953,12.04593111,2.583850573,2.248615452,1.258757879,,,,,,,,,2.881E+14,7.037851891,6,-0.25
01-04-2026,105.12,3.48493798,,,,,,,,,201.4,185.7,212.4,202,182.1,187.9,212,188.6,200.5,194.2,197,150.4,143.7,215,122.6,151.3,217.6,197.1,184.2,192.3,175,143,2.006085329,3.395726043,0.377358938,0.297471712,-14.20752401,-8.024737826,-4.518980024,0.425080343,-1.877525508,3.7779939,27.45704373,-30.7269564,-35.72315044,-0.925932541,17.71149066,10.29400062,12.77707064,11.43642289,14.27250686,2.634504314,7.53394994,0.280112228,,,,,,,,,2.901E+14,7.027896925,6,0
01-05-2026,105.91,3.935230618,,,,,,,,,,,,,,,,,,,,,,,,,,,,,,,,,,,,,,,,,,,,,,,,,,,,,,,,,,,,,2.918E+14,7.08181925,6,0
01-06-2026,107,4.380060482,,,,,,,,,,,,,,,,,,,,,,,,,,,,,,,,,,,,,,,,,,,,,,,,,,,,,,,,,,,,,2.935E+14,7.162226837,6,0
