rainfall_total_mm,rainfall_rate_mm_per_day,temp_mean_celsius,relative_humidity_2m_pct,surface_soil_wetness_index,wind_speed_10m_ms,solar_irradiance_kwm2,rainfall_total_mm_anom,rainfall_rate_mm_per_day_anom,temp_mean_celsius_anom,relative_humidity_2m_pct_anom,surface_soil_wetness_index_anom,wind_speed_10m_ms_anom,solar_irradiance_kwm2_anom,USA_CPI,iip_general_yoy,m3_money_supply_yoy,rbi_repo_rate_yoy_diff,wpi_primary_food_articles_yoy,wpi_manufactured_food_yoy,wpi_wheat_yoy,wpi_rice_yoy,wpi_maize_yoy,wpi_gram_chana_yoy,wpi_arhar_tur_yoy,wpi_moong_yoy,wpi_urad_yoy,wpi_masur_yoy,wpi_tomato_yoy,wpi_onion_yoy,wpi_potato_yoy,wpi_brinjal_yoy,wpi_cabbage_yoy,wpi_garlic_yoy,wpi_mustard_oil_yoy,wpi_soybean_oil_yoy,wpi_groundnut_oil_yoy,wpi_milk_yoy,wpi_egg_yoy,wpi_sugar_yoy,crude_oil_brent_usd_yoy,palm_oil_usd_yoy,global_fertilizer_index_yoy,cpi_headline_yoy_lag1,cpi_headline_yoy_lag12,cpi_headline_yoy
17.2,0.5548387096774193,18.0668,53.97809689,0.50083045,3.560069204,15.04820069,0.1596214645443614,0.15962146454436127,-0.045594131955735424,-0.6435208990992708,-1.0628549695651175,-0.8344437582790747,0.1282962302420351,1.142204454597375,3.861038502646608,13.333227394683078,-1.5,4.034455359449929,0.8956312022070811,-0.9728259840779074,-2.022747481266052,-4.556863129902755,13.936087668095263,-1.5919294217491498,7.863408167933761,-18.96356893598754,2.608843608429768,24.32606934738093,-16.866796437597742,98.54008985345448,15.324467750027893,6.739603704481789,113.53442979368396,3.7387532071620377,6.736154975486741,9.675940014873374,5.290286378082287,2.098437655226704,-5.761710075247972,-27.21778859,38.69215304,-6.159912246,5.156973517685098,3.248261822784144,4.943861624001274
20.8,0.7428571428571429,20.507,52.24629758,0.48982699,3.815813149,18.246609,-0.05615004010312857,-0.04638962467880324,-0.5561564481029321,-0.6069182323611162,-0.601832152959045,0.4323217176951612,0.37277161808627657,1.137656427758806,2.5573799312099688,13.305469728721064,-1.0,4.380262265839274,2.4845998586530804,1.7094433359300163,-1.3522025331974774,-0.6940455853029714,12.39030057981676,-5.644590935665317,8.875342098126904,-15.149181093831432,4.076184233520896,10.329956983780342,-16.346094597835403,67.35258839726184,6.297788178019648,35.21767637368329,108.67971176101778,4.361529242586792,6.385147198653263,14.714862431635334,4.586557466060404,4.073883097910347,-2.8880200427058966,-29.99221273,38.58291336,-0.832182334,4.943861624001274,3.02325509037374,5.191865173257153
22.3,0.7193548387096774,25.0371,48.38941176,0.456228374,3.482560554,21.68747405,-0.45817867279138724,-0.4581786727913871,0.2744041623949914,-0.9131480439883061,-0.8730606961577381,-0.4613945586573821,1.1554428107921384,1.475595913734393,3.9307579032419326,13.188570316069104,-1.0,4.538300584781752,0.6217636610870159,3.653374333245552,-2.1427204839088,2.823451246259756,6.2050590528316185,-4.7765953869582045,5.44726212028559,-17.812203941765947,1.7884232256420771,37.44704757142241,-10.859058747221928,58.11381778692781,-8.685161982018696,31.398116599879657,87.50253766727289,0.8460287349391749,3.350977889887829,14.554230529065793,3.621397532693038,9.77604941258683,-2.9435532102128903,-2.910808416,34.59881215,-2.002928188,5.191865173257153,2.534556725499969,5.168520874389913
39.1,1.3033333333333337,28.5437,47.73197232,0.44266436,3.76200692,23.56363322,-0.015862970664015097,-0.015862970664014073,0.20194095959229397,-1.315365712616995,-1.2607291441359156,0.34258966024992743,1.0973555396040218,1.639344262295075,4.032311698434077,13.266817185210655,-1.0,2.627221350552356,2.602886671127713,-0.5188826862458473,-2.673306219706894,1.295427859269127,0.0,0.2867385477156148,7.259090485896946,-16.946579987173926,3.462264710114038,18.932005263655327,-0.8196767204178279,19.346277351198093,17.21055403838543,35.27145427226355,95.3968548136034,2.5598667415991816,4.587960575069383,18.999512078179272,2.0655794878478684,0.6056036677041909,-4.731111409911337,0.389864042,36.06510923,-3.807194795,5.168520874389913,2.283107764291742,4.687517860366372
58.0,1.870967741935484,30.583,52.16871972,0.46615917,4.666643599,23.29750865,-0.03452927305015212,-0.03452927305015114,0.4198850298606947,-1.3233931903272926,-1.4058496219085521,1.8389396743281559,0.32622145706806255,1.181767023072594,4.040344540233054,15.883136752100311,-1.0,1.4789803146305849,3.8282186571017007,-2.0773972685811604,-4.099428736929767,0.967841315191631,-7.468076453215122,4.661713601568085,7.675400374631813,-15.19079462036914,4.009445720187843,6.435824118807609,-2.32955626035225,-4.357535853863137,-11.721721904669558,17.59259205575492,74.78466843912548,2.62838360742279,4.2027763807927165,15.707104582506748,2.731761318114589,-3.0890487019338053,-4.167269640056803,-11.51549133,49.79222189,2.092752011,4.687517860366372,2.499994495320957,4.656367874298356
169.1,5.636666666666667,29.4811,62.40366782,0.569757785,4.728858131,20.8099654,0.1809708193160166,0.18097081931601686,-0.26968677364535,-0.46655580591984785,-0.44337927689948337,-0.47481616588669434,0.5274002840385424,1.067415730337071,4.428768020111651,15.064543908275851,-1.0,1.7988118524508767,5.800681927435569,-2.469261259037125,-5.037035938894974,-3.943555900221174,-13.821524193694934,6.2561981156660895,6.8257798447738605,-18.619313228606327,4.798594433754921,-2.630974890987936,21.57243333921808,0.6386658898795972,-11.309892822991596,-10.726952037375035,52.91545321119679,15.782580340514984,22.222146733924177,6.99300786783259,3.060544907607809,-4.861045350312043,-5.029202346013584,-13.92205727,51.31758011,3.249916739,4.656367874298356,3.393669267313992,4.157562178793872
138.5,4.467741935483871,28.1895,66.34096886,0.607889273,5.064394464,19.28806228,-3.316098362488823,-3.3160983624888223,0.7297347512307487,-3.111447361114628,-2.641960468089091,0.8856700586670243,1.523991566718942,1.464788732394366,6.866031411774065,15.121675904214626,-1.0,2.266385957721173,4.602346047603412,-2.8041894637095943,-2.785365251103933,4.941332687570021,-15.870473062220114,7.183939101607351,0.976093645333398,-15.709007850281598,3.2677864919045785,-9.53584574976256,34.09704168231129,6.484635552510287,-8.707937413377564,-26.645079643827785,36.67452795922368,15.705242871495706,39.34750205487782,0.995693589479707,4.777027626868646,0.942377398187766,-6.301895024640869,5.170137438,24.59126596,3.529778208,4.157562178793872,4.04491360364108,3.887750750307948
243.6,7.858064516129032,27.4201,72.3067128,0.665467128,4.605743945,17.64519031,-0.1839061951628203,-0.18390619516282042,0.0555020788836027,-2.3887569034590026,-2.196446679685356,0.897796519633111,-0.9518161598332986,1.802816901408449,5.982645031231781,15.36067903728906,-1.0,2.854937810671876,6.492345730707694,-1.4917086703237548,-0.3565066164496144,12.94580672368868,-12.754135807519251,9.745052613433502,-4.485056616535177,-18.171383875641123,4.201095101002483,-14.981652414355915,15.006069457573323,16.50476862311896,13.52443256847975,-22.74312211064915,32.83866202633452,14.095475158193429,39.585149820834296,10.769891658975704,3.84549008326891,5.73686701431555,-6.4144121605738125,3.442022389,20.86747402,7.981442323,3.887750750307948,5.191865173257153,3.862622278586751
136.0,4.533333333333333,26.9258,71.09581315,0.674290657,3.709238754,18.90214533,-0.9362543769482076,-0.9362543769482081,-0.9305350185110679,-1.486547478878253,-1.654919391267101,0.1571596407110324,0.749209764501348,1.514301738642747,6.058824296709364,15.283540117662398,-1.0,2.6712773653399857,6.440991204473168,1.3229988770881107,-0.7092228309492299,10.261141323332668,-8.135552239056842,10.367332106154016,-2.456179336451614,-13.2092436363628,7.687025996408137,-4.060259202550043,17.40024483799898,24.4589232754004,21.357410029805912,-34.670081709727626,41.78615670361548,16.101582411608373,40.43163429042909,18.94644443063345,4.147513870690522,1.588481054002333,-7.507352472355366,10.41833525,31.55168714,1.443026483,3.862622278586751,4.729778874660292,4.30101872760242
58.0,1.870967741935484,25.7823,62.62051903,0.625743945,2.945051903,17.69885813,-0.5313733790619392,-0.5313733790619389,-0.015572771510877438,-1.3946950878427784,-1.9270114550700448,-0.9250615386876779,0.09680838505574503,2.025886325267306,6.792366054493737,15.49201486001266,-1.0,1.5504186535965303,4.947533034902829,0.9750579115376912,-1.131301139700014,10.176272007670306,-12.516314295400566,9.170150284004295,-4.211148535012699,-10.455276117125711,7.421244534773663,15.273924698885022,16.438094807807335,19.78475281611427,-12.921173148000609,-54.4536681108303,35.4272059322422,17.40954973267721,40.316361111988506,20.189844270047352,3.4241834113385217,-12.604072089536531,-8.995688721938633,29.37611185,43.2766507,-0.288600489,4.30101872760242,4.231597825125409,4.059832851287288
16.2,0.5399999999999999,22.366,56.28875433,0.57017301,3.177820069,15.48321799,-0.646177559737688,-0.6461775597376884,-0.08043944649821637,-1.3491394458628463,-1.7241824310937257,-1.124339753993947,-0.013289596772984072,2.198421645997739,4.048660894348233,15.08337844124803,-1.0,1.8267875843862136,4.823439973385835,1.3072081567353069,-0.8353270528970391,17.261274266699367,-14.008879317068155,11.5661501294956,-0.5197271325608099,-12.147989753770982,8.876037582884022,-29.29639352002216,-10.937007805582866,4.506958767919489,-10.956220251152615,-36.45370184204442,20.860741906487945,22.965823233540306,40.62310981877473,22.796574269597425,3.84549008326891,-7.734705636095018,-11.447724752188382,24.71907111,36.43850824,-1.149437943,4.059832851287288,4.88892925938106,3.601613532245662
4.9,0.1580645161290322,19.4116,53.67570934,0.52,3.539653979,14.35487889,-1.532857351601906,-1.532857351601906,0.6307576011128425,-1.4385147146924586,-1.6352933890530041,-0.6725896489036828,0.7763159682717007,2.376910016977928,5.972741804116222,14.807942386519102,-1.0,-0.5624311788932523,4.307529986211023,1.7509625536478168,0.1207000750035547,18.519453229767933,-20.2927137950268,13.31821696421014,-2.152725009916701,-11.289399718887829,6.342451617493738,-97.03579531444304,-25.07003662413468,-55.10357733123055,-6.155789299943315,-25.015129933325973,6.56832218193073,29.21472716709808,43.21130495910559,25.59333741372005,3.4241834113385217,-0.6099646156723537,-13.385103462820291,42.67425066,30.6258458,-0.841519693,3.601613532245662,5.156973517685098,3.198228594699483
7.4,0.2387096774193548,17.8009,52.1349827,0.499238754,3.570380623,14.94079585,-0.9266912802714318,-0.9266912802714321,-0.7405485422181972,-1.0666765171832226,-1.1091251102504893,-0.7711244943855715,-0.12352588854670869,2.597402597402599,6.510365254566075,14.958732893089888,-1.0,1.0262347761342827,4.885548308908039,2.9463887706428604,2.6880054533688025,16.18911174022348,-21.88547670419925,9.855403422604205,2.989686034246253,-9.579969600892737,0.3807715214561913,-68.41036406636248,-8.20131516608349,-62.69679699649146,5.681845123256091,-10.557670850268508,7.536596275304541,29.78470806292428,42.69469969240642,30.2810954048081,3.184231286609452,-1.1093099073524293,-13.653891368847804,47.00036292,26.19528265,2.724964245,3.198228594699483,4.943861624001274,3.426099446880644
40.8,1.457142857142857,20.6571,57.15477509,0.509792388,3.71799308,17.54692042,1.658355001213771,1.6565206483405546,-0.30937039911693226,0.7668739108799545,0.11929163480088803,-0.07205213095266726,-1.08013305899154,2.980877390326219,6.754339715721525,14.667573591795955,-1.0,1.812054111319528,5.374427600669041,2.8406254159732747,3.286966632976007,16.79019772547403,-16.119188448836308,17.589066646366412,1.31677103746477,-7.681235330595326,2.939993635672433,-28.67982898047732,4.272494466634136,-38.61676981633448,5.283341482134718,-24.205899830674586,-6.431996578755905,29.68449853733009,42.923532744207634,36.57314429046519,2.9448535541105603,-3.177016099634322,-14.44309771392751,47.36914023,30.1048434,12.05646786,3.426099446880644,5.191865173257153,3.862622278586751
34.6,1.1161290322580646,24.7423,50.92557093,0.482802768,3.700761246,21.02723183,0.49217506672531824,0.49217506672531874,-0.19342307684997417,-0.2199222174487898,-0.04791842258297195,0.9297381685647931,-0.25954100975949523,3.020134228187927,5.697743474254047,13.676970074133266,-1.0,1.4120539618018402,7.238472513069105,0.8372920810578499,4.121795572123155,13.714401292148182,-10.54308861585418,18.8602752394289,0.7269234820528325,-8.513948845682107,4.806307051823255,-43.19786744400367,4.78560211776351,-49.05832110624311,13.600437063087956,-13.470303892141322,0.4424785980355672,33.17674809739684,42.79379639602227,33.99655104910426,2.11151539819614,-12.588853628499308,-15.914195547521716,24.56726644,23.47748096,19.14321449,3.862622278586751,5.168520874389913,4.059832851287288
34.0,1.1333333333333333,28.4882,48.54892734,0.451799308,3.860276817,23.42314879,-0.5061729730063026,-0.5061729730063025,0.09993201031248457,-0.9805745075285982,-0.9352365120796081,0.7609478177566968,0.7196772133246379,2.224694104560627,4.1061486797774105,13.806727542050012,-1.0,1.5660275298758464,9.044249096683554,2.002928187557273,3.568567346918261,10.154799702322936,-4.737015501448516,16.46283709206786,-2.1373409200562854,-10.431924974669116,3.346392554727995,-38.761386649038656,20.65456599051721,-57.83510239313858,1.3905206667612635,-6.800129976465641,-18.810827981660072,41.30186480090732,41.365272362774654,32.368357196660426,0.6404679826242266,-2.135855410387854,-13.86270831650296,-2.761516703,20.74657386,15.45770282,4.059832851287288,4.687517860366372,5.117283792743193
37.9,1.2225806451612902,30.3115,49.88041522,0.44899654,4.481868512,22.9933218,-1.6300198208847592,-1.630019820884759,-0.5203499126703794,-2.7906475006925198,-2.120078271898789,1.0364735970974226,-0.48482305178822377,2.057842046718575,6.1875403718087085,10.599592557230151,-1.0,2.012365280939488,10.797279484855604,1.905919661544076,4.453202690809466,9.0405045405066,-2.847650044095751,13.463547358936845,-4.524351977813224,-12.398437141879448,5.337748679069554,-35.4010847925498,39.07672742724717,-69.73979839851397,24.96969592667253,4.0418613448026,-18.66380516664452,49.428795357892994,40.65768369608547,27.43022471417613,0.932951373348878,-1.66077363996604,-13.309727062942578,1.56253179,16.48538638,18.08411716,5.117283792743193,4.656367874298356,4.660946127297721
164.6,5.486666666666666,29.7028,61.17307958,0.532768166,5.046816609,20.19086505,0.06362662811687035,0.06362662811687034,0.11558004584800186,-0.8806190498244166,-1.4331932674278682,0.88883988949464,-0.28925131736396004,2.112284602556985,6.465133065881412,11.316828306363648,-1.0,3.126111428374534,8.356507834604265,2.412523668862576,5.037035938894974,7.840836900172166,-2.306750856953377,8.1728630619601,-5.482141815140196,-14.066523947075371,3.761762321911899,-32.76636492996592,20.33749659917867,-53.99764126190352,5.299891469499585,44.727741182727065,-18.24034937844545,35.40302171547367,21.49923390835027,22.72008829713874,1.815569636176084,3.339828040184756,-11.317473257018884,13.19741642,8.974628786,18.52243165,4.660946127297721,4.157562178793872,4.411751878088727
303.7,9.796774193548387,27.6963,73.40013841,0.674740484,4.653944637,18.53138408,0.7484471893968678,0.7484471893968682,-1.1058605938348196,0.13850407045010862,-0.36859777037945374,-0.7298888802046692,0.22082804936914363,2.109938922820652,6.370144213031015,11.265489697142073,-1.0,1.0033528989577878,8.374660099149,2.181487196827625,3.2518384001694933,0.6479504310986428,-2.2689182320445145,9.36750474614998,-0.0971817374832539,-10.963450709247846,5.960795976896804,-30.644434890730388,11.07457089358066,-47.42601360886836,6.016852146645313,12.007790251152706,-17.98885676328905,31.12206559954691,4.934587410315494,23.70490620103052,0.4653876927889211,-2.928466954517539,-5.725061797997944,9.601465324,8.186387008,21.50181439,4.411751878088727,3.887750750307948,4.157950518173136
248.3,8.009677419354839,27.2896,75.67626298,0.701072664,4.487716263,18.02754325,-0.053731629309619,-0.05373162930961901,-0.5125780226309036,-0.3254433250884687,-0.9591643624050866,0.3742583903843238,-0.27511881586698633,2.158273381294958,5.589939473993155,10.952156650761324,-1.5,-1.0541012997791643,6.096414836878683,1.7192400540372963,2.585337882633354,-10.649494572843832,-7.507827583273974,4.069981234648257,-1.5081774557321737,-11.535584999877235,4.747582543780293,-28.89850042321971,7.688514268821489,-65.99406042406119,-6.514946647696807,4.347472292300747,-14.245054285365288,26.47717602657922,4.901093909029797,10.319601264825362,2.4083732839467853,-10.147639995867808,-0.3951012646679963,11.35971777,-1.581953894,15.45419927,4.157950518173136,3.862622278586751,3.099207230530357
180.3,6.010000000000001,26.9879,73.78249135,0.695743945,3.847681661,18.14487889,0.2890356939175417,0.28903569391754147,-0.7107612164324612,-0.22057192579438706,-0.9836183658493182,0.9518461884903269,-0.5954784491755004,2.320441988950275,7.240187765503947,11.025537423695296,-1.5,0.4930166107858902,7.074909904850024,0.7401115480310416,2.344773308157233,-8.351913529848654,-11.44678538372581,2.343153160279998,-1.622055715882631,-16.572072710783424,4.8292882989924735,-10.732601834080846,0.0614062039559826,-72.35588809779685,20.41993889058009,6.18870113117751,-28.54102047574636,24.101784338075305,4.201668289467264,2.922475665849511,2.4083732839467853,-5.446526291068654,0.7134394113873732,-4.332807676,3.695570652,22.25703211,3.099207230530357,4.30101872760242,2.886590092982314
91.5,2.9516129032258065,25.3451,64.64076125,0.671903114,3.225432526,17.94387543,0.809063985288585,0.8090639852885851,-1.0962736769953692,-0.6404710257261229,-0.45382697148859147,0.6841469604994567,0.63772228740227,2.040816326530611,6.035350889624391,11.703012299235027,-1.0,2.12022076506031,9.09717782057271,1.585537178979468,3.3562172735877915,-4.870627507077163,-9.468732086173448,4.960682407598815,-4.7032179538534,-10.012595568843263,8.500997911974384,13.881402508894958,-0.4371591661496588,-86.4169965366572,52.09376637048666,0.5029348405002132,-23.382590624655503,26.69887303743499,4.652001563489261,6.817454083571928,2.4083732839467853,8.79274275673314,2.620237239402368,7.358835666,18.73828874,25.61198196,2.886590092982314,4.059832851287288,3.285398963632361
10.7,0.3566666666666666,22.1761,58.19525952,0.612249135,3.433806228,16.30491349,-1.0546806147442724,-1.0546806147442729,-0.6641402829525859,-0.841522723294148,-0.5265325713939123,0.6936735738447523,1.737544593032438,1.765030336458906,7.902480579104187,11.363244378490831,-1.0,1.4161456708461806,7.676723799106533,3.386390745124146,1.4277458471299909,-12.04376695487559,-9.593694259513397,7.141711509845772,-11.217350247977054,-8.383461007930082,8.481107402656018,27.86936601068461,8.74240601236247,-78.17957933263617,18.48982137206833,25.533772645545305,-25.6719846847814,23.80961371950532,3.4615946766532346,0.8383282630281208,2.06785082096288,10.050885471356176,5.302446830822039,17.4022754,16.42378814,26.50285644,3.285398963632361,3.601613532245662,3.067517654217918
16.0,0.5161290322580645,19.066,60.05397924,0.566124567,3.64266436,14.2667128,0.7418373813902276,0.7418373813902275,-0.23814317593036613,0.4404253862043645,-0.39927271241342693,0.06360396454351723,0.513779720927331,1.879491431730243,7.182573457125496,11.99222263475228,-1.0,1.6224132094075028,8.58029176280617,4.649456483764514,-1.580580017118827,-12.653019716553882,-4.885732559193601,9.71977060406246,-9.052441938117672,-10.724553035359774,11.310272213803874,55.744893985033215,36.38315943575243,-20.886296289157748,16.989903679539744,38.69867996784291,-28.87226552720041,17.56162588882928,2.2289184256354844,-0.6472514505617255,2.747740125490417,3.1451237354137795,7.154715129204803,4.795439312,9.920665008,25.69324206,3.067517654217918,3.198228594699483,3.719067740468813
24.9,0.8032258064516129,17.8867,60.35515571,0.537681661,3.587750865,14.7383045,1.0131529068996274,1.0131529068996274,-0.5163022526336897,0.8205708436564029,0.008399037102162932,-0.6644591617973048,-0.5982884857759739,1.9262520638415,7.694142386900893,12.678395254643249,-1.0,2.3543688369110694,8.570418726100826,6.380542166503567,-0.9082714574319972,-8.761238022077578,-0.0713521257528437,18.14399168867258,-11.392760919395428,-4.874528187324634,16.55546969368875,57.41514985877889,70.21285692245414,-1.0298752200574413,24.78831574899658,25.61077268531857,-38.85059679003384,19.869858607527743,1.7738824337381054,-1.760908891558799,2.747740125490417,0.0655952794920367,6.738515409885482,0.0,8.099192464,22.31435513,3.719067740468813,3.426099446880644,4.347813628288127
10.0,0.3448275862068966,20.6908,51.80442907,0.503944637,3.53532872,18.95197232,-0.9819827624142546,-0.9953216940578663,-0.25396273855178775,-0.7305890622970643,-0.09192140242466292,-1.0138949164447986,1.8374599036477424,1.693063899508466,7.962042820271176,13.772773862368837,-1.0,0.7825640831390146,9.542762651301562,5.605951263046283,-0.9022617599637072,-10.492445329399969,0.0716589066851458,11.686899094517944,-9.710442415736464,-3.726010295389459,16.30561683367131,22.00764261068975,74.95131385378345,-12.289813632315385,-3.027835930626077,11.834122713054729,-14.407630580113784,22.761116857392505,1.480411936978765,-8.958009147680634,3.926535700694611,-13.510248485656362,15.41506798272585,-5.355610447,16.75377606,6.453852114,4.347813628288127,3.862622278586751,4.132276307373822
12.1,0.3903225806451613,25.8863,45.9650173,0.437923875,3.705916955,22.25792388,-1.2462768958052408,-1.2462768958052408,1.6220259112648234,-1.575824453762432,-1.4414204458290574,0.9626082546135317,2.3779900145841575,1.737242128121605,7.7435762246396145,15.484362063714483,-0.5,-0.3933694311025526,9.233563618625508,4.722722924287037,-2.343153160279954,-13.214539101664569,-3.655010927493008,6.649333116614375,-11.338663000845894,-2.960817509411573,12.717618705211509,1.871545581135603,42.70375933622921,-1.9646997383796272,-8.554209236811783,-0.3523198007317152,-14.05569603049357,17.38212020285621,2.2703281976816925,-10.992934142373567,6.787016758860975,-12.99032208692621,15.689896388063527,10.931309,25.18037848,1.656842635,4.132276307373822,4.059832851287288,3.490777844090171
50.7,1.6900000000000002,28.5763,50.13519031,0.450346021,3.791314879,23.03204152,1.099351936624325,1.0993519366243254,0.2618597297998889,-0.3305180438160693,-0.9870194243373704,0.46736056265073067,-0.33177552865750193,2.285092491838955,11.034805716886575,15.054173239646929,-0.5,1.2134732465993725,6.4577124469043845,2.130125383592052,-3.0159101220340823,-8.600076548370605,-5.118387921155643,4.916595731418427,-13.277727062669564,-4.252026835044642,9.287099764626385,13.24426897992148,20.98336083836707,26.65853291261491,11.918851726511814,-13.906842671849208,0.92751458195397,4.575961714946697,2.8500284858993474,-15.818091198267936,5.696493410634718,-14.405022957800108,15.216112433387696,28.96800751,26.08002708,7.866461906,3.490777844090171,5.117283792743193,2.231203725192191
75.6,2.438709677419354,30.0409,54.89259516,0.517128028,4.513183391,22.67785467,1.3625171767950754,1.362517176795075,-1.457468054286981,0.42314796284440664,0.7152366359018231,1.1724720615986732,-1.3259438415631701,3.051771117166216,7.644650549318488,14.162910970862796,-0.5,2.621668444930725,4.761404779915335,1.8141087070650208,-2.987079911233348,-2.6220694627138386,-6.096855991096906,4.359888405431667,-10.421231574491818,-5.568690072543747,3.746770913638109,20.783429990559867,1.0574116651830945,55.21331234127511,5.671764942139079,-8.349643488218517,-1.132738041177328,-7.9107293684669955,2.775926963427456,-13.331219852727203,5.367003820949456,-3.40665545636063,19.49726743475137,38.45766202,16.79008965,6.915746699,2.231203725192191,4.660946127297721,2.834000913350308
166.3,5.543333333333334,29.1198,64.33536332,0.595536332,5.104844291,20.1899654,0.10795665590321495,0.10795665590321515,-0.897548306721349,0.18341311054391948,0.24643497817823407,1.1377082336783793,-0.2904380403454646,3.266194882961344,9.15601433032327,13.516109351659368,-0.5,0.8602203582663392,4.248426498576485,1.7998236122616973,-2.60678267699177,-6.014049315785908,-6.6691374498671685,6.6135046250665575,-11.457513654517635,-4.5354962691047,3.713242522856408,26.16183668695072,-8.02163338568005,43.96093940936643,2.0437311424167603,-48.91910611979973,-2.4889288763687123,-9.217401106843592,3.221361998365513,-13.517477836825265,6.515498807639153,-7.029716278963072,19.72950985841169,24.68600779,1.067245989,11.83196603,2.834000913350308,4.411751878088727,3.018140029667155
242.7,7.829032258064516,27.8861,70.70211073,0.656851211,4.699307958,18.78200692,-0.7523837952582604,-0.7523837952582598,-0.3994615741806369,-1.103633387633368,-0.9769458514238513,-0.5513357077642872,0.6524547854143983,2.990755845568249,5.937090470292983,13.251537363953858,-0.5,2.62740893701805,4.74188920999099,2.0793106535359485,-2.832047678745564,0.1613337268466796,-5.283169987758463,7.594314117060419,-12.021671901868023,-2.835123588142441,3.9446727393140257,30.197340256253646,-15.300047318609876,30.56939543632149,-19.1196783872857,-62.92916862333353,-0.1006036302155788,-10.97284495389026,2.775926963427456,-11.706677321325907,7.111868154444068,-4.094582586212603,15.78191059280587,30.16683144,-0.657176516,17.68677061,3.018140029667155,4.157950518173136,3.193683721992457
252.8,8.154838709677419,27.1771,75.26633218,0.713460208,4.811626298,18.22141869,0.07090359331578604,0.07090359331578557,-1.0023022480744412,-0.5764607430372022,-0.5287007079404764,1.8110336527232807,0.06800655753356737,2.654387865655478,6.484736964983284,13.53637342211016,0.0,4.84448465401921,5.689015550556498,4.390813657212345,-1.9918643306518824,10.086689301143624,-0.7899502478923903,9.823843958341303,-8.380795727209245,-0.5469475804535495,6.138486880223315,33.339430666248134,-9.549995113044664,48.10313099227983,-1.553944477317426,-23.620179227460625,-10.476477787314089,-6.199775440868738,1.3158084577510998,-4.034810898858954,3.943860181303816,5.913430857487567,13.323443642337953,36.66917222,4.236977104,23.34192139,3.193683721992457,3.099207230530357,4.609193053759078
123.3,4.11,27.2142,71.12875433,0.685363322,3.443564014,19.13131488,-1.2875226365417745,-1.2875226365417747,0.09012141497475892,-1.471025438103237,-1.3084414355985985,-1.367859925388954,1.1561492200760992,2.5377969762419,5.067046917820051,13.177336564505282,0.0,3.2789822822990367,6.999097517296526,4.111690281725533,-1.4002562510054162,8.720238071478281,-1.3566791448770932,15.736911235044817,-6.605933341204473,3.3152207316900384,4.648069432076962,2.2141125877213064,-8.784882783833936,56.85117421036736,-16.68661441771002,1.78431335675846,-8.907649784471428,-3.991900026228645,0.9506470130828504,3.8422805402273497,3.943860181303816,3.785238535633973,15.820473943381108,47.09257132,5.942342047,28.53858602,4.609193053759078,2.886590092982314,4.809632949064392
92.0,2.967741935483871,24.9828,65.91404844,0.664532872,3.235397924,17.41397924,0.8290705131147122,0.8290705131147124,-1.9918316322950675,-0.16511028572391398,-0.6890505768927608,0.741342079719169,-0.5321061939803032,3.189189189189197,5.2296045260900925,12.506352458583336,0.25,2.6016864286787733,4.881852532032927,3.640777177666621,-1.516948575081667,7.410797215372211,-5.201453495253361,11.810692229889064,-3.069161576371471,-0.6266806543559156,1.0341353794732555,-10.840929850718428,-20.806071901698164,63.91948318387036,0.8586814835991774,10.418926144545535,-9.005551937085787,-7.366941937085336,0.584796988242342,4.208194543431354,3.943860181303816,2.906975343171325,14.492780486918557,52.02406227,-13.26995612,32.06883689,4.809632949064392,3.285398963632361,4.572632443998963
16.4,0.5466666666666666,22.2705,58.55958478,0.598512111,3.19899654,15.83910035,-0.6313229031919941,-0.6313229031919944,-0.3739804148046598,-0.7445192661830821,-0.9175416024368838,-0.973944487839773,0.7450095583722521,3.52303523035231,3.1898129232115657,12.26718421971036,0.25,3.2458289653550576,5.1929070434154845,1.8924598307647145,-0.118203323455468,7.709394033228367,-5.238281692133118,3.1695730810131995,1.6815950639149868,1.9740434649996088,-1.1565597733618205,-8.897319758413147,-24.95869391879504,42.97792022673485,34.00684388015654,18.535770568188603,-5.054475133810898,-9.38271449368928,1.4684551682921487,10.303222589823502,4.284382644287721,1.4042357123039473,14.403937022293745,40.314761,-18.5977868,27.87733276,4.572632443998963,3.067517654217918,4.166655224589603
6.0,0.1935483870967742,19.2536,55.97785467,0.539896194,3.576955017,14.50820069,-1.30743715283692,-1.3074371528369193,0.23351708383035513,-0.7603381485629266,-1.102126168850541,-0.4060069444813853,1.2328693892988132,3.255561584373298,-3.886434101780978,12.309388465312663,0.25,2.5747793218841686,4.953843024170013,0.3201710312419337,3.3145547021915966,7.663799154520667,-4.102770444060688,-0.6677821142605289,5.529178677379765,6.5082640131679526,-3.031776653399021,-5.499156575485831,-36.46211719745418,16.71258386903918,-1.0256500167189042,-4.109339507212351,-1.3099479953589288,-9.960071657319247,0.9506470130828504,3.2523191705560173,3.822121282019753,-1.7276177191869024,17.301916413164165,28.09706379,-19.12501875,16.80591099,4.166655224589603,3.719067740468813,3.784862754612525
31.5,1.0161290322580645,18.064,58.30775087,0.513356401,3.76183391,14.54875433,1.7447512860612844,1.7447512860612842,-0.05291219268809827,0.3505126859801966,-0.6987292100054654,0.4045314655585791,-1.0427091043083143,2.969762419006473,-4.822632119701442,13.756354869807195,0.25,1.5393377072724146,5.539159947917849,-1.2651723843635665,2.463326717033709,4.82086304901741,-2.3836448154511025,-5.728813235096197,3.6135706329176287,3.245532889397796,-4.698020892419219,-25.24293798960171,-52.50438727682693,27.910502182002126,-3.157085011563332,-32.2016555803176,3.7947913145405465,-11.89893467134322,1.2377296708555363,-2.377612724726585,4.039276633370559,-2.7927346903579675,26.85951985970449,35.05665822,-22.93296286,15.32285959,3.784862754612525,4.347813628288127,4.365106608119849
45.0,1.6071428571428572,20.5714,57.72425606,0.511141869,4.009446367,17.90453287,2.0184010598903206,2.0141318056746202,-0.4502735596639024,0.9262611100099153,0.1680331049298607,1.4307214570035032,-0.3375501213276745,3.007518796992472,-1.5322056645175053,12.267293477904316,0.25,2.2571836352980768,2.321636485733336,-1.569890954310349,2.80030213221556,5.873150225728008,-2.6861869171173947,-6.93144924594109,0.0533760354278545,-0.3246003313847723,-8.921525453682833,-22.59831178222873,-55.96157879354222,41.85657321538625,7.15213178403098,-0.7843177461025697,-10.755035903271535,-18.38085459155323,1.5312001676148768,-5.005358821620387,2.806236413494778,17.35039698882881,17.685026734336475,38.91515326,-28.76820725,22.86837317,4.365106608119849,4.132276307373822,4.166655224589603
42.3,1.364516129032258,24.8885,54.74311419,0.48633218,3.562560554,20.74221453,1.087111960569109,1.08711196056911,0.03858622565211009,0.8235531342042621,0.061670794844227717,0.04864332049734649,-0.8703696660628102,3.148345784418353,-8.103196442674854,11.302578465339508,0.25,3.703103411770803,1.909227793484014,-0.7450806155866019,3.465101746321597,9.203107483558435,-0.879771070352886,-7.760455659121446,2.140263611438442,-2.718067983657724,-6.222714484025094,32.88501133951449,-32.07429347126687,33.916136144602405,3.8145268259690113,4.486088602954252,-20.20266278732868,-18.049395957493086,0.0723850918323165,-4.98783347186631,-0.5437751300129356,17.953746824935024,18.655410388191783,45.17161258,-24.30317987,32.22876016,4.166655224589603,3.490777844090171,4.166655224589603
38.3,1.2766666666666666,27.9033,50.52577855,0.480899654,3.54816609,22.46010381,-0.09277434358045274,-0.09277434358045245,-0.9751136551606325,-0.17045353064011062,0.10165479953915622,-0.5677812505745597,-1.8693728057996208,3.510638297872344,-0.9040744652149436,12.46454240509216,0.5,3.66025789775466,0.5197817073616662,0.3322262191977287,4.548959014512555,10.800165288146555,-0.1459854273865524,-4.49248119081882,6.165608142309731,2.5176154892474045,-0.8173846326166689,18.967157907405017,-24.042222940953017,30.661251993183303,6.858420781146446,16.35434614332576,-26.115023008261407,-16.58446314304216,-0.4332136739134462,-2.625449128765567,0.6557400546158831,11.272425385180409,18.1823548815534,44.07628902,-22.75008567,38.87781893,4.166655224589603,2.231203725192191,4.960277685478285
49.1,1.5838709677419356,30.0307,53.32262976,0.495882353,3.976228374,23.1767474,-0.7409902618923412,-0.7409902618923404,-1.4927917979842846,-0.5835093680633787,-0.16890931220644095,-1.1594883402998315,0.004239265217488352,2.802749867794816,3.052920503482248,12.496229418766092,0.5,1.875326228054864,-0.4448764521741921,1.9287473108596127,3.573936055599169,5.815875730342279,0.1746471225788415,-3.384885861012199,7.306464885792918,9.34403653547431,-0.5398468963955239,7.881364258104373,-16.209888038019614,16.033139821235576,7.180769473688331,43.64768960764644,-27.398729805751508,-13.317906528139645,-1.8363667543392024,-4.649986226776903,0.3888064051338347,4.253508803736983,12.981165770176696,25.0727918,-17.67505117,39.4654192,4.960277685478285,2.834000913350308,3.740161234514758
145.8,4.86,30.1269,58.97117647,0.529134948,4.87982699,20.66536332,-0.42661132622622916,-0.426611326226229,0.8525744443465647,-1.6215063058981092,-1.5304154098630065,0.17265705151045363,0.3366565375713799,2.530311017395886,3.922071315328069,12.872351176351415,0.5,3.151359652298736,0.3881846361211138,3.205112437105573,4.289142381706768,9.909301734440357,4.130431470432816,-3.88051207828144,10.36494176898155,13.24972962261426,2.2800920801765656,-0.2825559293937907,-15.222687102781364,9.519276456445612,-0.959620925027238,43.937309740793886,-24.94626408689196,-11.139657880435916,-2.272097291234765,-2.132821632788584,0.133617606991665,0.8311904136768078,11.493497290233368,43.34781443,-4.117591418,23.25413138,3.740161234514758,3.018140029667155,3.320237880699136
333.4,10.75483870967742,27.7041,73.8283045,0.679238754,4.929134948,18.26304498,1.4791796524174792,1.4791796524174803,-1.0768304971367038,0.3356262655308307,-0.2156282269821563,0.3532792382385392,-0.24130991812942795,3.167898627243922,2.371652661731538,13.401409970935418,0.5,8.08912149301766,0.1481357577354458,5.200228035480414,5.322824881792698,9.63841619981718,9.767490747199624,-0.4464023821334706,12.873531301621188,11.550974174570428,5.101726434723464,-6.564527574824464,-3.1383069878029524,14.316487648151988,33.59941833383182,55.942491343213696,-21.78671238008776,-8.888232827945508,-2.272097291234765,0.5386425381414206,0.0301028803016301,-0.2374352450944528,13.13049534011057,40.54651081,0.0,15.02367805,3.320237880699136,3.193683721992457,4.061882606158254
191.2,6.16774193548387,27.391,74.09366782,0.700034602,4.460761246,18.95276817,-1.6352141208453148,-1.635214120845315,-0.07117325409780569,-1.2945311582577927,-0.9952367236480293,0.2546933956735953,1.362366293925661,3.641160949868071,4.018178963283159,13.553682188450011,0.5,6.146133101670781,0.1589624794486432,3.244183347979845,5.133823492771672,3.7670385243753657,10.29121218732172,-1.437501467214819,10.580224226385226,12.190108114557985,2.707867599362146,-11.55714308200988,14.284654749635006,1.1754038533396738,2.474393300415567,17.50463446324062,-13.266615343387622,-10.873495462862335,-1.804481465341468,-1.656480158991691,0.2968829493802172,-3.564206749500176,12.086658084417756,39.92442482,-2.20759517,6.651148064,4.061882606158254,4.609193053759078,3.448330718752121
201.4,6.713333333333334,27.1942,74.08889273,0.708581315,4.004982699,18.01197232,0.8726388653682707,0.8726388653682705,0.019340802389046285,-0.07619413744922705,-0.581920516798513,1.8547817130262225,-0.8314824350370903,4.686677198525539,4.30594894604468,16.711080527381128,0.5,6.138763200344499,-1.9713781010631592,4.046412645799258,4.707040986571531,6.819835887861636,12.151930046241466,-6.013161946824575,9.975671943532038,13.512603846706162,1.8570557232659544,43.93598432755077,45.10829663080047,-15.79563293854198,-3.7863556902151694,-1.668879891326025,-9.341684842683318,-12.23636936334822,-2.245721918688659,-2.501801938141845,-0.3972199860432734,-4.258201300629594,8.985069876825413,37.26752853,-3.037109788,-0.345423487,3.448330718752121,4.809632949064392,3.63288971925024
97.3,3.138709677419355,25.3522,66.7249827,0.679550173,3.110138408,17.35010381,1.0411397080716607,1.041139708071661,-1.0787234106894652,0.13763862509073144,-0.2097686639434139,0.022431209222720516,-0.6731211676387446,4.347826086956511,7.045846364856079,15.637120112814884,0.5,7.376457257510616,-0.5502718974974563,5.706199806110668,5.324993986895077,10.02843776116058,13.481628987488792,-3.6173734541146807,10.620313186231822,18.06680337661497,1.8209804684413025,11.10244618260392,65.20397860663785,-10.57461057235578,16.32962883864293,-0.0761113538682245,3.8894032870913087,-11.686872408827751,-2.4313644413382463,-3.3848098829690088,-0.8959741371471708,-6.758725714792035,9.6179312426945,16.10117702,3.700095641,-5.16351163,3.63288971925024,4.572632443998963,4.182446809443631
26.7,0.89,21.8687,59.26131488,0.632110727,3.475743945,15.84785467,0.13369190891124585,0.1336919089112457,-1.6090040908834748,-0.5576800509749635,0.03880544089250841,0.9915151788087453,0.7636628949969465,3.455497382198945,4.497336564273091,16.05680402426124,0.5,8.09398827230945,0.8203949068612992,5.727777475324913,4.980904737029146,10.93658086724929,17.144591013094825,2.354667104326147,15.213274730927395,31.7994853689771,4.420112941972665,34.754021974375874,67.17356383517172,31.111497525174503,-0.88041465108466,-19.91949759392586,11.492998756408968,-11.484821961841709,-3.0972936503359527,-7.79027664321692,-0.9960241705055052,-7.56736086453067,10.191479087516075,25.28600236,2.603183872,4.269942567,4.182446809443631,4.166655224589603,5.33331927330754
11.4,0.3677419354838709,18.7312,55.77128028,0.581280277,3.664290657,14.42536332,-0.20082890435426018,-0.20082890435426043,-1.0798908036909665,-0.8211917830554557,0.006861635235909718,0.21816257872738695,0.9862007181614498,3.415659485023653,15.529288440603484,15.948929533364977,0.5,7.253826388319107,0.4818756381462563,7.366559829387764,3.705415214868335,12.309849565612652,24.992227261287383,0.0719020517534918,14.148762234119603,36.97492996952732,1.914378366096514,21.66908571042692,56.17219685638997,63.63806042107267,12.447269367559466,1.1345327058516208,26.081247366213844,-12.483167552129704,-3.801308842552409,-5.328929832499618,-2.0176765446216383,-2.2479079009756653,8.345997554088314,35.89450925,2.436443887,8.639731495,5.33331927330754,3.784862754612525,5.566240565018572
16.6,0.535483870967742,18.3248,54.27235294,0.535813149,4.039930796,15.81743945,0.09311252098421104,0.09311252098421087,0.628712892668985,-0.5759634458561326,-0.04591806434956253,2.1122392129205214,1.9318586618571054,3.985317252228636,16.97427745870943,13.407392770742632,0.75,9.2539452822197,-0.1557940683958314,15.619023982887905,3.728755715291765,12.298896786058888,25.193223121531982,4.626163768467295,20.763767493191576,33.313402886712986,14.00308549779794,26.904846944262985,20.35765715455229,54.97499904457426,0.4473510557461146,71.3294126174671,37.46480917869537,-12.240177171378086,-5.7347574911164045,-3.923072100355718,-0.0391349041028998,-5.845538834933706,2.1432214952765705,36.16287933,9.117929014,6.084165926,5.566240565018572,4.365106608119849,4.372597895357215
11.0,0.3928571428571428,21.826,51.33294118,0.481626298,3.504878893,18.70041522,-0.8962575103484096,-0.8808156584582889,1.6124697918206996,-0.8625498093099009,-0.8980303092538797,-1.1708984494790122,1.3151011034767703,3.59749739311784,11.68937514714994,14.780397139507071,0.75,8.472050275900633,2.061977798402204,17.32443185620154,2.820192556133261,10.025854516088016,24.820306574509576,2.79227279493397,29.248394628527976,36.85012211723504,15.756923714581728,40.06648787894211,-8.602352606773955,27.00380381983632,11.893970549491684,24.08888186711846,46.25441160206125,-8.215136909248333,-5.056021853776382,-5.418079687003008,1.3876803085561384,-17.02376236018086,7.727734705640898,27.27687886,11.38351426,8.639731495,4.372597895357215,4.166655224589603,4.571441627166798
35.2,1.135483870967742,24.5087,53.10096886,0.506124567,3.407681661,21.08927336,0.5385337857261333,0.5385337857261335,-0.5641301429545335,0.37469425848659316,0.6762298778717322,-0.938782955897056,-0.12657804784490148,3.362648732540099,23.665190133900182,19.144805500056705,0.75,7.103793484189458,1.6547584538411542,16.31106826734534,2.7614554031963223,7.238362581028923,27.18379220142881,8.612449956816937,31.40911629161777,40.2272916955555,15.804003747957829,1.747471812927115,-8.929434318914353,33.112248039294286,15.814392733911742,-8.92505716415819,49.86052509333953,-6.638902988918449,-2.606010666986513,-3.883475377228596,2.4597367130055225,-23.44336255625814,6.402391716376421,15.97844975,3.222620438,7.532200654,4.571441627166798,4.166655224589603,4.571441627166798
32.1,1.07,28.1715,49.50425606,0.467785467,3.735086505,23.12134948,-0.6888374836828409,-0.6888374836828407,-0.4821623002625449,-0.5890772456299488,-0.3656244059810719,0.22798309646450182,-0.09168001874066828,3.545734840698867,9.33818930858994,17.002184187833436,0.5,5.804336964991519,3.722271049060844,15.265836497039588,2.97955726936987,4.229705370012171,25.98595668524819,10.635012484299232,35.38958777684669,49.14187316672498,19.150945188679724,-1.8708987039422809,-12.86863409613228,15.457958826188367,-15.577643209559833,-36.0174348928001,51.87286489573096,-3.422794018970343,2.74858740360946,-1.2618463959212178,2.447503471476553,-11.39793034171368,7.344391741121115,30.4874473,3.854867012,2.531780798,4.571441627166798,4.960277685478285,4.652866442011848
79.6,2.56774193548387,30.3112,55.42401384,0.505086505,4.187508651,22.8067128,1.6800277335780818,1.680027733578081,-0.5213888463085329,0.7638921028129306,0.2141245851196048,-0.24191196226564163,-0.9823731751849549,4.166666666666672,10.7492092862552,17.311167131310157,0.5,7.67394590390551,4.779066383634856,17.43117629694506,3.734277832908184,5.8475469903895405,28.36128908450557,8.218174592228555,36.611068805236926,48.43923666978354,23.25816308115165,-3.065918748737495,-5.300069670577567,15.804628272808865,0.0,-76.92197276349582,58.82573638988067,-1.703981590901105,6.113599999173136,1.990636711680338,5.054525794823084,-8.426034361774004,8.521513299852401,36.56692809,7.283732395,-4.770379796,4.652866442011848,3.740161234514758,5.925433747142845
151.0,5.033333333333333,29.2036,64.22750865,0.593217993,4.410242215,20.89031142,-0.2910135941738826,-0.29101359417388256,-0.7519219671925121,0.1471226170394029,0.18439799485630284,-1.8412918325436143,0.6333842426961619,4.318766066838056,9.356039808053753,16.75385927371913,0.75,8.880188776341802,5.054525794823217,17.018569295330188,2.555747245517903,6.645801588376399,30.13009599865848,8.279196144692103,35.98984424320007,48.74575928474396,18.784452561373133,-4.045246348109899,1.0657294473988443,22.91341554513666,15.116438739484916,-60.82477367734591,66.25289112504622,-0.954914417985364,7.566633307373749,2.2965518704687327,7.057265064646989,-6.984357336726399,8.56765253917926,23.81319511,5.592855266,-0.340715832,5.925433747142845,3.320237880699136,7.269188103062137
288.0,9.290322580645162,27.9751,72.08415225,0.667128028,5.21467128,18.50055363,0.3621677392479253,0.3621677392479258,-0.06822072724057154,-0.4673591368745215,-0.6274692739690559,1.47717001170264,0.16773134635394257,4.145342886386904,13.840232285911911,18.132154281860124,1.0,5.213800793911583,4.354824524573608,14.456205537781663,1.502375676046075,3.4049557300165123,26.641213421360543,-0.2974717116742909,29.65097753810113,45.67868677894072,12.386948171278611,-4.862480658327595,-8.673169582433315,20.598647183994512,-22.280393507728924,-55.6003167638464,75.49683087210167,-1.888828452020608,9.37209859855539,2.48645330652959,5.5463544513203455,-4.045040846284298,5.592078991959859,24.91902603,9.23086768,-1.866042272,7.269188103062137,4.061882606158254,6.332166252056928
288.2,9.296774193548387,27.1344,76.28546713,0.714359862,4.771695502,18.24577855,1.0513673446356384,1.0513673446356393,-1.188179798531676,0.04759732649626911,-0.4974379855966674,1.6339116938487939,0.11111921821139967,3.818737270875759,9.347459517984191,19.002989302550333,1.0,7.873807604687144,5.094806715062461,16.88112186956152,1.0256500167188598,6.611102511206202,26.8263986594679,0.879341279238588,27.38170323146094,45.17570649028886,10.752992780932136,-5.554810753384487,-24.909207518191234,23.067525415521303,-1.4576399241950533,5.218575317057006,82.89380829118298,-1.1476390956343785,12.542082510450037,5.119418144827481,6.225082730897791,-1.3916725600129354,3.5122925873315225,13.82006618,17.56026065,4.754715593,6.332166252056928,3.448330718752121,5.938357545374027
170.7,5.69,26.9626,73.41896194,0.707923875,3.733598616,18.83716263,0.02351008036649841,0.02351008036649856,-0.8002986913533787,-0.3918687137338577,-0.6024926615509012,0.2969895175653243,0.6338191091556601,2.062374245472838,12.41484295234594,17.490496260194988,1.0,10.151056489560872,5.567656619906547,21.501584277946066,1.760119547700878,6.062462181643458,33.735758417793704,8.455738802806323,31.335987581912228,49.18403238549103,10.594857800938051,-19.69532190620189,-53.37072322031666,36.81473451009696,9.711573039885035,16.291768972128917,97.19315175918612,-0.7310737522005617,13.971400488563557,7.837893961221187,8.485316248875074,-0.7797310460031959,1.8232045587427408,-0.317965292,11.82723922,5.388508849,5.938357545374027,3.63288971925024,6.398644225915759
52.4,1.6903225806451612,25.8049,66.16394464,0.661211073,2.933737024,17.87089965,-0.7554464907145642,-0.7554464907145642,0.040291456448752344,-0.07181566728379825,-0.7950668430083038,-0.9900018304212972,0.47661687183944224,1.305220883534137,9.251036462957885,17.272958150654105,1.0,9.44758034522053,5.759749178333706,20.77601304326393,3.739605834747106,5.416170797134301,46.06397492036871,10.124649281150155,35.982428475514006,52.069158940978745,10.565372779890936,1.288384627267991,-70.99947511325561,42.27985026565256,-23.37125026634439,16.941815195804644,101.38055212533614,0.1048767794085137,14.110770822279228,8.019382214303405,10.616019582839089,-1.0561788051107968,1.3692591837614287,-0.17108644,9.375496954,2.69830873,6.398644225915759,4.182446809443631,6.917476545504948
33.2,1.106666666666667,22.4242,63.61207612,0.624948097,3.156297578,14.89982699,0.6164682466463004,0.6164682466463005,0.09845148916078467,0.6007323010667991,-0.16507081469380666,-1.2771924536834178,-1.2563545871797412,1.973684210526322,18.216220694101622,18.088240288850344,1.0,8.708720062389297,6.03920907143527,25.34346453372187,4.941535956335041,9.719720501866512,44.60826524283688,7.041857323839196,28.224563502132007,33.51353380263716,7.232066157962613,-27.25147392638592,-70.67159097660145,18.298844578165863,-7.853327342468219,9.633789805818882,94.68119209090426,3.523680609944435,14.872715401111236,11.834122713054818,10.08458353032995,2.529493489562107,0.2735979818874412,5.264373349,20.28097337,0.800644789,6.917476545504948,5.33331927330754,5.950762094655124
12.3,0.3967741935483871,19.2653,59.79698962,0.578823529,3.731384083,14.21269896,-0.01639419627381683,-0.016394196273816723,0.2629329955531749,0.36472020123998505,-0.05897294106033756,0.697665239002883,0.3529402092935591,2.540650406504058,12.838116664820731,17.80663422807862,1.0,11.027731830136478,6.80665166268204,24.78817521063625,6.364526516035607,9.183795409357565,37.09044330426971,11.586354091019093,27.46283676635306,26.6587348622366,9.683463869257292,29.6128444070698,-29.218013769264584,-18.772579108169563,31.20910373307062,-1.3072081567353069,86.4394427054806,8.291191487204586,17.426379746544818,18.318923580717783,9.979510792061276,-0.4387896465419594,-1.756864420232418,9.418721506,31.46669802,11.47755146,5.950762094655124,5.566240565018572,6.528610061669305
2.3,0.0741935483870967,18.2991,51.76532872,0.514775087,3.649653979,15.81380623,-1.492017300532712,-1.4920173005327124,0.5615435495183815,-1.1515443779119676,-0.657488419799067,-0.28433111044030507,1.9233401895198674,2.075642965204235,12.962080263852371,19.54334230249728,1.0,10.826164538902816,5.923412333051559,15.157667583208578,7.703165263170941,10.5700883258117,30.434095843842,12.742760968650524,20.19152506943556,23.656657164635053,2.454110891611805,44.61980118002611,43.27210719277828,-39.95723391410131,22.86023093579601,-30.489768750586865,79.91510933768491,9.972303325122487,19.808764913263044,23.48886527724927,8.511751500481868,5.074519900523544,-7.750027005186322,-15.80892434,32.92880733,17.18502569,6.528610061669305,4.372597895357215,6.722689075630423
35.7,1.275,20.6912,58.81449827,0.515259516,3.42816609,17.50619377,1.221156215677962,1.2222785287206184,-0.2533050808596214,1.2313997562146484,0.31675707233077516,-1.5664403059223222,-1.1647020257548837,2.41519879214896,12.840260448384289,20.0740575558914,1.0,11.642070901131207,4.474806514025165,12.13129975197047,8.136052029561291,12.022412221266432,28.50828507545007,23.058643522128808,15.771828974753356,23.50248792009628,4.300794439716427,21.10896269703968,79.12051955322714,-20.313335530732424,9.327144311447633,23.855361577377245,73.92659435834928,8.294908298075132,18.288509583394585,30.237446977640925,8.668675436058226,18.24883763789611,-14.52896814462168,-3.568772944,30.80429951,22.04371897,6.722689075630423,4.571441627166798,7.563025210084179
34.3,1.1064516129032258,24.3229,52.98788927,0.490795848,3.69650519,21.69868512,0.46899570722491046,0.46899570722491113,-0.8589819104298224,0.34378543652866245,0.2002689191138878,0.9026037963672461,1.1794695727600026,2.778778778778777,13.42217619995436,19.65136567624021,1.25,12.432245353921267,4.207121392068647,9.71002725110086,8.66144728367706,14.617566669871971,15.448518392805257,17.886134572905867,11.399763965723508,16.59928621364042,10.181199275859232,17.744504972750043,73.5914846576288,-10.143509354172052,19.24739282579724,85.03327640823572,50.78728657151102,9.243732627562729,16.58686484532197,29.54893539982857,8.175395395252183,36.51695679301552,-15.386086675466082,-0.321543685,33.46584514,21.6179294,7.563025210084179,4.571441627166798,6.722689075630423
34.0,1.1333333333333333,28.6665,48.89757785,0.466747405,3.465432526,23.77290657,-0.5061729730063026,-0.5061729730063025,0.4276472473681483,-0.8376962320544069,-0.402612195360676,-0.9199975696677665,1.6599659909037092,2.573697270471466,16.40965905857925,17.938954232379345,1.25,13.270868587305884,3.866582550378972,15.33823355712487,9.134226292746916,15.18060128680041,16.37329258482394,15.457449843923944,5.434059470008101,4.217149099067541,13.686921537349406,23.764539792261587,61.482521378447565,-1.1211846641378642,20.242934692664647,106.8013585523392,45.98751473454588,11.49983616612733,16.40818368229482,30.577143712189425,8.16780310142673,29.64702225622462,-18.96018801620798,-4.354824525,44.52781905,19.01036972,6.722689075630423,4.652866442011848,6.666666666666837
49.5,1.596774193548387,30.4668,53.66356401,0.484982699,4.044948097,23.33346021,-0.7092392062140406,-0.7092392062140402,0.017471400681651598,-0.36490330061752857,-0.6225020984973922,-0.8610430929478862,0.42207805087813377,2.690864197530859,17.57575228359176,18.16050430217153,1.25,12.157188868618183,2.166829947912952,11.855973472455617,8.810726751026632,12.673121530545828,11.676314775563768,15.07637163862423,-0.253164692177954,-3.0597287709539067,16.0595646502955,28.401556520711413,50.49858204488329,3.889167230437885,25.718087109817134,110.68670525229976,38.40611994450107,10.493077779130733,15.239629341236505,28.27425069682965,5.978791837897379,30.61910385067406,-22.572641973246377,-3.922071315,52.23294482,26.21136693,6.666666666666837,5.925433747142845,6.611570247934053
199.9,6.663333333333333,29.401,63.2199308,0.566643599,4.848823529,20.39238754,0.9841266168568402,0.9841266168568398,-0.40888331059356076,-0.1919030127337141,-0.5267125189073976,0.03968982385115821,-0.02342419551348542,2.687037949728931,18.013586576585716,19.77227712632903,1.0,8.566879455479803,2.156670555877493,9.507564906017851,8.59204394544859,10.73889139192188,5.772186215847341,13.316795449586303,-8.145170986358963,-8.696252859062614,19.839930227882352,32.08670620859024,60.51716383019867,2.627298305861725,7.463218802616911,74.47020686358594,28.11532135693171,10.897869561864404,14.485369246808766,30.7606103171687,2.635318340033788,27.375576275358647,-22.379198968125145,3.42401494,55.54229097,31.87639529,6.611570247934053,7.269188103062137,5.691056910569296
294.3,9.493548387096777,27.9624,73.20574394,0.677750865,4.806989619,18.78626298,0.5171715950401765,0.517171595040178,-0.11548767955674585,0.04900734118331518,-0.26622583471932076,-0.1274932341235286,0.6597846412496147,2.358230958230951,15.010387280044934,20.07458225679848,0.75,10.642946284673194,3.443802391033124,12.703926854551106,9.335962158083344,12.415278671751384,6.382955265697188,18.941320026896506,-4.135804384962771,-7.348412884292355,26.919808110992616,35.08769178237614,73.31634814687366,9.787287569705327,30.80587883980206,74.33233463372547,23.026101908307428,11.684097246848246,13.63851696093743,31.64871621464931,4.546237407675768,22.62347438838832,-20.790930674236208,4.368662908,53.84953732,28.16708908,5.691056910569296,6.332166252056928,6.451612903225971
259.1,8.358064516129033,27.4335,76.20114187,0.721384083,4.334429066,18.36193772,0.2453929049913534,0.2453929049913541,0.11383367551419817,-0.0040384838235597844,-0.2533482902198385,-0.3056811881559906,0.3167004851328229,1.970083374203047,16.347936052465695,18.92428285872328,1.0,9.301305811616434,2.4989731680173044,11.113724903981126,10.136367062897378,9.316524256400882,3.802223108692981,20.587467633538115,-4.826674096983474,-9.717460969584836,28.435206604459307,37.57990327491605,79.17022572752428,14.455499276540351,5.194995663568669,37.72404228603605,18.72828977748684,11.579902380174987,11.056434353285384,27.488872099187223,5.245325275911394,16.48185855629789,-20.451287545107988,-3.878602504,44.22339559,24.96546769,6.451612903225971,5.938357545374027,7.258064516129174
213.3,7.11,27.0388,74.39868512,0.728788927,3.860795848,17.88775087,1.2017799904992508,1.2017799904992503,-0.5306245574018557,0.06978151094492009,0.05040170144815737,1.0271239200823246,-1.0520641363744012,2.755051749630353,12.533034306904687,19.77851071854566,1.0,6.077403536852177,1.9418085857101808,5.799847136696723,10.204925435416978,6.427588160881292,-5.7232782634836,12.833774879477833,-11.15954302479336,-18.63295781914936,27.369583047704094,8.612915372993868,92.71122836173332,7.388162026611234,6.967237913142288,7.018337225359783,3.560483379869339,11.56843989994618,9.939838625506423,23.0203043027168,3.855251076860888,13.865522962439236,-17.96151951962117,20.51482071,51.12169366,35.61830197,7.258064516129174,6.398644225915759,6.400000000000165
55.9,1.803225806451613,25.4711,63.97712803,0.680242215,3.282387543,18.09017301,-0.6154007959316736,-0.6154007959316734,-0.7848182467779696,-0.8882275264015478,-0.1876819245485439,1.011032950148419,0.9606970116427833,3.536174430128851,17.864232432392413,20.77943954892234,0.75,5.045822127012922,2.487461277287384,6.163989718169294,12.12585368957182,7.925747009883377,-18.154709196573293,11.8175577368981,-19.658097999932345,-27.4727536336302,27.57376703266292,-4.702214971524032,92.74899221047778,-2.1855731255172373,1.0878118147182647,-1.3072081567353069,-11.312736329176154,11.941226911347602,11.33972982954683,19.16463348430888,3.620704545853126,12.504957756861312,-17.168028043966377,35.03191723,58.86509692,43.55138043,6.400000000000165,6.917476545504948,5.511811023622001
14.6,0.4866666666666666,22.4741,58.20480969,0.614809689,3.002975779,16.16712803,-0.7650148121032398,-0.7650148121032402,0.2518304872601733,-0.8389799418630771,-0.45364926432003644,-2.3660836465475095,1.4439571336559816,4.30620347394541,9.4398500316073,21.03187599030356,0.75,4.325439663252961,2.5713078691739,2.0543642520898686,11.30097569037254,3.937832998708579,-19.30660960769321,17.35189502505321,-20.945809822895576,-32.384328844860555,28.52192927451105,2.7289012784455835,74.15903333612732,-3.275278647180801,-12.054419709771214,-4.0696121274447,-11.813379856930784,11.710391848257462,12.60659756527316,13.353139262452274,5.115753856681149,8.953569342399703,-16.606103592217416,45.81818903,55.76157873,46.8806741,5.511811023622001,5.950762094655124,5.511811023622001
15.8,0.5096774193548387,19.0778,57.26055363,0.567854671,3.893252595,14.1016955,0.7008518907056848,0.7008518907056844,-0.20847584615863396,-0.3824747857531079,-0.3529103407788752,1.85450558456574,0.022400068173076035,4.081268582755212,12.665587129961777,20.92656927965635,0.75,3.1748698314580714,2.471521682414579,0.0,10.910684061744735,-0.4754367117273617,-20.61189658030429,17.2326016962276,-23.549974543475336,-32.04388434329548,29.50473551613415,-51.37071507515003,38.78240773042636,29.795426418553816,-0.940579828687671,3.63382734388078,-12.098973063147955,8.832027770005979,12.538446758280752,12.076595824344594,6.024851026806388,5.891588353659483,-14.965210712789467,38.43775465,47.04029105,47.33864552,5.511811023622001,6.528610061669305,5.511811023622001
22.2,0.7161290322580645,17.8505,56.48529412,0.521522491,4.010865052,14.65605536,0.7138626608789498,0.7138626608789496,-0.6109143235306493,-0.067900246143949,-0.4613433441432654,1.9337553869216948,-0.7911303791520284,4.280294047901349,12.27619717756534,21.53486626692427,0.5,0.8375258336732472,4.178627898469411,1.3167710374647257,11.650733752939946,-0.4604766386748338,-18.66457615101877,15.057285847937418,-24.86527285460456,-30.725006061121007,20.79639874072914,-50.58487204962376,-37.19927102907255,43.51798160384908,-1.9450930354829588,2.819925018805192,-8.215540577020874,10.926677062489176,14.613781644190116,9.38685467157665,5.468734674629872,4.414978461293018,-9.676755193499442,52.61768024,56.45298027,47.41980368,5.511811023622001,6.722689075630423,5.511811023622001
19.0,0.6551724137931034,19.6809,52.92034602,0.499307958,3.785743945,18.06875433,-0.21045549382164963,-0.25543654095290386,-1.9143839968526772,-0.4182645308519695,-0.25939211966791337,0.2772807296617493,0.0034560550351695933,4.026555413048716,15.562243328875258,21.246366462982635,0.5,2.730827535353164,5.612332421228672,3.0681734652485027,12.293994321711745,-1.664183641500827,-12.660562427156297,8.602218733785438,-23.41933875007949,-32.53012690675119,19.9498499805717,-4.093860579669695,-50.81905761279853,29.677971407017267,25.20356688458892,-8.810726751026676,-14.146731654955236,14.170683763976388,16.972296495763306,7.063564761750829,4.708803609890122,-1.766979081598219,-5.52853156570885,49.47806336,67.67341509,43.74678392,5.511811023622001,7.563025210084179,5.468749999999956
38.1,1.229032258064516,25.1156,50.97923875,0.481972318,3.198512111,20.57235294,0.7626009275634051,0.7626009275634055,0.39897824068783677,-0.20525282314650917,-0.07370412445410963,-2.2723378767189164,-1.2344048554258538,3.981456231251699,11.08392686638222,19.37864024361211,0.25,5.481945033736224,8.090663861280056,8.422106986791622,13.385884992155985,-0.9654735225830712,3.870604510280629,16.572003964141313,-20.094593113443125,-20.209303885768826,24.72957910341602,35.943415188687226,-37.9489621704904,7.270780390480969,27.497542118266605,-42.061424404569,-3.61303724297386,18.51284603127361,19.804078938644576,10.961532880412062,4.959694113937196,-3.090016198874146,-2.880857663177405,50.88913872,73.39086589,49.26176582,5.468749999999956,6.722689075630423,7.87401574803144
32.5,1.0833333333333333,27.9736,51.24401384,0.494013841,3.601591696,23.41719723,-0.6503817972246224,-0.6503817972246224,-0.845902319406213,0.1238819619995142,0.5689340050593843,-0.34033582962492176,0.703677040070198,3.936889774827511,10.45375697006845,19.97596805967241,0.25,5.912264716453919,7.225611977264812,12.008629963047657,13.633644355213193,-0.2969564171816152,1.976348911883985,12.341685337463916,-20.54655536108028,-18.79175422980764,21.513565175617178,19.0985032585532,-20.22741592868256,-11.572531034050026,22.926431604114583,-63.82459447961959,-9.711128668514936,13.073894256129924,13.629306242725114,5.681194350300434,6.135833601527452,1.0947477755184565,1.244829352656751,49.16518788,57.46909709,81.06430662,7.87401574803144,6.666666666666837,7.812499999999946
45.3,1.461290322580645,30.1482,54.95913495,0.490622837,4.316574394,23.09138408,-1.0426252908361975,-1.0426252908361968,-1.0858761230398977,0.4658130861653185,-0.3877858487443762,0.3186120898219638,-0.22336246031318813,4.175543041803519,6.974874276363607,20.937503198096152,0.25,6.259468708134186,8.31206242797391,12.808178785695734,13.277809692035092,2.100602369304916,2.0869151860679835,9.53872837790728,-18.8423787781598,-17.841664773187205,18.655500732589125,4.714065180687044,-19.41560144409573,-25.12075849665249,11.023052763943577,-46.100140559387846,-15.077319905902842,13.038330914315743,11.59278381316602,5.698465189337743,6.982585779084349,-3.4571344065089,4.220035449037685,60.73471908,48.55078158,98.17686613,7.812499999999946,6.611570247934053,7.75193798449607
210.5,7.016666666666667,28.6796,68.19944637,0.626574394,4.841280277,19.16287197,1.2605373783481624,1.2605373783481622,-1.6625210353680562,1.4835838015946141,1.0769898429495495,0.007338425858031521,-1.6452708948245272,5.021790047611721,8.16604077068419,19.451018460296865,1.0,6.74591288550026,9.210044649710092,12.961442717778835,12.858780383537027,4.531038684339173,4.218904873178797,11.144881452508226,-9.911918998706115,-14.685031158899433,20.70658058293402,-7.834602604330865,-20.64034234517136,-34.140459348474025,12.0387094417179,-27.252058009011115,-17.94871495763917,17.496505472252988,12.650148669626391,4.886242111516204,8.176595469656789,-1.2210163906931193,4.129755709812111,62.34528008,43.96867366,97.92771807,7.75193798449607,5.691056910569296,7.692307692307607
254.2,8.2,27.8309,74.5584083,0.706262976,4.627197232,18.5900692,-0.46944024897081815,-0.4694402489708182,-0.6049053354288494,0.6717567229726469,0.7033657195811165,-0.8351685182915225,0.321896518627667,5.600122900253925,5.448492535990379,18.27932176813718,1.75,6.663967754619549,8.838280577600965,11.134560871617438,12.810498147964022,4.085232006497996,2.754272463758145,12.78662386772309,-5.369493430718819,-10.743225018103963,21.35222290425034,-18.96087702276388,-25.577666064272897,-33.57412424366153,-3.620592346218565,-34.56555486891215,-27.92744224542369,17.822899638318823,12.306922221753958,-1.296848146365992,7.448885199073896,1.3894788318816076,5.769822491918397,55.06937957,34.975044,112.9984086,7.692307692307607,6.451612903225971,8.333333333333258
265.6,8.567741935483872,27.1109,77.71280277,0.761314879,4.210276817,18.2532526,0.42542155989471625,0.4254215598947164,-1.2904777478465412,0.9216133967671629,1.134235590155553,-0.8563862014382975,0.12434696999400853,5.371855115262292,5.2574904100913145,19.25950483761696,1.5,6.374518511817495,9.414613211322642,9.93318613776708,12.289243410983984,5.809526184101621,6.136894637629187,14.699927866963325,6.191661166023721,-5.546931159240831,25.11661703117687,-28.952539094607044,-20.90696391579448,-35.39799785212176,13.69188987249439,-39.11470945147882,-38.5291513295924,14.745273114313129,12.200326060405333,-3.9392401710661495,6.975616307202426,6.331748735435205,12.63121281436046,47.4583521,14.84614998,119.6581213,8.333333333333258,7.258064516129174,9.022556390977378
166.8,5.5600000000000005,26.933,75.43408304,0.7516609,3.645224913,18.55519031,-0.08435970013861203,-0.08435970013861244,-0.9050539979802118,0.5576659380541635,0.7660952085799232,-0.21029102481408896,0.13311706393215975,4.936927430572166,10.345950521025491,17.801236449925284,1.5,7.887745655275768,10.178269430994202,9.660706405148556,11.796728254773823,7.585135757406114,3.808733505040074,15.324467750027893,11.285171182019573,-1.578660593064107,25.80729671341926,15.157156918225745,-41.27321537392241,-29.102294221929537,4.7849184435616365,-1.155414355664952,-51.41853581478277,13.842137791871425,12.163363725666889,-4.124295853404902,7.209564598100471,8.252945720448501,15.399622774571007,25.10261608,-3.099175331,103.5832648,9.022556390977378,6.400000000000165,9.774436090225503
51.5,1.6612903225806452,25.9036,67.02768166,0.696574394,2.910726644,17.95100346,-0.7914582408015931,-0.7914582408015929,0.2842648767857151,0.25064628177146725,0.3335647358034817,-1.1220669448694016,0.6534585253060564,3.655186277137491,3.800130366362886,18.68471969063457,0.5,10.750108015693716,9.04177615710573,6.638183963185984,13.9658499449701,8.215540577020874,4.349923035085368,15.59431965518998,15.031588215482383,-0.6684923101883733,30.439739750321948,60.57769819366978,-41.82189041707343,-31.972933188678176,31.21107681367432,10.62754288049037,-55.59821907827747,12.653019716553882,8.622490427901663,-2.0416588186691342,6.464692809740402,9.345000255114575,15.70681483073706,-12.99191069,-37.56756713,95.82401853,9.774436090225503,5.511811023622001,10.44776119402977
25.6,0.8533333333333334,22.4457,61.22221453,0.630346021,3.49550173,15.69107266,0.05199129790992914,0.05199129790992889,0.16453662862244273,-0.03558052623193888,-0.011424942568692541,1.1318349390602025,0.42959838636276704,1.069574691807383,1.2450787049075096,17.605848786576317,-0.5,11.95564001927698,7.843740284441392,5.7844049794130825,15.415067982725894,10.180811405345835,3.955134631879975,12.318845422329172,18.493203748580235,7.8110143373740115,33.65683027147597,69.59145276511842,-8.413639716244958,-30.42751600831277,35.98955586387751,64.57877105210868,-63.82968460185943,9.41566821070099,4.4672440051592766,1.4734659756935995,5.925805194666811,7.614504761879903,15.507191434657884,-55.31502482,-54.20040218,58.91164523,10.44776119402977,5.511811023622001,10.44776119402977
10.6,0.3419354838709677,20.0275,60.68183391,0.590519031,3.321868512,14.16435986,-0.3647708670924321,-0.3647708670924319,2.179241364367792,0.6253817043743358,0.25443666331989556,-2.229056757854734,0.20899863363783172,0.0914129006456006,-1.6370754431897616,18.17322960774028,-1.5,11.412136917042035,7.488266554301504,6.9722000210467705,15.8946852090752,9.754610702240283,4.811471665979461,12.16652246827703,18.76793958643064,11.778303565638293,37.13104821538327,41.613678252239694,23.70618142141181,-37.27384146056076,16.877082328222137,70.57557006275647,-73.63809625440192,9.84119699003836,2.9437939279851832,0.5366053504638479,6.330172911047782,8.348110647656881,17.45267199007694,-78.8238805,-53.47284618,42.0978916,10.44776119402977,5.511811023622001,9.701492537313344
11.5,0.3709677419354839,18.9432,59.05688581,0.545536332,3.589723183,15.13930796,-0.4722134992770693,-0.47221349927706946,2.244958877273362,0.5225045572836142,0.23673204303250303,-0.652347761424194,0.34190695549853545,0.0298465036952788,-5.491005238494218,18.441920521738098,-2.0,13.478165325831617,8.277644365706838,9.094018013320682,14.388608121537594,9.110554852229312,5.469579166312233,13.285912369164077,22.91858657701722,18.42534579019386,43.59383801915753,32.594761053073505,74.09489093419933,-34.96383790460102,23.41840031604434,78.1027097836199,-87.2488109215762,12.825433552367826,-2.4431182566661214,-4.186657939279037,6.641444289900722,7.131575290309122,24.95303064874044,-71.62632346,-53.21445516,40.15143356,9.701492537313344,5.511811023622001,10.44776119402977
12.5,0.4464285714285714,21.601,52.12346021,0.49384083,3.746608997,18.73128028,-0.7676696322496421,-0.753097387981837,1.2425373399762565,-0.6412981421108493,-0.4568575571978025,0.07549550765998733,1.379192459708835,0.2361910880378666,-7.517749521699013,18.367844054185767,-2.0,9.047476030285129,8.193690388324804,9.137832677042468,14.769689087489102,9.801091895501024,2.955218412975835,17.89462452680244,20.256284361418903,20.3178120068511,45.24328515320457,-10.654899832162457,70.36184804272408,-25.40727048541456,-20.22741592868256,24.159573951251765,-80.32560655448026,5.215647959436165,-4.871092800600607,-10.544288458831286,6.032394529199525,8.3822937685202,29.34548515375228,-78.5928914,-65.98236788,37.07486712,10.44776119402977,5.468749999999956,9.629629629629571
13.9,0.4483870967741936,25.16,49.49688581,0.468754325,3.487612457,20.84024221,-1.1072007388027958,-1.1072007388027958,0.4694379741426412,-0.6104345460486966,-0.4841264579272767,-0.42918628500968936,-0.6602837658212058,-0.3835562549173852,-5.296107711901499,17.677944016538305,-2.25,7.660712147219684,6.1132468051512845,7.436322396101502,14.35081963628404,8.096077062532547,-4.407158446743775,13.82924343957983,17.713528244071284,14.839653121538364,28.65603673425809,-39.51329128709587,59.543026072505526,-6.1991676027967735,-43.43304168565725,17.98335512453737,-54.654370636807,-3.609288115224807,-8.868082645917053,-13.983404302770095,12.810498147964022,10.45968653725291,28.34979659292065,-79.17541732,-73.54226637,26.92682319,9.629629629629571,7.87401574803144,8.0291970802919
25.6,0.8533333333333334,28.6361,48.73975779,0.467231834,3.96200692,23.55532872,-1.3137423886288935,-1.3137423886288933,0.37177207515002025,-0.9023714795050224,-0.3853512246080885,1.1940368893169728,1.0750297227103802,-0.7368857152167096,-1.9432358271591177,19.393951583505142,-2.25,8.331954339781866,8.492946374976462,5.954139369101696,12.92802880220405,9.9693933241765,-1.7769470511975527,21.123775172524883,19.86774991598033,18.512346392262824,23.08805338163617,-17.868212265828465,37.287140217146586,33.45229182651632,-18.025269245324704,27.53008181083878,-31.195928502485025,-2.586351058991898,-8.2039552035722,-8.206979765173017,11.096089808079237,7.422761084501772,31.41332585389512,-77.44005421,-50.07752879,-19.88853223,8.0291970802919,7.812499999999946,8.695652173912983
56.4,1.8193548387096767,30.464,54.23294118,0.490692042,4.287508651,23.11903114,-0.16153349576335477,-0.16153349576335566,0.007774686725528001,0.00017971473556371322,-0.3849058592717496,0.1923814753722633,-0.14964791216944057,-1.281435798958602,-1.6995263324063536,18.979904974179007,-2.25,8.53458843235586,9.6401117339469,7.625243149975613,12.918889547676304,10.82516552230981,0.5978098175508428,27.11624080794186,24.867556741780604,21.34682857907908,24.40460740538155,-0.1185185323917537,41.714676569375,50.42656928522575,-26.215272125900224,13.968097399326762,-7.3439299444086,-1.8852314979208808,-6.87695076262953,-9.280224900688694,10.87685236111886,8.042918110829866,34.29447511268302,-76.07574041,-41.79866149,-47.62200946,8.695652173912983,7.75193798449607,8.633093525179794
87.5,2.9166666666666665,30.2346,59.56034602,0.548892734,4.766747405,22.18778547,-1.9468705144285021,-1.9468705144285017,1.0397338329773034,-1.423264971263876,-1.0017121267968612,-0.3123171557986447,2.3448745700892766,-1.426776043689863,-1.7911693912297189,18.83901440306097,-3.0,10.689425828977496,8.665880497314404,8.426034361774004,13.5226787209767,9.748645922692043,-3.0628226330711605,31.776374282096054,28.392690468945723,21.81071287714457,20.5665243069662,14.921532703613584,30.14212483350853,62.54230481834541,-16.291379623538305,7.405617344349835,1.5554428955650843,-8.71573091314426,-8.11364125466083,-11.715100999316164,11.83338481186711,10.560618572416391,37.31362209928042,-66.20565935,-49.39540579,-58.29521445,8.633093525179794,7.692307692307607,9.285714285714231
285.7,9.216129032258063,28.1943,71.75737024,0.663356401,5.236089965,18.61311419,0.30557902999043657,0.30557902999043596,0.7475994261218959,-0.6178053973994739,-0.7557283735906695,1.5614754389056251,0.36158497565694864,-2.097161353676022,1.664272230570596,19.62646600290832,-3.75,11.994627803421665,8.12016801810902,6.831283065829652,12.283208830622172,10.754154160418672,-0.259067502409227,40.23269039635613,29.4378132713355,24.12546365512496,18.67597688706137,27.96713487057012,16.998577834899375,68.50153146488162,-1.4332492900775762,21.88289731364179,9.146671962350172,-9.507361472811215,-10.501974209855636,-9.741536732639045,13.342825199217856,3.352269203864377,37.545768333416696,-72.4245629,-55.26328062,-88.08252952,9.285714285714231,8.333333333333258,11.88811188811181
193.5,6.241935483870968,27.8527,73.75861592,0.695259516,4.190484429,19.06176471,-1.571511673725663,-1.5715116737256627,1.9386549671224624,-1.4996971589994221,-1.1611696131653375,-0.9441797564018365,1.5552709676010292,-1.484348611960553,5.189702834261567,18.118675970895023,-3.75,13.418222245550115,10.194370329995817,6.262342320147152,12.655753944992831,12.24353260720168,-2.3455908951977023,40.933094578221855,24.59922062816826,27.28484801430904,18.08501409401293,39.48306564588506,-2.076609774399607,72.09325052181903,-1.742541671385922,30.58170802157294,31.077290184571773,-7.62193807503273,-10.911094623865925,-7.090796942305033,13.363409893591616,0.8726751138237177,41.023838686082215,-45.08559598,-25.63656944,-98.85381825,11.88811188811181,9.022556390977378,11.72413793103457
142.4,4.746666666666667,27.4927,72.91705882,0.717543253,3.724844291,19.16719723,-0.7592373012475123,-0.7592373012475127,1.0757414452306444,-0.6283678523119457,-0.3014899287632155,0.24673815790276024,1.2198659921068586,-1.286205966642702,1.6171484436464212,17.848469092644592,-3.75,13.030454245442424,11.400788269900897,8.182514589119005,14.96136105829562,12.803787944988798,-1.6894488898761215,40.840661944961184,33.50363573473185,27.62955822963855,17.32128405957143,-8.322615644243037,5.297726896456023,74.94084291628545,-5.298304242946816,3.763271894788911,71.9636177434698,-8.745493432668638,-12.59833613831347,-6.0436669555755,15.508547774529635,6.527354505893879,43.918128579128535,-38.10432614,-15.98164174,-104.6219355,11.72413793103457,9.774436090225503,11.64383561643844
71.0,2.290322580645161,25.6534,63.78806228,0.668788927,3.239896194,18.13564014,-0.011203655582631292,-0.011203655582631523,-0.3341966203602567,-0.9588121011423605,-0.5532172349348649,0.7671593214321905,1.0610727921154126,-0.182848277486116,2.350389567297828,17.335564031558093,-2.75,11.75454213033591,12.193069817646496,12.023552002480375,9.968929221368406,11.149218500423077,-3.2938076082186463,41.149123950132,38.97661985650611,35.41718137206136,10.816308405315224,-43.763066415523966,28.40289669060141,86.21195010349058,-16.973146243388282,-5.0643732818755005,81.0839211984569,-7.751857357764003,-10.439935520111376,-4.372281101383102,17.41582461547937,6.749187485411401,44.012278803469314,0.547946576,13.09730915,-101.470233,11.64383561643844,10.44776119402977,11.48648648648657
54.7,1.8233333333333333,22.243,62.54539792,0.625986159,3.465640138,14.98252595,2.213343825308403,2.2133438253084026,-0.4585079187672467,0.31672379442356335,-0.13552354035094086,0.9197579562320739,-1.0801431236517662,1.838295869130281,6.14198112446509,17.54529219583567,-1.75,15.465677832482694,16.49886350164733,17.613384368578977,10.563388908763116,10.015124138084095,1.2006463346050822,46.89923363902899,50.59721514795612,47.601788360432806,12.787179536341764,-16.90659409192694,17.013496931978977,82.62893924050863,1.2779726646399148,-65.33682900947646,86.2071682018061,-4.640225081111016,-5.830127110719907,0.0,19.98599941611623,11.483925961236974,52.78076807391976,36.97470255,27.25072744,-71.89478265,11.48648648648657,10.44776119402977,13.51351351351359
11.2,0.3612903225806451,19.3949,60.09958478,0.584429066,3.53100346,13.74249135,-0.24181439503880334,-0.24181439503880345,0.588770786944377,0.45386007606110157,0.09124114410751186,-0.7344130960065895,-1.047218756610063,2.721331126205837,9.079698081344834,16.577958483101085,-0.75,18.86599495404821,17.643176273789063,20.69588611793396,11.7251262179348,10.586471129641062,0.6414390177662987,46.47675730299818,62.09457866768054,50.863743908543846,14.297811790186364,24.60132700033215,16.282603459593936,82.1397131955047,4.331525531376368,-54.83250314320669,92.51750338435924,-3.2300944788320685,-3.7771320838995592,1.6679689198655367,19.780504817982703,14.065697500414933,52.45616069490842,58.53799249,33.67155752,-58.14031421,13.51351351351359,9.701492537313344,14.96598639455789
7.2,0.232258064516129,18.0691,54.66615917,0.543910035,3.598235294,15.12422145,-0.9488609281248152,-0.9488609281248157,-0.039582867782729056,-0.4855505351612386,0.18945606132104945,-0.6000774965169291,0.30653502148394607,2.625708642957616,12.515548291594849,16.00547931733196,-0.25,18.38995142737687,17.533570549488786,18.926488110111173,11.369305040485855,7.896174334819417,3.1436773423563658,56.90818432253843,64.94013427438006,53.50179494166598,13.625618995070798,24.675341695334296,6.730368189610658,47.658923197333536,-4.491255668082239,-55.451286820427015,105.5725716587418,-8.281145481430396,-2.588871097800638,6.439005405987341,23.57544615190159,31.288386442573124,52.12708816275296,53.15449014,23.19062604,-56.84857039,14.96598639455789,10.44776119402977,16.21621621621627
15.4,0.55,21.0871,53.51584775,0.498027682,3.70716263,17.92242215,-0.5190664012586916,-0.5061753983940299,0.3976116199635542,-0.2515946018783176,-0.3056339966642103,-0.1278954339162727,-0.30040299712914525,2.143331778145365,12.8631431670029,15.695124626018496,-0.25,19.761539213827017,16.280274971984365,16.37656897235793,9.45182935509008,5.972925730258716,-3.159926775148314,40.67646534502502,60.493212360381946,45.63431324158893,6.7499665296410605,1.1821738965166697,7.280504037330537,31.691171076671854,17.07812600550893,-10.73055255539992,99.47516773673816,-5.821972900541894,-2.357011470711079,8.598119249551228,25.1136206929516,24.58349625162804,45.24844995337087,54.22704565,23.52649118,-53.79618395,16.21621621621627,9.629629629629571,14.86486486486493
18.1,0.5838709677419355,26.23,48.63297578,0.453702422,3.683148789,21.30321799,-0.7826897057970915,-0.7826897057970915,2.1674540731661,-0.8465730154660276,-0.9514922034282605,0.8174504158774962,0.33193275436327513,2.31395944694395,13.925321583472172,15.571965737703763,0.25,18.771504866235134,14.07151135062268,13.684375073750488,7.764713069772533,5.229073208740065,-3.003638768628392,34.166516042120506,64.14199235865112,40.42907098522228,4.92710490067827,0.1100715576185962,-19.171493434067788,2.10937830597997,40.84222319979078,1.325693299354569,82.40825320678344,-2.509867792972642,-1.8550278979714283,8.65275673247341,22.209744795347408,20.883231221530885,36.69988272803684,52.73549257,26.81748561,-57.3652154,14.86486486486493,8.0291970802919,14.86486486486493
45.3,1.51,29.5928,48.46429066,0.438615917,3.966228374,23.59615917,0.580200169438373,0.5802001694383735,2.1301858008435355,-1.015258933718769,-1.4049815654742654,1.2120086158716432,1.1847983000341058,2.236447195648092,12.290990537244715,14.19515462943437,0.5,18.635812881889624,8.701137698962924,8.137574497380129,8.01956245635056,2.983317037997857,-4.55087014724711,30.76452119606099,67.12370709242012,38.11081974176611,5.755974626898208,3.499965490144952,-10.56982964413118,-26.313110894021907,24.746883856904844,4.978805999382852,66.04992465350725,-2.744749550111081,-0.2517835992340345,6.273834063342321,24.613306953890834,17.829583874103072,21.95225455472567,51.47549019,7.580296342,-43.353588,14.86486486486493,8.695652173912983,13.33333333333341
73.1,2.358064516129032,30.9589,53.88183391,0.487647059,4.456539792,23.04612457,1.1640730788056963,1.1640730788056972,1.721668878470023,-0.2249492640817522,-0.5116238562997821,0.9264726282997422,-0.3440365692006267,2.020986084093975,8.163207926828076,14.123977214176264,0.5,19.36580891194665,6.847352585076472,6.19640073876031,7.953315352238377,1.782813809300432,-4.677233380944834,29.5587251958894,65.57624897162472,42.63564671395406,3.6215656937509166,5.718311953337718,-16.295049103795556,-37.712486879031374,36.65254431442779,22.20093050611971,49.777289185663285,-3.3424395517278604,-0.5037794029957077,9.280224900688694,24.981965969167685,15.965548289472942,16.58126195751013,27.59555537,-2.08340869,-40.54651081,13.33333333333341,8.633093525179794,13.90728476821198
141.3,4.71,29.8508,62.83885813,0.578546713,4.77716263,20.68553633,-0.5439555174253754,-0.5439555174253755,0.37277214907315454,-0.32012476943080037,-0.2081942673932555,-0.2676484785274915,0.3632666354684481,1.053348972845664,7.156703787573981,14.120260692441278,0.5,19.03353375175083,5.948309524330853,6.359110278153057,7.913016008169293,3.876454345024438,-3.229411519020964,21.971415473453604,61.3292566557611,44.96003849340386,-0.4681656491065666,7.283311221563071,-12.969581717262637,-46.6606004312431,39.753485243218734,40.47914805986901,48.83235362677496,-1.677743547751298,-0.4192878260036004,13.149845840130324,23.27885186733916,15.4676912539502,10.371630754533712,8.652535025,4.582845268,-33.84775849,13.90728476821198,9.285714285714231,13.72549019607849
299.1,9.648387096774194,28.0281,73.91,0.694152249,4.580795848,18.57979239,0.6352697708818917,0.6352697708818912,0.12903505801585688,0.3732378295110982,0.2915246385879124,-1.017807578576029,0.3041976291040469,1.235192778301474,9.474542920057782,14.600606222792932,0.75,16.96081035209689,7.079305199109953,6.334733576741769,9.14598561930502,8.275396102891186,-6.013835873853335,7.452236541885515,48.89872059488232,40.410641224697216,-6.005993717779212,8.446681077919482,-7.789824832750281,-55.41515862003487,4.5535278972353765,30.98404134404192,68.08469024782937,-1.4853920987962788,1.772946397756936,15.791201098425669,23.16273177781092,23.469354704486545,13.903094819056072,14.06324684,18.99333918,-7.310142954,13.72549019607849,11.88811188811181,11.25000000000009
273.3,8.816129032258065,27.4948,78.57740484,0.762629758,3.956989619,18.28259516,0.6386862741648535,0.6386862741648537,0.3806789645781097,1.4510446548344567,1.1799272639464793,-1.979898106074253,0.17627813186024674,1.148104561839206,4.371896375243534,14.471563824205449,0.75,13.945072878110045,4.481102249925328,9.734122649120636,7.121117995844095,8.112554481236778,-4.392708829407077,-9.967739628055927,43.15398229029066,33.05218505469769,-16.898515779670298,9.34550176243345,-1.2669852741051812,-60.66130817302637,-0.7843177461025697,10.155581861416252,70.27713932260289,0.952800625165473,2.945101368941394,18.670490710780463,23.812777744395408,23.10114125148237,2.073589847917834,5.631514651,23.54005659,3.099421649,11.25000000000009,11.72413793103457,9.876543209876484
197.9,6.596666666666667,26.9231,77.44145329,0.777301038,3.495951557,18.12588235,0.7758326520944531,0.7758326520944525,-0.9400904012101279,1.5035483524377833,1.5684081655147066,-1.0671462478488742,-0.6292108610312809,1.143682658159289,5.970762192774348,14.156643899818278,1.0,15.091338337746762,3.552385127195468,7.563325171012103,5.55355523089629,7.7270428670278335,-4.011232939780562,-8.532853135267704,19.51856223569344,30.63097238637358,-18.467727048641347,43.94242286506183,13.856636829625746,-65.69656348356858,23.017757797159,23.48265771069027,60.61712727387452,3.0583423372079643,5.1816261365389416,20.768928366007167,21.597002030599644,15.17335697229054,-4.64631247232008,13.90552513,29.86304425,21.98900044,9.876543209876484,11.64383561643844,9.815950920245315
69.1,2.229032258064516,26.0405,70.58989619,0.732941176,3.276089965,17.04747405,-0.08722846132191499,-0.0872284613219147,0.6226636735854119,1.580540235253727,1.4942220899293588,0.9748888117501899,-1.3412235606036227,1.172187605526981,10.730919180597986,15.972546428509917,1.25,13.661598398947472,3.684056922107004,2.9564747562427662,5.169895491766408,7.899660431280164,-1.85558670703756,-13.207019354620275,8.257115402689497,20.02037875512528,-16.749607362063745,25.27217837963338,20.10299553905712,-68.33142596437068,-0.9427679255558984,13.91971301602002,58.15788669858506,2.7949417548229327,6.098417699918723,18.65689749129009,19.09364366437689,13.859469458106943,-4.4828826326008375,12.44396412,34.72513709,24.61123611,9.815950920245315,11.48648648648657,9.696969696969616
57.2,1.9066666666666667,22.8694,67.16211073,0.691487889,3.144152249,14.97439446,2.399027032129578,2.3990270321295775,1.4668749351296524,1.5459471072922406,1.7289099773409824,-1.3634485625263442,-1.0974693603246717,1.143160911570236,6.202017584532893,15.222175188286968,1.5,9.657890049744111,1.0604553248796833,-0.7499314061896634,4.6268390554932814,9.688945074350652,-4.75974084487536,-24.53098467714705,-9.288049913984596,-1.260280190301177,-24.872148806370475,-39.98706879228395,31.351974926174453,-64.07305391613409,-10.854016857520676,44.70730967612511,60.83299000410474,0.4308494385724337,7.116318474960615,12.97714460402002,16.593048903934005,18.355619413581525,-9.9283298482284,10.70474038,39.35994448,29.50412905,9.696969696969616,13.51351351351359,8.333333333333268
23.3,0.7516129032258064,18.6747,60.86425606,0.649792388,3.442491349,14.11221453,2.2378077913760452,2.237807791376045,-1.221942001326791,0.6791204608554338,1.8428113536630968,-1.3669906109944214,0.0537230707231798,1.495723527314345,7.828234647751397,17.126596946084405,1.5,14.034289250900844,1.3966707481707807,-4.236725123651564,3.9337610692721015,10.80141530196883,-0.96370806883872,-26.232192836113644,-16.221731586255217,-6.954066662527403,-34.64137920840855,22.37157973956343,55.9509251952794,-33.64722366212129,48.406346321562935,71.59211052084977,80.72621876244925,-1.6122538450522583,5.692593679600932,10.821358464023325,16.842858535045835,15.840178442974029,-7.199761198870469,20.61322055,40.7085854,28.54769999,8.333333333333268,14.96598639455789,9.467455621301724
7.5,0.2419354838709677,17.3511,58.78411765,0.599446367,3.842525952,15.17543253,-0.91560645634474,-0.9156064563447404,-1.9161427270096705,0.4598804507769949,1.8038811115752806,0.9000365654389676,0.4266048681599425,1.631846857448751,7.237448622314346,15.292067343056104,1.75,15.42373086660529,-0.1375516035309942,-3.862780823127121,3.51959978739842,12.546847481394074,0.1932367751054542,-32.1885574334229,-15.481337037503629,-11.59743579239798,-34.65225724747141,60.468019923761496,82.8848923370293,-14.847358994306337,39.3378220824581,80.32470415816687,74.11896112615075,1.8272933676732883,12.918609406989567,9.483763785743449,12.90002031873092,1.6269643585969715,-15.547102991179608,23.14856226,45.05619476,26.0708635,9.467455621301724,16.21621621621627,9.302325581395277
25.8,0.9214285714285716,20.6986,57.30643599,0.543460208,3.766816609,17.77356401,0.37247622022609644,0.3793379435760366,-0.24113841355451446,0.8093209939993928,1.3353287948925392,0.1796887590103017,-0.6095072100735689,2.107584628658194,6.442106771803324,15.41323032444275,1.75,10.395193533490232,0.0,-1.290340483590846,3.7672616299169626,17.633188465321314,8.38186718830718,-13.019743880476575,-12.911680753774402,-6.201134010007081,-28.79610513906812,28.527533242121628,5.036469549570288,-11.500910877365822,-4.957171950425199,39.12046168890071,45.76410150861099,6.067572696528956,18.388195146477223,8.959056251652875,11.8129548013016,7.297354208311013,-16.755346045381803,33.62799474,46.92503335,17.76571275,9.302325581395277,14.86486486486493,8.823529411764648
24.0,0.7741935483870968,24.8257,50.99107266,0.493148789,3.753529412,21.58307958,-0.3268289689557451,-0.3268289689557449,-0.0610730369821628,-0.20201817914703799,0.27332838704859524,1.2661602119838504,0.9317120623933732,2.681603264240822,9.003293272830248,14.918166482382489,1.75,8.996138167210876,2.37110131935081,0.17346058122083,2.240481244033532,22.58831003500168,8.180031777687713,-9.87691310046772,-17.905477832956063,-1.5394028091291645,-21.41411544669252,17.883179294372997,4.452790373659177,1.4131181923737302,-6.927412588340509,27.864221373579355,-3.226086221822122,6.036681676718381,17.591811975874805,8.103665636237611,4.33069427549011,7.002560936661606,-7.402418146281864,36.64629503,36.40635714,16.19398145,8.823529411764648,14.86486486486493,8.823529411764648
42.9,1.43,27.6133,51.83913495,0.491453287,3.411349481,22.83155709,0.3494660506890615,0.3494660506890616,-1.508133390136198,0.36776480586825533,0.47769741991600956,-1.1502418636915586,-0.8707578483884195,3.163630859276415,5.156884061217326,16.29825905167941,1.5,10.132394363288544,5.772186215847341,0.1774623358368643,2.2975617655469627,28.112896905339024,5.804598215414369,-12.52225889176426,-21.604852746360592,-1.8519047767237675,-25.26796162062457,3.761356759783308,5.839638597487173,-1.0939033420431343,-16.74942670315378,12.15343024994553,10.07115813470838,9.661502422368162,16.537199848018158,11.678153331929408,2.8333783214511854,9.548760535998468,3.3881398308556854,37.03457767,34.61914466,17.78068764,8.823529411764648,13.33333333333341,9.411764705882277
53.2,1.716129032258065,30.5144,54.83446367,0.506401384,4.137750865,23.77017301,-0.4155419411897595,-0.4155419411897581,0.1823155379357158,0.3858742174707229,0.26884371925409034,-0.4580067615775537,1.5864726273933731,3.568645784634606,5.985731699211083,15.686289085981995,2.0,7.928257439004938,7.56133320372605,-0.4172882359195107,3.7219181902871767,31.128866583425108,5.271490659625044,-17.760827234185683,-25.109324317018626,-6.674140514245153,-29.73041398158429,-6.387608718180182,7.815936362823717,0.0846381768681681,-18.81836864907509,-9.162049700888542,15.687524022111976,11.080185641053308,17.838565067271617,13.13132771125014,5.928916525142736,11.146830727865089,5.380566369342343,40.59018847,36.36679794,20.6221126,9.411764705882277,13.90728476821198,8.720930232558082
183.1,6.1033333333333335,29.351,65.0616609,0.59899654,5.103771626,19.95958478,0.5460416363800272,0.5460416363800275,-0.49577253465611376,0.4277947178432388,0.33902750497712497,1.1331078024150079,-0.5943317503960241,3.558828252242313,9.059709150562778,15.939951574528877,2.25,7.361917377331739,8.40831172105414,-0.0592592609933717,2.8204689879850697,27.23561019735543,9.327662546856086,-20.49153097023169,-27.63367319580849,-10.605713707227338,-30.10670451355785,-14.069817771117243,14.938377214484522,0.4777079148278851,-18.93525860785319,-34.468194487245185,11.25955267709342,12.064822558269572,19.34637333471967,12.629372532429173,10.901873766279556,11.384712953514509,7.263508226211357,41.96246367,36.67930741,53.62605209,8.720930232558082,13.72549019607849,8.62068965517236
247.8,7.993548387096775,27.9115,74.52536332,0.702249135,4.580069204,18.47366782,-0.6269044834264376,-0.6269044834264372,-0.30492766954830147,0.6565432365566666,0.5668698167030433,-1.0206676996733095,0.12142816657897637,3.628715982221043,3.592471551943799,15.41103336275178,2.5,7.874686713973666,7.815936362823717,1.7720487321363445,2.3824831481487507,21.32269142375636,15.237815351383864,-21.05437302801932,-21.95152465879673,-18.50444992524105,-28.83220724736261,-20.10357713905897,24.02122387939221,6.794520245450819,14.668896498029492,-26.475080857724187,-19.92965025840867,12.867808506145106,20.302623015564603,10.549702511131809,10.226293961369226,8.218909184162726,3.8845636961533536,44.44111809,33.76563694,50.80047474,8.62068965517236,11.25000000000009,8.426966292134756
288.7,9.312903225806451,27.2234,77.29259516,0.756020761,4.271764706,18.0116263,1.0652157027051279,1.0652157027051283,-0.8007535224030036,0.6643030671588319,0.950266485267055,-0.5836429446613217,-0.3032890132480902,3.771208179119795,3.3388928314462163,15.747495482406393,2.5,9.185719108729897,8.070561787348485,-2.1090412657660096,5.041091006716503,21.15058472340001,18.098017496975327,-12.25587139550477,-20.56740840932907,-21.857617468609902,-21.67537532154391,-24.97628375894872,39.63159134545764,14.953173397096364,22.2093131049558,-1.9243698392627628,-38.40800816259886,15.538144921339114,20.608342856890083,8.932810812677783,8.988731306111664,8.873403030107596,6.091723337667965,36.14873354,24.41086798,46.11907489,8.426966292134756,9.876543209876484,8.98876404494375
191.5,6.383333333333334,26.8958,77.12557093,0.76550173,3.928788927,18.41044983,0.5988155763937578,0.5988155763937577,-1.0367059373896117,1.3547030811989573,1.1991926140514397,1.4174161090739539,-0.12390055525340608,3.868356841040233,2.464696542771528,15.372995960472124,2.5,9.181730121204712,7.740939476277564,-2.7771356386073087,3.94284669888183,17.924325636403715,27.911891000411423,-10.470456286290553,-8.315677435212088,-19.7750985358816,-17.04427050158488,-26.94847133998728,22.937410106484624,13.353139262452274,20.94994911466328,24.068786096512,-46.69014020802402,16.5397742150458,20.644867274203985,8.039207009068505,9.782229309384594,12.058494278505716,7.124315372168777,35.44874632,18.07396951,40.23566194,8.98876404494375,9.815950920245315,10.05586592178779
38.5,1.2419354838709675,25.863,66.95820069,0.704809689,2.805605536,18.2450519,-1.311627964280901,-1.3116279642809012,0.18390701593788417,0.22470670932098852,0.5963967814088927,-1.7253960145732261,1.3026163160388349,3.525199921357338,-5.110376284577622,13.867376834310363,2.5,9.686683481749991,7.380397458336141,-1.739174271186883,4.406509985190166,14.918278952436292,36.52003718915475,-6.288084725200083,-2.199617355177974,-15.013074956893124,-15.388948092280865,35.98822303257725,-18.53433592228715,1.0382961545054137,20.59464576530914,36.51138125845969,-22.983049080733853,16.33368550260581,18.887358678525423,6.474545336800475,10.541694747410002,14.926865222995024,7.0561240292486005,27.82894871,1.834913867,35.8987495,10.05586592178779,9.696969696969616,9.39226519337026
20.7,0.69,22.6257,62.0267128,0.637058824,3.291384083,15.81595156,-0.31194778745957347,-0.3119477874595738,0.7178075636502862,0.17862123795501644,0.17964749034052785,-0.3178082922094807,0.6956850908722759,3.394377590800889,5.838831823815394,14.40203082803535,2.25,7.99578936282801,6.993007867832546,-4.9861960109410575,2.950749226944005,12.612530927681664,38.95285158453517,-2.2338166647194235,-1.7398947608316284,-7.251283992171853,-13.438347834941844,65.80185020113953,-43.30459434639646,-9.770477047060488,16.531050006626646,2.601707682083454,-29.431178592700743,17.325217914609414,15.30089968627424,7.425284719924896,10.350381835678046,6.5659597488170185,5.995394281708144,25.41626954,-1.604312484,29.52674438,9.39226519337026,8.333333333333268,9.340659340659412
7.9,0.2548387096774193,19.0776,56.82733564,0.569342561,3.74716263,14.21581315,-0.9180749913337618,-0.9180749913337619,-0.20897868225645871,-0.5100941349814795,-0.3130386861665876,0.8104312089770793,0.3622134770104026,2.962418844871097,2.6413449008255263,14.7859889330487,2.25,0.7888549979724324,6.119556102692059,-3.94284669888183,1.1621281284015517,15.340245682190634,36.21473541834721,-0.1652437721089583,-3.352726126354355,-11.21239318619036,-7.797678525596385,-55.12980734853441,-95.77299706184616,-43.685649229281154,-48.47586318220056,-41.812772315239584,-71.11009841765411,19.239327821861263,15.08703194398171,9.27304842517236,10.457677268539012,9.59270195483608,4.580953603129423,16.15925746,-9.595816298,21.04809363,9.340659340659412,9.467455621301724,7.096193476561639
27.3,0.8806451612903226,17.4972,59.48657439,0.542802768,3.730380623,14.95425606,1.2791886811402302,1.2791886811402298,-1.5342967723675296,0.6211555999808207,0.15726813104650772,0.21138646971745734,-0.09196698857961756,2.925216712150888,0.9618178814556622,13.738484589824653,2.0,-0.6779686985378675,5.359621530153191,-3.484673133016792,0.9334956936051242,18.45133907109444,34.6260541457017,-4.073446333721531,-11.589965951111749,-10.311525287743883,-5.8347474622139295,-94.99913845260322,-141.14714307241778,-26.337487597341447,-21.696335574601733,-55.18446432105364,-87.83714970118615,18.02618238309445,11.1069097717035,13.555500208404949,11.623259967337418,7.862909823682518,2.511547537770032,14.3862063,-14.8542712,13.82839587,7.096193476561639,9.302325581395277,5.758293396982959
12.6,0.4344827586206896,20.1722,52.37958478,0.49650519,4.154740484,18.18231834,-0.7590971070430577,-0.7815770942719884,-1.1066159364474621,-0.569613608313932,-0.3606243954468554,2.1798780843329957,0.2392719394057681,2.871098780438183,4.196419909903248,13.046271911463236,2.0,5.942342047080107,5.432109741634861,-4.032804538697121,1.514298010256354,15.500854691048003,31.34159370885774,-12.875274684793323,-8.665549243482218,-11.558632983044426,-8.01357179512392,7.428007438287043,-66.66405169966163,-2.2409901399583987,40.36391000359032,18.76931005958662,-84.685684604709,16.956680663350987,7.0456482144580335,18.09384307090029,11.061277375821454,6.853873887242568,3.992430718587059,14.05977134,-14.66431371,18.73593508,5.758293396982959,8.823529411764648,8.038941658573624
12.7,0.4096774193548387,24.489,48.17927336,0.451937716,3.836574394,21.57882353,-1.1999181768044258,-1.1999181768044258,-0.5953926823477695,-0.9705866179354177,-1.0062868121418602,1.7956112931553831,0.922590800972895,2.651398193021807,-2.88961528623446,12.351540892100132,1.75,9.632540831791925,6.017858243592755,-0.5793758964669493,4.907526752132796,13.84696742651048,35.12323180495925,-12.19919811543866,-5.457764615458327,-13.751704955472556,-6.68478598382718,61.17235750835466,-27.5289423330614,16.91386916790769,36.38223361483854,58.408843583502886,-48.29620785144586,19.638610214466024,9.783764299483888,24.28636737631837,14.22986892402438,6.868453879353531,2.8333783214510966,8.781233819,-3.857679813,20.34340262,8.038941658573624,8.823529411764648,8.887415022384404
50.2,1.6733333333333331,28.2178,53.35179931,0.485743945,3.649619377,22.7100692,1.0512823285515516,1.051282328551551,-0.39706294257506997,0.9876602855222831,0.2742645426966079,-0.13587065009509067,-1.1973658786051062,2.30273981129898,-1.2715884325302795,12.375601150119664,1.25,10.364598459058527,6.167018430361093,5.797893343896465,5.805460508738403,10.56563298886477,38.760158314381776,-12.012280970259948,-7.332273457901994,-17.48727327809636,-0.4694844304207635,56.06511308675701,-11.682746941071454,46.56403199922661,52.47914239945955,116.1853886214427,-71.5077884053915,21.150312149140586,11.999647529525514,22.94031442375246,14.564416689368633,5.24162591321744,3.107269547520364,-2.134728026,1.141006674,33.38832384,8.887415022384404,9.411764705882277,9.802286242025104
33.3,1.0741935483870966,30.5943,52.66148789,0.486712803,4.269480969,23.97307958,-1.9951569611852165,-1.9951569611852162,0.4590181968979069,-1.0074316469910436,-0.550503235603843,0.11408843548803495,2.1274764854147277,1.704253774937538,4.30988947810933,12.573785510691591,0.75,11.1023282277654,5.496281490718324,7.6293307032151425,4.3811040839981885,5.496413969103653,48.52082454841921,-6.030213444241994,-6.299861038600074,-17.804514536630034,8.935930493856414,52.87133762557232,-8.490194261724149,47.6101884945149,33.82726011238893,119.05349022050676,-86.70069441864214,19.026584810025327,11.510763750790431,22.34080308629212,10.936152741589478,6.4049140815763295,4.771706950090504,-3.555930204,-8.923113373,39.61972012,9.802286242025104,8.720930232558082,10.24104008586152
120.8,4.026666666666666,30.2876,60.5883391,0.537612457,5.196920415,20.88570934,-1.0785234995548199,-1.0785234995548196,1.1318364104836096,-1.0773701092942474,-1.3035637352612677,1.5326030791891272,0.6273136662511903,1.663993762238479,-1.3759906161180169,14.530274251765007,0.5,12.176854304858242,5.628958283027075,5.902451487688065,7.44612032997285,7.76834675929603,47.57000311225079,-0.0907007168564177,-4.475349881182744,-16.537927492678328,14.299051178399136,48.43773168785263,-12.701042227493351,59.22085118869855,35.90752479633519,114.33529819154344,-82.46276475092932,17.508874537073815,8.076256387499825,18.55810656094148,6.719342770510295,8.515411645746518,5.1458587178675685,-17.42697016,-14.80174016,4.552325502,10.24104008586152,8.62068965517236,10.36638240845085
255.2,8.23225806451613,28.1078,72.43217993,0.66816609,4.889930796,18.57750865,-0.44483646233712754,-0.4448364623371269,0.42566309735432206,-0.30713164144056365,-0.5921686205716198,0.19896898144682543,0.3002645348889418,1.408450704225363,0.3198524876158792,12.837073735480333,0.0,11.893627768254332,6.481281636608127,5.997406704999442,10.585125639534354,12.24821909641749,49.75518276678823,8.383829733554027,2.399711702890528,-4.940127746471124,20.14681493280044,63.18905778624328,-10.738399010392286,50.66676970429151,2.7305146863893626,77.55201548556583,-75.35896952755343,18.718933255003734,12.50470482742676,16.053930650141623,6.773663456637102,10.08497515903155,7.559313861461003,-12.2191882,-11.64103518,-25.72924024,10.36638240845085,8.426966292134756,9.705603211436312
264.4,8.529032258064515,27.0871,76.58847751,0.725813149,4.45266436,17.96366782,0.3921855005279403,0.39218550052793993,-1.3940816284292685,0.23314299225074722,-0.09943949795036412,0.21877785046123965,-0.3881670739128267,1.692378997550129,2.261435686357771,12.982998485307816,0.0,11.338021298102152,8.084761424169784,16.320019627287508,11.501613946614686,16.189137110711904,48.40148328565759,16.92794802742279,7.285673435324913,2.571701373620084,23.04925877547408,34.15749096113583,-18.971794424037824,44.53982833923247,-2.505681628303069,18.920155329148614,-71.3492036255452,16.6978257766897,12.769384827982666,17.73103383708685,6.461393782210312,17.058371763164626,13.5767141281133,2.865012431,-16.47180752,-10.47192845,9.705603211436312,8.98876404494375,10.4886290737914
196.7,6.556666666666667,26.825,75.81795848,0.752110727,3.836470588,18.29615917,0.7426419504005722,0.7426419504005721,-1.2872693059430023,0.7385498721514098,0.7801708750400318,0.8874926647719052,-0.32684801907518946,1.991282080665064,-0.4243747863714731,12.548227906475873,-0.25,9.637121769045365,8.095094229589161,20.400119927097737,13.095877574318138,19.76041882224102,39.67625307207357,15.816800133084552,6.687629947761753,1.272165164412442,20.4276077584991,-3.938013824947984,-25.115568769970142,37.29651211951115,-12.424772440178256,-11.75923706043065,-88.24839841760306,14.6189475998467,13.25920457436318,14.741886628711054,6.075497863394741,17.33846610977654,16.084113047844806,2.229249694,-12.73937144,-13.22868374,10.4886290737914,10.05586592178779,9.77991520484744
59.4,1.9161290322580644,25.2363,66.95017301,0.69899654,3.24567474,18.05318339,-0.47535510114878304,-0.475355101148783,-1.365212969119594,0.2217097075956355,0.4108682917702042,0.8003245424686816,0.8790366566371766,2.162343598871165,7.934057539343353,12.314130142739543,-0.5,8.307937567107437,6.220828825555369,19.67417315472826,11.8093268273463,23.72865103841084,26.79936123766966,12.82555887401804,9.055050421855617,-4.009822656225559,18.121612693937905,-46.65842861845011,-7.593877339076283,30.91988591198387,-0.3136120920994578,-15.696509409458326,-123.95559339277872,12.56988782120887,8.416511608916633,14.756514932676712,6.001013731072824,13.006444413012908,12.760708038148216,2.257432204,-16.50552138,-17.48865783,9.77991520484744,9.39226519337026,10.01823670535325
29.7,0.99,21.869,61.49460208,0.63899654,3.394117647,15.5883045,0.35651175709665556,0.3565117570966553,-1.6080819726584306,0.03694404706833967,0.2348024100375767,0.41180532947218873,0.21062431610025,1.764133846085861,-3.062889706708205,12.606623544661131,-0.5,10.61968415632677,5.578107264358234,23.05309320405282,12.063506334743137,23.813504670994767,23.182853138889303,13.03430928494329,15.29874747473361,-4.321786623913404,19.42013765439521,-41.32519225536964,22.245409712450392,39.77304076431487,4.44471599002112,-0.1850217681170107,-132.2313125074766,11.659723887446738,9.896225407009585,17.8121437151475,5.982572890080817,5.642092046444791,11.280687349875771,-0.726615368,-25.43996602,-13.74975056,10.01823670535325,9.340659340659412,9.903593339176147
11.5,0.3709677419354839,19.2462,58.32564014,0.576851211,3.830276817,14.28615917,-0.18033615901198877,-0.18033615901198854,0.21491214821080337,-0.06871669994942525,-0.11182602971715648,1.4044308919435606,0.5716860770362372,1.741022368747501,-1.852872571065056,10.695653668840066,-0.5,12.433744515897072,4.412978695256253,22.48800992410045,13.0389371924438,23.37984337660908,19.27346872075661,9.349002664641937,16.458689726839015,1.1539715598289035,17.165611804159653,12.30890546481236,54.26771290307171,48.80748092569869,14.255686668297065,11.036100998690568,-118.01718395540183,9.231033084854534,9.62009595858131,21.42210857586821,4.964700122231136,7.177429444132422,9.615802262474205,1.654449502,-28.47155915,-8.756027463,9.903593339176147,7.096193476561639,10.56338028169013
11.5,0.3709677419354839,17.9398,55.05062284,0.531211073,3.773217993,15.40051903,-0.4722134992770693,-0.47221349927706946,-0.37752045803069295,-0.3972825576304078,-0.1796990777872833,0.47443763033207126,0.9543442078465242,1.594864668122506,-0.2507154876449924,12.286376826352807,-0.75,14.471971610034462,4.412978695256253,20.85723513402087,14.248103105977528,20.451923296191943,16.589111104778453,7.57699014276163,22.08386943915901,0.8699908942255696,16.720028373857776,31.269317893211213,88.08094704711937,56.30934803205561,3.1928367495102528,20.735178384601216,-95.39965046477286,4.624627477625776,7.738421276667751,17.364265174663096,4.109978279156579,8.575053035544489,8.969734712562616,1.60574369,-23.90613854,-5.030646469,10.56338028169013,5.758293396982959,10.35115699935629
39.3,1.4035714285714285,20.7939,58.60723183,0.532318339,3.91650519,17.68301038,1.5297671231150036,1.5288023778641027,-0.0844514683955107,1.1733897100752002,0.9328992126720942,0.9515038524713605,-0.7975419962828527,1.977923509749057,-4.452466030029001,11.925724586663122,-0.75,14.410473379902022,4.478231552384049,21.95808746020393,14.80762968064422,18.30017473226313,9.782477219913854,11.435023182778092,20.575545218026114,2.706129266470203,18.5893584968146,-10.130581096230618,113.09229926366112,40.27647655160456,-9.812835899013894,-4.73600403062111,-58.61301298064055,3.651347192399701,7.905280195478692,15.30529385306183,5.067211663755611,13.840202519475664,9.239929406560154,-2.709733956,-21.96592272,-2.103813538,10.35115699935629,8.038941658573624,10.50802348943977
16.2,0.5225806451612903,24.8891,51.3000346,0.49532872,3.427301038,21.52394464,-0.9294923159663389,-0.9294923159663387,0.039538384212307945,-0.11756748742418768,0.34101584669776475,-0.8137001379543418,0.8049782959140169,1.473896212596818,1.4688138734585188,13.013806229348646,-1.0,11.645202434027269,3.984437079894043,20.13981414758126,14.10613054384351,14.360800733862431,2.182552246535608,17.474985075990812,20.36444106531876,4.588224365727012,18.391278027781155,-37.10316221017722,80.79432847333203,17.93203963539014,-7.501881944843802,-39.66342228587685,-23.826736973473395,-2.862226362738696,1.6883564109938298,7.5513810473487375,5.166516537854804,5.984816918102176,7.794372489138546,-13.43323538,-29.24353318,-5.402664097,10.50802348943977,8.887415022384404,9.64692200770388
32.9,1.096666666666667,28.0778,52.32404844,0.483910035,3.700761246,23.29782007,-0.6119261107664039,-0.6119261107664029,-0.6543828146322381,0.5664841572478684,0.20891943149790387,0.08185236315170809,0.382743496155149,1.063085381489429,3.2692361685541904,12.074298578654563,-0.5,7.699591532748684,4.811288679846992,13.818117745511492,14.450740355545388,11.78860063613092,2.2989518224698635,19.5790347906037,22.0023423977966,5.88720005505694,20.721244439241104,-19.024146774681228,69.03961471880552,4.463494071208807,-5.975694280321253,-74.61770889874133,19.75947164142564,-8.858543681407838,-0.1848429361782422,4.441519481992895,4.829164837655142,9.057281550344689,6.175956689343209,-15.78921101,-34.49358288,-27.41640037,9.64692200770388,9.802286242025104,8.970400384206451
61.5,1.9838709677419355,30.8888,54.07121107,0.497024221,4.569653979,23.04359862,0.24329246413497843,0.2432924641349792,1.4789047183542643,-0.10352116992088987,-0.12139008933051548,1.4177201194782116,-0.3507714358694019,1.361965058851663,0.9478743954543845,13.185692615589062,-0.75,9.896711290977844,4.865576459930843,12.05201675894747,15.688890716795978,13.376833137696398,-8.594242980072497,17.021242800420566,21.393461222890053,5.880903319683206,16.84139961206439,16.37112769372866,67.70460276805794,7.772097372868547,26.6687599455528,-63.83521193823114,47.90931762334792,-10.42037775300031,0.0917010609881252,0.3276006205900295,5.894892461373669,8.466592441499365,6.118683018565907,-7.028653273,-24.6753417,-26.41660108,8.970400384206451,10.24104008586152,8.770290000772878
220.7,7.356666666666666,29.1089,67.53370242,0.637958478,4.943875433,20.04460208,1.526517545066227,1.526517545066226,-0.9164901575669906,1.2595770293969186,1.3816192475549431,0.4473471547090731,-0.482185933983681,1.754416545376985,-0.9823261702943676,12.150099930339664,-0.75,11.156265155500211,5.199529511838019,15.497136103868758,15.468458266962593,16.23789943341727,-14.022111434312468,14.709547912184997,20.8544751893057,3.310499853605897,17.438984956114556,25.09306836965885,86.79499049398727,-5.284663791813049,25.55917023828087,-23.66352656178572,45.020100194955546,-10.42992004923553,0.3727870114014209,-3.958411526170913,5.851760689775176,8.896748261707454,6.3811512744954335,7.552657097,-15.88634536,-28.94287978,8.770290000772878,10.36638240845085,9.910463690582644
310.3,10.00967741935484,27.6233,75.25923875,0.72183391,5.064844291,18.17197232,0.9108321811792265,0.9108321811792276,-1.3775525244710478,0.9944101042420703,1.2328756565678773,0.8874406088853227,-0.3981567361559083,1.960681611844407,3.104031939464935,12.017291472810498,-0.75,10.482128674209168,3.8761048700232337,14.492652326892763,15.337818075446652,13.667111262919018,-26.72474272925625,7.021986550592096,13.014729464028283,-1.336780831799178,13.233710335602831,-14.116171479765072,108.68537352300312,-7.189680486253636,48.24920492739713,23.9465319799904,43.675526610137496,-14.757860835008165,-4.689768291451291,-10.196024587434229,5.710658828475612,6.80534632450156,1.379332213233564,4.365019314,-24.15938171,-7.25525603,9.910463690582644,9.705603211436312,9.964967403071144
258.6,8.341935483870968,27.0838,76.87546713,0.746989619,4.222941176,18.63543253,0.23154454692186396,0.23154454692186352,-1.4084468723756096,0.4088784905116453,0.6364368521041912,-0.8002106101986487,0.8007381167398148,1.518367559543181,4.310167635221873,11.544448711006083,-0.75,14.22611626700876,2.666824708216176,5.940684208404345,14.660347419187492,7.125403695008892,-32.87635328444631,0.9470583054232762,4.672907632597312,-6.044135415350116,10.351317278633676,22.748195291280737,143.00665450033404,-14.777374934006549,59.07143334411966,80.94767275883461,36.44460886636192,-17.59536685112515,-7.010956618702657,-16.76388800014692,6.967992063798967,-0.263968477077281,-6.378452637981269,-2.050896672,-22.14326869,-26.9799243,9.964967403071144,10.4886290737914,9.992857857275812
153.8,5.126666666666667,27.3465,74.5516263,0.733114187,3.633010381,18.60813149,-0.443925635155649,-0.4439256351556496,0.5583351672291649,0.14184812277055583,0.18574466021506134,-0.2804045790449281,0.22712543008152497,1.184925261552122,6.548504274160205,12.475292064291564,-0.5,14.36996460537756,2.914113490749948,4.262940539485083,12.30328926049049,9.43021542857121,-30.91785445074704,-1.1874609420712725,8.061024457866761,-5.216829766030173,10.896744822663251,65.69871991455018,154.72570563896548,-15.379875302440029,27.40019685477,81.58871015517039,43.34044767974059,-14.756087014820274,-8.35690327986569,-17.190140389749153,7.091350650628225,1.020417017424169,-9.759512134768844,-1.600034135,-19.21600058,-32.06772389,9.992857857275812,9.77991520484744,10.27798886651581
126.8,4.090322580645161,25.7179,71.14965398,0.724083045,3.299688581,16.69051903,2.221524849813167,2.2215248498131666,-0.1747611025108779,1.7895165599714808,1.2115120363161356,1.110330031011098,-2.12925743751919,0.9636127046434484,1.9102777640710225,12.466672501196996,-0.25,17.780687643942805,5.070005276109768,6.831120820220527,11.64480492847595,2.845380241772766,-27.064588529921352,1.7895662925286435,9.108802348339308,-1.4199021514662569,9.86771863522291,93.7857437432931,155.7862118868627,8.31965137301749,51.6035907231398,56.80714463730947,53.11037999337782,-10.048428694099876,-1.7520042420163584,-14.09500949379181,7.384411990944706,5.893961541811343,-8.488848434191087,-2.257432204,-2.978456136,-31.72507513,10.27798886651581,10.01823670535325,10.54255732555266
14.2,0.4733333333333333,21.8325,63.99512111,0.675017301,3.361868512,15.70429066,-0.7947241251946278,-0.7947241251946281,-1.7202730233724106,0.7027199816878842,1.2600931029882838,0.1827720197405123,0.4577627444745595,1.237072204533924,3.5967913075558577,13.649343212788525,-0.25,17.335288681119465,5.685367515101447,5.559224280720354,12.13117217841324,3.500357357333339,-29.40952872864937,3.942241416583237,10.764864479129963,5.584701301911288,12.70540670843161,84.29282351335621,99.4933859193268,37.88126569427588,34.14432493432331,92.0805412228681,91.74948259389596,-7.716359329400113,-2.7600648082112933,-20.113299494798653,7.8836734413481935,18.622136674622425,-10.316554412236734,-1.469264264,4.641466931,-32.79823662,10.54255732555266,9.903593339176147,11.54040986463704
6.9,0.2225806451612903,18.8874,60.53487889,0.614775087,3.648788927,14.18906574,-1.1230024447564766,-1.1230024447564761,-0.6871758112889197,0.5820910182736904,0.9044370578976377,0.1073749618620258,0.28256647613306507,1.501735619618428,3.4865916902618643,13.647290198984052,-0.25,12.537547972091456,5.894563314784929,5.514781181003681,11.941146649662482,1.4742281737203378,-26.171884868977106,7.177182573109064,9.341773325309433,6.473140376908848,14.412246811229856,55.59800212465351,26.24594617639593,36.85046288741907,-10.28743577493847,44.68224896642505,99.90221294716196,-8.26480677361614,-4.617625488898458,-28.97807091087019,9.362525943940536,18.434672745573263,-9.223535674627923,0.907447243,4.856445601,-29.99581903,11.54040986463704,10.56338028169013,9.639211883349825
19.5,0.6290322580645161,18.0975,60.86418685,0.571487889,3.747231834,14.59422145,0.4145724148582721,0.414572414858272,0.03464317678836788,0.9374379308067006,0.9911362718515881,0.31486459200441785,-0.9361065853378279,1.578947368421135,4.647761310769649,13.553735776712728,0.25,8.058618594778277,5.19830288671308,6.679748092351545,11.635385147714404,-2.7106382385349903,-25.730247012552887,7.926683036429161,7.8923439689551955,9.106188453125164,12.976805972801309,-10.498308594962856,-15.143507218406691,8.935110664848445,-24.71702035348793,19.19999699458712,88.43314246117448,-7.225611977264901,-4.604865102564748,-33.42768460577767,8.716469243646152,16.777951088286436,-12.31750707286201,-5.082763664,-2.517295392,-22.06807292,9.639211883349825,10.35115699935629,8.60420650095603
27.3,0.975,19.938,57.23678201,0.531557093,3.973979239,17.6616609,0.501064098324864,0.507056214052488,-1.4916745152117667,0.7898261322475524,0.9054040132807707,1.247848023844864,-0.8418742324116404,1.126349250105494,5.094806715062461,13.579789761556782,0.25,7.033817628435823,5.720952160067316,4.121026864666266,11.523526357758485,-3.3088212875252765,-19.90603891560472,6.814863336167054,9.910701517414022,11.928185417643444,12.873221805075197,7.701129365504578,-48.51031798040415,10.589966150983532,-26.333750055404348,3.1600054687402235,78.58932563953323,-7.989728485644054,-5.784081065391522,-34.79802062963975,9.63032285453167,11.096089808079324,-9.707384869182167,-6.837993858,-1.754430965,-25.59333741,8.60420650095603,10.50802348943977,7.882241215574561
37.7,1.216129032258065,23.8917,55.29733564,0.524359862,3.592768166,21.09934256,0.7316951148961953,0.7316951148961965,-1.5432665290269403,0.9750422943906,1.2424408242288365,0.2412311499824572,-0.10499845984778901,1.512202875763064,2.8243212313395105,12.08056954205574,0.5,7.956817965053187,6.752120087549507,3.7559348885439534,11.073777613613968,-0.6589809679055314,-12.686672087879014,2.2950433586911068,11.411330676742091,11.536214566200442,16.402407235237693,-2.40685505205196,-22.692189334061563,24.34042746764052,-23.7932079848556,-0.5050515786068743,72.27789781663168,-1.753621310772857,-0.093066549295262,-29.68787832014552,10.207644045663676,11.829588248028156,-4.127133175540454,-1.662088124,6.719753887,-23.43861586,7.882241215574561,9.64692200770388,8.452041785375124
23.7,0.7899999999999999,28.2547,50.06155709,0.475882353,3.638961938,23.52543253,-1.496406899305432,-1.496406899305432,-0.32924077629714654,-0.3606932111812668,-0.0771195633043704,-0.18124188462259624,0.9946568087772851,1.952857898516761,3.824557899507486,13.264139503782246,0.5,7.067700905508279,6.555426525740682,2.79164269820944,10.477895123317715,-1.8288123994148364,-14.465605390747973,2.094756108976892,12.147989753770982,13.13200096095244,12.7865091863252,-4.300710542559205,-10.520748176051953,23.79428348175008,-28.97078291856312,-3.8988990292783576,37.48089695709216,0.0,-1.116290661416297,-31.183849199981584,9.175983136128972,5.259598369431817,0.8133799926770102,4.652001563,5.887318991,-21.191105,8.452041785375124,8.970400384206451,8.482563619227133
75.2,2.425806451612903,30.0059,54.41017301,0.509757785,4.132768166,23.5183045,1.3307661211167754,1.330766121116776,-1.578676978738501,0.11382025798556529,0.4085214816399185,-0.47964629635180395,0.9149229795722551,2.12711154993676,4.609110720026699,11.690254424846811,0.75,6.9671758138959206,5.576357451845482,1.6680953924010034,10.945384924882616,-1.92555133087442,-12.647454377484202,2.3412440624743347,14.752055488282156,17.833299692375704,13.52019084161391,-47.702638958157365,-1.5647545435214738,28.471030206262338,-35.44547391716453,-1.888630262874802,29.854331188338623,2.755518757591968,-2.3181381107280963,-29.01380704116505,9.871955075028891,6.084165925624507,-1.8149318505677137,6.302037905,2.138517062,-25.35110879,8.482563619227133,8.770290000772878,8.325537885874652
93.0,3.1,30.6739,60.10657439,0.54916955,4.993910035,21.95916955,-1.8034498362962121,-1.8034498362962117,1.803142555590882,-1.2394723073628258,-0.994304741778863,0.6619348846072368,2.0433086653468404,2.072341373167034,7.96629560265476,10.913276816510376,0.75,5.956504458490297,4.348511193973881,-1.2381503612505895,9.392629816025266,-5.125155728952535,-13.152134169649887,2.0185714819706213,13.939651207692094,20.19113312084357,11.283633047334796,-54.13790096412603,-3.086993393586201,33.98582443709435,-34.742834550730976,-9.25622025145172,28.37681731306452,2.0993137371879023,-2.2578569684811534,-25.168268459145704,10.28707402297373,3.048500250884967,-0.0909504382840431,8.190622429,-1.725172171,-13.95434348,8.325537885874652,9.910463690582644,6.770356816102483
265.5,8.564516129032258,28.3767,71.23771626,0.663875433,5.033910035,18.78851211,-0.19141746001011378,-0.1914174600101137,1.4264570719855683,-0.8570474476515915,-0.7380780128856488,0.7656812353623184,0.6636581295591443,1.992328635764288,5.301101596650426,11.89877596869664,0.75,9.780779367889636,4.15644244212503,-0.3276006205900295,7.587280826147147,-2.379176455733667,-11.755578875164474,4.776777373173946,18.865737524304027,23.589830147465385,11.752951809893464,45.014572562715486,-13.65056012679382,38.4070933359606,-16.695424440749207,-12.732404805018938,40.80946126471892,4.015835972924453,-3.285138212000316,-16.84729389678825,9.81096217445403,2.426462199963097,0.2735979818874412,-0.65207497,3.212649876,-9.304619876,6.770356816102483,9.964967403071144,7.387387387387379
233.7,7.538709677419354,27.6581,75.29377163,0.718685121,4.300346021,18.73069204,-0.45810368493871156,-0.45810368493871156,1.091540884710812,-0.5596584439932403,-0.34713645725126163,-0.4568641421548858,0.9693306673934947,1.69961133416283,3.485986511749317,12.293717667950688,0.75,7.727878114082376,3.5333274808820647,-0.4886003205625933,6.240556618743032,-3.868330817409316,-7.204266500645939,8.300450271061521,22.191364691600324,27.67187676545113,12.765181191244768,56.48586681022758,-64.29875446091913,52.90427545731404,-36.44818362712145,-33.81463644642713,54.28205971710902,4.11344457023004,-3.313128396958298,-12.111557861206368,10.05412292218777,3.2079040221455024,1.3818736707595924,-8.553826108,-5.007303798,-5.562315748,7.387387387387379,9.992857857275812,7.028469750889683
189.6,6.319999999999999,27.022,75.16972318,0.734602076,3.802491349,18.78747405,0.5462636320451139,0.546263632045113,-0.5900802719738447,0.4330983139983046,0.23230262426271173,0.6924458781779366,0.5455864286207331,1.657918675715062,4.1692003842622505,11.644140928080304,0.5,5.672598140077767,1.98196922882028,-2.272825107755594,6.772270746504994,-9.345000255114575,-8.692820653172895,7.636043102466239,18.37389914749279,27.62888886223376,13.972917751219429,3.5692582480952417,-86.80826398981071,64.8765388671424,-3.006168348606053,-32.859197519590744,55.33447187253104,3.11199087138041,-5.292240145434235,-7.882867328865917,9.262815563607685,5.513531215953371,0.0,-13.71220608,-8.196141566,0.683262785,7.028469750889683,10.27798886651581,5.628847845206678
61.9,1.9967741935483871,25.9676,67.44723183,0.683252595,2.99083045,17.6617301,-0.3753224620181469,-0.3753224620181467,0.44246446038820236,0.40727840753663386,-0.09160469435222257,-0.6623214601308319,0.014842468388881197,1.664340215631993,0.2834201235875078,12.245717247752452,0.25,1.6455120726444503,0.8635632249605507,-2.742107290307505,6.644509940815269,-5.949077641330369,-9.639184567506565,6.459130690654025,16.260029315267488,23.87514489802012,15.01045263493923,-47.02262885408261,-96.72965716701168,51.79317681095181,-40.82529549095977,-14.98673124875003,47.33656417074697,0.8383840443897839,-5.743204908587529,-8.346653102308998,8.543781254219951,1.7828673211635504,-0.5671092703815717,-22.65740864,-11.83646001,5.154758555,5.628847845206678,10.54255732555266,4.61672473867595
16.0,0.5333333333333333,22.5918,59.75442907,0.628685121,3.427577855,15.45117647,-0.6610322162833819,-0.6610322162833822,0.6136082042200447,-0.42638588493080043,-0.058700604288385375,0.6494396778834065,-0.08156231910057875,1.322355182370907,7.101894975920153,11.03420893458491,0.25,0.971244093560486,-0.4327137863882058,-3.104109151224677,4.976890384845412,-7.745256240431786,-7.935360692271232,7.056026992696385,16.11334765299972,18.45821745821228,13.771725055720108,-62.08624636973488,-65.29671032544142,24.788496272170768,-7.061756721395263,-56.70305972031864,12.855513263829454,-0.3652972098691975,-7.755823434587405,-5.220391929982249,9.034199694127842,0.5225842426646032,0.3805903737678306,-32.12327973,-16.69535266,3.547169916,4.61672473867595,11.54040986463704,3.267411865864144
12.8,0.4129032258064516,18.6218,57.15532872,0.57650519,3.731937716,13.66041522,0.08606953043754054,0.08606953043754054,-1.354942149201752,-0.41347242400172657,-0.12109850940355743,0.7016219380737623,-1.2916206481621153,0.7564932696556671,3.890853291869156,10.739837143846389,0.25,4.209506916705319,-0.9586130053103048,-2.2013467537178144,3.0168200368296816,-7.862095461592666,-4.479071689998371,7.952282203666439,19.448095351773983,18.4408737450509,14.971608275939284,-2.548763052014813,-0.6685793767799986,-6.123870181233837,40.0940213509875,12.085254036854476,6.8916152011675,3.6891272930057895,-7.352649227107832,-1.4815085785141235,8.405591779804666,-0.9437456615301264,-3.824557899507486,-57.48624139,-20.74657386,0.591134726,3.267411865864144,9.639211883349825,4.279475982532753
16.8,0.5419354838709678,17.9858,60.17141869,0.561799308,3.577058824,14.54093426,0.11528216883759448,0.11528216883759446,-0.2572951745704727,0.7783871565659132,0.7094920345653151,-0.7301157087419243,-1.0610440936484236,-0.0893483130697235,1.76527090563674,10.675038460746578,-0.25,5.85610338015945,0.0,-2.887442109913696,1.8141087070650208,-1.2568242522312367,3.69535177423348,12.854438032587543,22.92906271761659,21.91621260150249,20.12037445152845,50.17277596484648,16.968851249341732,-12.36646946376645,42.18723670594065,49.82826999186143,19.732285169246744,7.740634574896443,-3.3544112883268085,6.782259633876109,8.560510478487604,-4.904400349050508,1.7716998853946286,-80.3278005,-18.11634791,-4.153180172,4.279475982532753,8.60420650095603,5.193661971830988
22.7,0.8107142857142857,21.2186,55.39446367,0.517370242,3.618235294,18.12058824,0.10672793882197681,0.11538685125803574,0.6138165862637481,0.27419527610435557,0.3929937057323941,-0.5864171173176462,0.11108926847168069,-0.0251298018152604,2.954970310186855,10.669781488297758,-0.25,5.492825111510147,-1.0480445274700043,-2.277287261995209,1.3513719166722282,0.3358525407133328,7.2983586933366595,16.112437647949207,18.5795793062141,19.6809038547765,19.61349352846584,40.37886617809123,39.71663052934691,-21.6581621362014,32.83015148141635,55.697900328311874,30.04373474269073,7.727605137656646,-3.559779425357945,9.015109699429756,6.562354023184991,-10.427749809872555,-3.3566823639083587,-63.07939498,-22.34201382,-3.763106822,5.193661971830988,7.882241215574561,5.369718309859161
61.7,1.9903225806451608,24.0652,57.22788927,0.538650519,3.553806228,20.66961938,2.5860438749287913,2.5860438749287904,-1.2679340120357523,1.5027337940671024,1.6861696711728993,-0.007169652833517418,-1.0259503902105578,-0.0736373908664328,2.335385537481826,11.166156378768475,-0.5,4.611309803009167,-3.141619623337899,-1.2628423548179946,-0.453515516539138,1.1503824481484235,6.905728165089808,19.622998684008675,12.795402788068788,21.06933301009528,15.799878584161052,40.18043352584826,37.77447830751992,-37.13109035761617,21.543900379854097,47.07944557005534,18.09012461159085,4.550375538482676,-7.138999608667263,11.29404111805954,6.062462181643458,-2.9132314037321194,-11.183167903941005,-65.47863127,-31.10129292,-1.670800538,5.369718309859161,8.452041785375124,5.25394045534151
69.8,2.3266666666666667,27.6559,57.07086505,0.545432526,3.513529412,22.65384083,2.935610965004263,2.9356109650042637,-1.4298346290673738,2.5117472553257976,2.4010630021291135,-0.7152377681104976,-1.3485302223762814,-0.1995174461767153,0.6545137904908849,10.352632376482518,-0.5,5.990758743976787,-4.322193920291539,1.2872261404833552,-0.8261406356135481,1.8288123994148364,11.475207425394808,20.743204644019464,11.095370068359324,23.52846807915192,14.161101609195637,48.73090771513411,27.34263889199795,-63.10600470083338,20.3720921334817,45.48288312265001,8.404212772433883,6.672186369787614,-7.778457940233263,13.6411855489877,7.026033370165141,0.2646671152374935,-13.881729418633617,-59.59834321,-30.5458706,0.315623618,5.25394045534151,8.482563619227133,4.865334491746305
54.1,1.7451612903225806,30.6943,54.80657439,0.522768166,4.113737024,23.49228374,-0.3441020659135832,-0.3441020659135827,0.8053294096165277,0.3679916907820861,0.9499528856548392,-0.5622972971653564,0.8455445875928989,-0.0399327448508359,1.7857617400006909,10.758031193316242,-0.5,4.338403036682337,-4.241224134359012,2.6123934589814546,-1.3323661198470838,0.5059032712395606,20.37520906898429,26.236426446749128,12.212772026039431,26.2831975697746,19.59736459622814,51.20118635254967,25.433653969506764,-75.29350989389184,22.636416601425147,23.432956234951074,5.187183070683954,9.726787715681873,-8.411603306117144,15.648986218042982,5.364061830318079,3.915393741955775,-14.669987367139292,-52.95349565,-25.33846575,-0.626961301,4.865334491746305,8.325537885874652,5.008635578583765
188.4,6.28,29.3,65.05910035,0.609273356,4.863460208,20.36733564,0.6842470171256887,0.6842470171256886,-0.5843995431999137,0.42693315456421294,0.6140272624735709,0.10246341641132742,-0.056470008285479927,0.1237712036853899,0.9977407031998452,11.54894368943431,-0.75,2.962616978014765,-3.816595046213856,1.565750981840619,-2.658945418923864,-1.259991469700772,30.411261384787736,36.90049441611212,21.84542109508234,31.977942242665858,24.23827302918644,59.32095052235722,9.874408065224038,-74.13741230867785,5.249489390232309,4.827010358595008,27.67400735877974,15.37459034606714,-8.02012993795227,19.33106783695493,4.389419355722524,8.010686164308556,-20.08729199320012,-58.56441895,-19.96400332,0.701054449,5.008635578583765,6.770356816102483,5.39845758354755
240.1,7.745161290322581,28.3823,71.7132872,0.694775087,4.893771626,19.31968858,-0.8163536405058558,-0.8163536405058555,1.4472991926919132,-0.6381006655526149,0.31270505783141694,0.21408675426827065,1.5784588955633088,0.1695697796432611,1.2601426878003252,10.593477530377982,-0.75,-1.851219100835877,-4.068064177424269,2.35114194481012,-4.542905684674814,-3.845054431988437,34.360420775848425,35.79834164839397,14.842000511827358,28.604541087531388,24.203099242550863,-41.4161694418076,12.388144803954226,-71.09810814066435,-36.10415602513059,-21.89092471754206,31.46267076952327,16.22846002641314,-6.708629321636916,19.02523842319228,3.9927025464801424,7.661217257674746,-24.547670008522005,-64.92644543,-22.78383956,-0.698954418,5.39845758354755,7.387387387387379,3.691275167785228
199.8,6.445161290322581,27.6763,75.49128028,0.723598616,4.176989619,18.86560554,-1.3970223620500957,-1.3970223620500957,1.1707673816270112,-0.4387158084422127,-0.17639389408510325,-1.0040389984224278,1.2081037944294704,0.1950792930057573,3.636764417087424,10.626178560828947,-0.75,-1.895100447029474,-3.8848216916265166,2.8964212986092086,-4.811423607667376,-1.0739467118761503,34.87752978381771,38.04438400443644,14.749810010623143,27.798958237057203,26.41040182706833,-77.81751227647149,64.04917974260513,-78.67341133412395,-12.178231384630145,-0.6138126688785661,31.70648420063804,15.588969437828304,-8.012291621578882,19.17547494640708,2.959717596322431,4.095850397374612,-21.448943216974747,-77.38443385,-25.94161113,-3.00322871,3.691275167785228,7.028469750889683,3.740648379052364
129.9,4.33,27.6759,72.00764706,0.710138408,3.612698962,19.32574394,-1.1049737772254324,-1.104973777225433,1.7240918565156687,-1.0568870012918896,-0.5331970704171987,-0.3969956836047935,1.5013995197965857,-0.0361297478060127,2.154481898677574,10.489256175035422,-1.25,0.1469507979359186,-2.593057992100256,3.548759483131647,-3.845232516493713,3.761412909322992,37.84911193753145,44.24536774775048,17.08060262059794,29.430074563053843,24.56921287787095,-26.320613346628008,80.35169629267828,-86.21049398890133,-32.70068837602533,0.054929965676731,28.861360488989263,16.562459403306562,-4.341923795664471,17.687386737011312,2.880697442072311,-2.349237239827495,-17.138438223852148,-72.34050966,-23.77037026,-3.162318843,3.740648379052364,5.628847845206678,4.412989175686936
41.3,1.332258064516129,26.4847,63.55363322,0.659273356,2.852283737,18.03429066,-1.1995914084545887,-1.1995914084545884,1.7206676585264205,-1.0463323183524467,-0.8569096941647448,-1.4574924876737738,0.8373280086752574,0.1705744357355335,8.583143584978092,9.831355487180105,-1.25,2.201116010135173,-1.037174379678163,4.945186164214821,-3.045920748470809,7.828985884612205,41.7299565755167,55.041170046005576,18.22062896622496,45.99979871284141,25.86655294727418,27.136800861784582,60.46029598456304,-82.51397631953682,4.902942724031867,0.2872739694683268,28.049937903299504,22.64775051339667,-4.225980928988271,17.486281150627914,2.565239767220806,-0.0803535599683158,-12.718730709632808,-59.60682857,-18.17981336,-8.044536522,4.412989175686936,4.61672473867595,4.99583680266445
39.6,1.32,23.0356,60.89128028,0.605224913,3.417474048,14.64131488,1.0918172561085076,1.0918172561085073,1.9777284318053616,-0.1236934567667534,-0.7264691979915446,0.5776824553067351,-1.8071813115158724,0.501797578667871,0.8193036271576304,9.694956646863773,-1.25,3.0027887713909074,-0.6962604280718487,4.890564427811128,-1.754430965091025,11.364469099773531,43.19762336564965,53.06743138457524,18.1760232052862,50.12639270622064,25.59962533776403,74.80464744954745,27.79726616944096,-74.37503551350284,-19.97677608635593,-5.417311421260962,46.86800023152272,21.117838325593663,-0.6066752682237997,13.887614078340338,1.391057979552457,-3.485201220679368,-11.67152298955534,-56.85844579,-22.97009519,-6.705863491,4.99583680266445,3.267411865864144,5.412156536219813
15.9,0.5129032258064516,19.4948,55.71449827,0.548304498,3.47283737,13.84896194,0.7213446360479562,0.7213446360479563,0.839937417808433,-0.8379188888805827,-0.8768050812949374,-1.1501139560703437,-0.7301763523122058,0.7295197860416746,3.074537642172359,10.089723184179178,-1.25,4.84265939054751,1.0453056852089304,4.735071545692815,0.592594326754714,12.779819059201092,40.481512433487495,55.26829635665598,9.241154131702343,48.92636309284688,21.61349211597328,36.14867183272352,0.3825925279037356,-38.23625814868219,17.688985014068592,-24.110898811944725,63.90799592896697,14.068331836171666,2.213370034600981,14.834647840966396,1.0794245130880675,-0.7320676910848256,-5.922453027742058,-50.23013313,-17.0722421,-5.658074644,5.412156536219813,4.279475982532753,5.611390284757118
7.8,0.2516129032258064,18.8581,53.39522491,0.509723183,3.32083045,14.72145329,-0.8823519845646647,-0.8823519845646651,2.02254210287195,-0.7773409056397862,-0.8043458026215327,-2.3035356260499986,-0.6377979474199205,1.373086813831015,3.945623289597133,10.132125304649977,-1.0,4.508652413896019,0.9561133243982668,5.992576093118718,1.708173728429152,12.058966113050309,32.98055452630244,47.42759492948423,4.9059500257607525,44.85944690051964,13.28567046421094,9.78686986428654,-4.871264779405848,-11.14395617342092,24.48747887763183,-20.07344445457795,51.8841698754227,6.223492812253895,-1.769957709940062,11.960287237336953,1.459879942115272,6.057981995266903,-0.3910073407843661,-44.57674871,-16.25189295,-11.59356307,5.611390284757118,5.193661971830988,5.690376569037658
10.2,0.3517241379310344,21.9876,50.75602076,0.478304498,3.604048443,18.00179931,-0.9648377120010857,-0.9788798017666451,1.878163499456529,-1.024019173009061,-1.0180093348751538,-0.6595664895498764,-0.13557617229065197,1.017799780165491,6.941740980790989,10.604229001644685,-1.0,3.126446025369223,1.9131018250709173,6.309784923733108,0.8908744889110309,13.027799205322845,28.72249295866771,39.02529350068926,3.3473286144510617,41.12520156904695,10.174387518763783,-14.026542480586723,-31.222318136789884,9.358752649287805,-2.960438213170491,-28.17590541486581,37.84885204099622,4.616204176316252,-2.178303951611138,10.75892674668406,1.6897483456154383,6.292397949885942,5.08916072963892,-55.61675087,-6.27880946,-23.62576821,5.690376569037658,5.369718309859161,5.263157894736835
30.9,0.996774193548387,25.7622,51.75788927,0.475536332,3.463114187,20.62200692,0.20629629955362616,0.20629629955362647,1.425087782396778,0.007581078091804748,-0.2735432673800168,-0.5853743559316884,-1.127990003122107,0.8525362211426781,5.063355496068489,9.533575274291197,-0.75,3.5868018879442687,3.741193153971256,6.309784923733108,2.395324102249319,10.38888450463702,25.97945509306249,32.89459582739678,5.172452189991361,39.36781377879903,10.031445211906398,-21.059023805433696,-32.85040669720356,19.867069479548416,16.95008683648922,-9.357255990578397,20.325157992544263,4.522509800493513,-0.3004509020299473,8.555400485896048,1.9165017400734288,5.184213023608564,11.65024021499681,-35.56514024,2.402942473,-20.74106801,5.263157894736835,5.25394045534151,4.825291181364393
31.2,1.04,29.4831,50.14086505,0.456643599,4.124740484,23.16093426,-0.7753627782138329,-0.7753627782138326,1.9285573010958836,-0.3281925142622335,-0.7626267689221564,1.8868321000369985,0.014739699491012635,1.125110418894484,5.793475111983781,10.96944751536455,-1.0,5.289873794938238,5.833557701296321,6.048354824633417,2.752126095072516,10.766428498346592,32.19955080687278,38.22875197954589,6.890480067796378,42.82581176367213,12.34871748686599,-15.54512652739577,-33.00898534821233,51.20189413300329,19.671029424605457,-14.09859327360472,19.181683208778555,6.25471497526453,2.496385252841637,12.932793960889557,1.6819968400870522,3.378407047253873,17.331872590400188,-33.95071403,12.63681698,-15.66046688,4.825291181364393,4.865334491746305,5.468102734051381
67.7,2.183870967741936,30.6623,55.27401384,0.518062284,4.283910035,22.84183391,0.7354338271486385,0.7354338271486406,0.6945098215465666,0.6677125311891444,0.754116015205884,0.17675292223847702,-0.8887307859415132,1.019322554193554,7.087899723766356,9.673158001624673,-1.0,6.600635918136621,7.081849550332287,8.047650683133245,3.586187439181554,12.847235991212711,31.26833746571984,32.082045950125874,3.9047781843637,43.37844190962103,7.1926417537460985,5.926381628883259,-42.68142335624914,60.966253725884286,7.284396738904952,20.14930639295507,29.725152346793227,2.3530497410193973,4.000533461369837,12.54379814880986,1.4487481753810982,10.452544254040497,20.79706990644344,-31.59414098,7.727981704,-16.23956173,5.468102734051381,5.008635578583765,5.756578947368409
147.6,4.92,30.0489,64.46114187,0.596816609,4.488719723,20.16543253,-0.3796736497465711,-0.3796736497465708,0.717027254808985,0.22573455709586743,0.2806942141641929,-1.5047185489231139,-0.3227992037214792,0.9973264945231004,7.72618382507444,8.470227459198298,-0.75,7.496303847345498,8.309863344991442,10.984757193188788,6.2384256266594384,14.38331761523486,33.38232284496358,22.34889148127213,-9.09717782057271,43.41438453780269,2.4915150439086986,6.613163920591969,-50.28587496625328,59.33081800296263,21.762085483155857,34.318162440073685,23.290838700517824,-2.542162319331176,4.829912561303917,11.35238262969871,2.274548398897114,4.220671664320186,26.090859781493503,-25.03976278,1.685433155,-32.35816268,5.756578947368409,5.39845758354755,5.772357723577242
308.4,9.948387096774193,27.7954,75.266609,0.723079585,4.636851211,17.58,0.8640849865752135,0.8640849865752132,-0.7370294934779695,0.9978032731366347,1.2752364610485858,-0.7971697885000523,-1.417661104994499,0.8271388704987089,4.375150967312802,9.705197502936612,-0.75,7.693335985835858,9.3541832747583,9.981632886392866,7.784909136932505,17.05764553356719,49.88616643122565,20.74605730522494,-9.446359331123944,40.34155070627206,1.2134150464111038,-10.664782231617044,-75.49067474533766,56.76777119794059,42.756545510883015,51.15296012677844,15.129823686193422,2.050545033084994,4.391923393483488,11.438608963834795,2.9491740406782263,10.027225535554953,33.09690125263218,-21.46821337,-0.294551023,-26.32664749,5.772357723577242,3.691275167785228,6.067961165048556
239.7,7.732258064516128,27.5311,77.44508651,0.754878893,4.389411765,18.38916955,-0.29192338810483814,-0.29192338810483826,0.5386966479878776,0.7576797661931923,0.9105868948497603,-0.0617931536904055,0.3648960267503159,1.062874502761024,3.9392401710661495,9.68375644544821,-0.75,4.812418682309705,9.563023101525037,9.811785595852296,7.687805702753714,14.581034791103953,46.12691787276839,4.9944676516257225,-13.839758227569554,31.2854521034696,-5.247793724861705,-26.189551969043467,-132.50552342946048,57.89089908701017,28.91154708747425,2.6830260367605163,21.65898082720608,2.923953856987005,6.850613504512015,11.768461530297447,3.09809439582498,8.701137698963013,31.37011650907402,-1.933465171,24.9093439,-30.26994195,6.067961165048556,3.740648379052364,5.048076923076932
169.8,5.66,27.2824,74.96782007,0.73384083,3.746989619,18.05688581,-0.001382945903911209,-0.0013829459039118967,0.331483303891992,0.33796060775882764,0.20848225600982584,0.37385622150828574,-0.7517289461090827,1.46378364748158,4.853638926640791,10.367201268783075,-0.25,4.099819045058517,9.753664382839132,10.377447250219074,6.790747002857422,13.701179331248348,44.10512732903573,-6.450466357632756,-21.79332678488021,20.83666904339889,-6.950556055227075,-34.35532087056883,-145.1600792348299,56.0486488904667,31.054855161142125,-13.43947133232799,22.926999765536493,3.251060311334264,6.8786451835067375,8.281757324884076,3.2467933079828093,8.783071337303205,29.895676908909508,-2.14140945,28.51789422,-30.93337978,5.048076923076932,4.412989175686936,4.385964912280697
54.8,1.7677419354838708,25.9806,65.58532872,0.692352941,3.199792388,17.90356401,-0.6594151571491536,-0.6594151571491536,0.4745987508074529,-0.28783236333510553,0.19883572762379917,0.5369886884746065,0.5487285408328273,1.635987520917629,4.07180930187856,10.480477180454528,-0.5,2.931922558643852,9.60207715992567,9.141153938866786,6.623994476554618,11.53509306877707,53.905096548039296,-18.28696521762696,-27.64105804956971,1.0608839079412569,-9.470122819715863,-51.263803930516175,-126.46087057584126,44.05397935511655,3.6025822256761764,-13.361335647850847,26.21921622383425,-5.394395470617486,7.996364691530289,5.2940777895744695,3.395271434740721,7.209630380281862,28.87579197852439,3.272275599,16.3303551,-26.86668063,4.385964912280697,4.99583680266445,4.203013481363989
7.4,0.2466666666666666,22.3218,58.20121107,0.62100346,3.311211073,16.00948097,-1.2997824477482232,-1.2997824477482234,-0.2162981983217204,-0.8399380927769853,-0.2773504970461318,-0.17699703814896564,1.1080494128879959,1.692537162503779,4.952382408624878,9.520285543468532,-0.5,2.4234970845458115,10.597168256906642,12.97714460402002,6.702436691427938,8.404489602453324,58.87193334778162,-19.35310863695721,-33.501344715755366,-8.297813052498082,-11.728014401893104,-94.35384944791744,-80.55722357308737,28.20816624919233,-14.233745833693678,-2.16957662419528,12.905117273523103,-4.779066383634856,7.894989669911823,6.8495235248764885,3.32105992855194,4.374754899735756,28.501041710897645,4.405998979,23.23119194,-25.97796158,4.203013481363989,5.412156536219813,3.633491311216442
8.1,0.2612903225806451,19.8519,55.72484429,0.564359862,3.550380623,14.60262976,-0.877089500649219,-0.8770895006492189,1.7377512704766278,-0.8348711106950468,-0.44656230253942825,-0.5959285713514918,1.5140552020984792,2.074622132966852,2.3276196296745155,6.045304485823522,-0.5,0.0727008392616745,10.127940896449417,14.380820017784757,6.296786437267432,3.64782086024098,56.38793962108579,-29.42867196965855,-31.89722304449916,-13.11462634685503,-14.211765606761784,-79.62491139618547,-53.90646926246969,-6.551081095650968,-69.75902218264353,-31.022247077119136,-2.584123118388693,-2.0939113220109995,7.011993097576674,5.628998130599427,3.466812894587701,1.3863775499785014,24.300700771105,36.11740914,28.97392631,-24.89412441,3.633491311216442,5.611390284757118,3.409992069785876
27.0,0.8709677419354839,18.4447,58.44044983,0.529134948,3.701314879,14.70955017,1.2459342093601546,1.2459342093601546,0.9420827076011752,0.3809786824673145,-0.2400514288834818,0.032902643718633405,-0.6657060835765086,2.500042209053025,3.471422949367131,6.043097238411832,-0.5,0.2934704967594292,10.189430768133969,12.06788305066775,5.724023016235069,0.5961269516499001,45.611159358288766,-42.77220887036908,-33.36038230374206,-20.67812998484309,-16.762690438382677,-46.01080014915118,-44.7576593458292,-18.2321556793954,-50.87047321968523,-53.519687612338544,8.271072526428114,1.1995345749674868,6.991836900789394,3.5718082602079093,2.9314387668775588,-5.5262678675049415,22.68584837320695,57.79986585,29.86511038,-16.19328203,3.409992069785876,5.690376569037658,3.16706254948534
12.5,0.4464285714285714,21.5453,51.9849481,0.497612457,3.699204152,18.58415225,-0.7676696322496421,-0.753097387981837,1.1509585063418801,-0.6800651219073491,-0.3206313748668703,-0.16893045075150967,1.073680823494554,2.737958171489271,1.1814483413763457,6.09265932471672,-0.5,2.520518903040081,9.757837521577084,10.737191425751202,7.884806635046893,-0.2209945650803568,31.80795496361517,-43.43453085352236,-32.008549650644014,-23.158348300332232,-16.379852020340024,6.085171390325161,-23.54690263323418,-27.625337662815763,-6.698282055892779,-37.95569232494999,4.643123328476584,0.3336116522009824,6.115442315333031,4.191429391886459,3.074857916942353,1.0886577193014446,21.855287760561115,51.38331448,17.51777895,-4.45649808,3.16706254948534,5.263157894736835,3.650793650793648
29.3,0.9451612903225808,24.6965,53.20871972,0.49100346,3.715743945,20.73297578,0.08267304888478659,0.08267304888478719,-0.2661045136119126,0.4041465420291285,0.206715329056535,1.0252599688394635,-0.8901694931203991,2.380612433440305,4.295138719559954,9.9014523293242,-0.5,3.0998792017719268,8.351823495968969,6.35592946481891,8.842802592847043,-0.4428051515732001,23.503364023713047,-46.80175312741062,-31.86112734583641,-27.133475261719383,-16.870107927098754,23.79231293083457,-18.59316690180544,-37.98939538403765,-4.879016416943127,-24.6860077931526,-0.8319515539557898,0.0,5.55969591394696,5.631630852702596,3.579800587577875,6.2933384356343325,19.727597099352323,28.51212516,8.433087891,-7.073655109,3.650793650793648,4.825291181364393,3.809523809523809
44.1,1.47,29.1154,51.22750865,0.478096886,4.112871972,23.17273356,0.4648331100637176,0.4648331100637176,1.2527250371285967,0.1171180737620514,0.0017877468352772924,1.836305041759252,0.04646093632322424,2.1996898784173,3.117135490293954,5.536389588887403,-0.25,0.578872817624454,5.8268908123976,5.916292465896866,7.964757346388485,0.2216476710891868,14.21366244786233,-53.6438199622717,-29.469385618059807,-35.3995772878684,-18.46797956401005,-18.33031175542459,-13.50362838039434,-52.20190246646163,1.3878403172077114,3.290340110694512,-7.611279925923498,-1.9287809671403977,1.5655897072552882,0.2524191495907324,4.303334601134079,6.512395450802622,12.10626759067397,22.55048275,-3.01267054,-9.937247381,3.809523809523809,5.468102734051381,2.985074626865671
55.6,1.7935483870967743,30.8486,55.26249135,0.516020761,3.886608997,22.78415225,-0.22503560711995582,-0.2250356071199549,1.3396876108413804,0.6603243435075458,0.6691573453392045,-1.548699413462807,-1.0425257103595555,1.874877720841404,2.844563998532301,7.299558538282014,-0.25,-2.1521634105378773,4.430849609494381,2.2059718064732614,6.201917483471764,-0.7423939071282248,3.692552424113149,-57.82383000334246,-29.865413159765183,-46.08679973206344,-24.74911918685354,-59.63145442321655,-13.767723443641522,-57.70256079458207,2.509356759765602,-5.252710083647916,-31.0526054676628,-2.0982725331395,0.5865119452398204,-3.182848236579084,4.731111409911382,-1.7444507591577896,11.692133805890226,7.758992253,1.319280348,-16.88492159,2.985074626865671,5.756578947368409,2.177293934681181
172.7,5.756666666666666,29.5501,66.09948097,0.623702422,4.741695502,19.55442907,0.2748461722753335,0.2748461722753332,-0.1497796444390302,0.7769961247845757,1.0001380628323822,-0.41975942134118027,-1.1287702455266875,1.63348795525645,-0.3347283460057859,7.034690507968122,-0.25,-3.390155167568132,3.360316162341892,-0.2934704967594292,4.267681336413975,-2.971986938492765,-8.004270767353638,-60.75948170754391,-28.553936753942025,-56.44740970864986,-27.899392049414296,-34.83862899223347,-9.952959534703345,-64.44236808350566,-3.1503730363328764,-38.95267995771023,-49.09999015149032,-3.809178252901457,1.5594857957906605,-9.726330542520678,4.255961441879563,-2.238899489347901,10.330184277429044,-3.354612249,2.340093016,-3.081476304,2.177293934681181,5.772357723577242,1.537279016141431
290.3,9.36451612903226,27.8896,75.36470588,0.717820069,4.78100346,17.56314879,0.418756448505414,0.4187564485054156,-0.3864352487391647,1.0429658228289047,1.0963797536898041,-0.22977655524523943,-1.4466825332518458,1.727978456372505,1.0221554071538463,6.5964476805646655,-0.25,2.325686216426704,1.9913043486459607,-1.1670446096768927,3.3415996919844204,-9.58729260206388,-25.49064540733612,-63.40277794056544,-28.59105928033987,-59.73521703435285,-32.70775954997474,112.99795583158208,-9.979900399668027,-55.24798510699745,19.16885991463237,-69.03362159542948,-58.2789284696478,-12.100837198123138,0.6812678417507101,-12.794255572195556,3.658052336273787,-4.775053260722384,8.56866426142675,7.679678358,6.010392407,-10.72455304,1.537279016141431,6.067961165048556,2.36460717009915
229.5,7.403225806451613,27.6331,77.06048443,0.747647059,4.140795848,17.83314879,-0.5744298927224226,-0.5744298927224224,0.9827132790566837,0.5221721608624608,0.6592827063745107,-1.1645845487434052,-0.6191627632308184,1.938974212058172,4.694910811090303,5.342774010070173,-0.5,5.657385779360791,1.9018005835761187,-1.448251236112874,2.661364851809012,-8.694611774726635,-24.47533044978396,-52.45952044897475,-24.249331949408592,-58.92705389578374,-31.093893461604782,128.0111536662977,63.37237600891443,-57.89089908701017,46.56201869979437,-4.599686626381949,-75.48916233220693,-10.501443501758343,0.8725212890869471,-16.762690438382677,3.867683817386691,-0.6779686985378675,8.188919509766546,10.88252225,-7.121880452,-2.789581164,2.36460717009915,5.048076923076932,3.279938977879473
153.2,5.1066666666666665,27.6852,75.16449827,0.747024221,3.36532872,18.29304498,-0.4605209860025898,-0.4605209860025901,1.7570048413680186,0.4306363115422324,0.6210075480202419,-1.816944223390282,-0.3323779281890116,2.232963865003278,4.061892821840996,5.547407664476367,-0.5,2.023089578561965,1.9662450205559343,-1.7291497110060838,2.794048876155397,-11.109941232684406,-19.61368668549186,-44.41225996188472,-17.654761226070192,-49.41104021315476,-27.458144840608245,63.169138150745056,58.654904098176885,-63.07323227215287,35.91970133714426,48.70528141577815,-87.7358361658736,-12.045224601141324,1.908454869241094,-15.970813228739278,4.218807438108385,0.2249719734015443,7.12326364286282,17.79831552,-5.671622944,1.358716555,3.279938977879473,4.385964912280697,3.284950343773865
81.6,2.6322580645161286,26.5229,65.72979239,0.693321799,3.104463668,17.3616609,0.4129347343312657,0.4129347343312655,1.8150930349891543,-0.2338992384172059,0.22975713724436195,-0.010138230637169647,-0.6476070890342127,2.041128701976218,1.8122407004148573,6.549610656026772,-0.25,4.208968959811799,1.176945715947575,-2.008675856673748,3.054190565023518,-11.373280735736024,-38.82672922010384,-47.1759555948001,-16.574242799104333,-44.36210616859988,-29.21563528467015,67.67627408796093,82.33172254817633,-58.50888633682034,55.87362804029157,105.0477647301568,-86.89495857702418,-7.4528405205952275,-0.1899335803652313,-11.54611348770791,3.927777612228312,1.99932613014644,4.955791852576219,14.75176346,-0.40080214,6.75306157,3.284950343773865,4.203013481363989,3.576864535768644
14.4,0.48,22.2764,61.34584775,0.635363322,3.340692042,15.23975779,-0.7798694686489337,-0.779869468648934,-0.3558454230454124,-0.0026625513603297487,0.1313869213736667,0.03237676068833752,-0.5320443447506288,2.202582938683161,8.196559392063474,6.696879395290978,-0.25,6.211481167743305,0.6264703339327937,-5.918887139033036,2.855394534908662,-14.511392937335543,-52.49078207328628,-47.19059405674635,-14.867121406263273,-42.07080827438201,-30.05854772876884,130.67250262362597,102.31426721186514,-52.31242664029772,81.12770169827668,100.1266682608466,-85.9989625010682,-7.500491364357931,-0.8470638883508741,-9.018396848321508,4.001989118417093,10.764572545404771,4.088619791663728,29.94658189,-5.081306936,10.44204766,3.576864535768644,3.633491311216442,4.8780487804878
16.3,0.5258064516129033,19.4577,59.03889273,0.592456747,3.722906574,14.0982699,0.8033156174170422,0.8033156174170424,0.7466613216617172,0.14139653050818313,0.3063625066878179,0.6370782581262551,0.012199500484264441,2.109082474568439,7.058021684884874,9.7051257573483,-0.25,4.615657750623292,-0.2352019900430768,-8.850476157469256,3.1401897548143154,-12.800299240758584,-56.97483403473855,-38.81460726509536,-10.29185120022742,-38.823767454916776,-26.36032392270033,85.68458965221524,108.87437875273554,-8.778989006904325,68.74055379922703,101.95822393089593,-96.94534434561967,-5.393661328994259,-1.5895612854960106,-8.614294445567605,3.779519616205995,3.9777971456918415,0.7272759329080003,17.11690248,-17.76469266,-1.207258123,4.8780487804878,3.409992069785876,5.214723926380369
2.9,0.0935483870967742,18.3288,52.24287197,0.533979239,3.6916609,15.41439446,-1.4255083569725613,-1.4255083569725615,0.6391672651437904,-1.0419065105394796,-0.09922929570549237,-0.02637948262336836,0.9868766354513236,2.070507620275126,7.207503793050218,9.841355542713616,-0.25,3.10158290989282,-0.9419221916491692,-7.192417707036736,4.487496622879306,-14.527488191328963,-51.60675426896866,-20.256777926563352,-6.470561947533149,-37.8388704162516,-24.02032028558354,26.97431341038232,107.80283715246225,8.32645289147207,59.35375169700903,63.52135455669688,-108.00426671415622,-4.055705876562588,2.376711506942897,-8.892708638776892,3.85082086699855,10.49058668661802,-5.950308079920319,22.85931561,-16.00264945,-1.70719839,5.214723926380369,3.16706254948534,5.065234075211064
12.8,0.4571428571428572,21.4452,52.78792388,0.499031142,3.633148789,17.83384083,-0.7419520566298886,-0.7275537338865464,0.9863796688768626,-0.45532704059201373,-0.2693903477239012,-0.50952106779697,-0.4843422778441826,2.211795421238671,6.652898850681321,9.453701612726206,-0.25,0.9471837662566428,-1.0997754209540744,-6.431528193584057,3.3582739476137213,-14.497461984686488,-39.72652857943908,-13.320945239531046,-3.393104976568217,-33.93860285098364,-24.62968562889269,-14.226279624194936,78.36821821699527,11.040973036263058,36.37781702435738,36.634669151269335,-92.9743148099692,0.4154555207147581,4.690514947366076,-7.619277737435759,3.768561889839006,10.28050490563146,-10.33176140280263,16.41392377,-13.19433905,1.165061722,5.065234075211064,3.650793650793648,4.441041347626341
16.6,0.535483870967742,25.5966,49.77318339,0.466435986,3.38650519,20.75778547,-0.8985865032991287,-0.8985865032991287,1.1622920197815565,-0.5349122284701959,-0.5561115242048765,-1.0737929853573258,-0.8369991430890064,2.359711403972912,5.193122900212632,6.2850728567973135,-0.25,-0.2182612725317945,0.4702203021436091,-1.1967759876680084,3.26369293130222,-14.202040794943382,-33.36176013932777,-7.753263303508628,-1.1329097205969418,-29.855053920057983,-24.44733181205443,-30.770677039906506,35.22347209759982,35.9415422496836,10.624721919421898,-7.496303847345498,-77.76554273314567,1.435229363934365,6.607907959832815,-13.509718638014068,3.0305349495328926,2.7480377582680404,-11.244155023604918,24.59582291,-9.839580838,2.456490682,4.441041347626341,3.809523809523809,4.357798165137614
39.4,1.3133333333333332,28.5847,51.36868512,0.485951557,3.476712803,22.87366782,0.012978794179648591,0.012978794179648635,0.27729892212332213,0.17497271614056012,0.2816620863198955,-0.8719747666939728,-0.7575473664524262,2.46274394333478,4.419226784268115,9.609451716413986,-0.25,0.862074304390692,0.5488057678775249,-0.0709471473533618,3.7890873711396544,-13.828701585409052,-36.74824733637729,-9.822322363100875,-8.011169460054113,-30.22808718729335,-25.12224446539273,-6.61110251120629,12.772215123802244,54.03356371899228,3.757015866396429,-25.362910312808395,-59.1330919628648,1.8456899777317128,10.49720907160614,-14.148611698593694,2.509991932453204,4.44864612991287,-16.91574297560745,30.08031604,-7.022843692,6.436890024,4.357798165137614,2.985074626865671,4.576659038901591
58.5,1.8870967741935485,30.5347,54.66477509,0.508650519,3.957370242,22.54100346,0.005159546547723673,0.005159546547724625,0.2526167141176057,0.2770703845783986,0.3624422326926368,-1.241387970036926,-1.6908262235623852,2.801011714807528,3.7740327982846544,9.108325735905254,-0.25,1.7254202309159083,0.2361276185680161,3.0088229590008453,4.1038187365114,-13.20421890730552,-36.63623820944216,-4.800921918636103,-6.093691037359683,-29.572162419561288,-20.727683013926868,5.907229002223335,12.395489218131406,63.40981517071462,-2.733823745148012,-34.312197753402884,-63.26535774138584,2.347132056016044,9.30037829689212,-12.397236285242563,2.354728847063381,3.311062433597733,-21.64609488798428,41.00387848,-10.49237391,12.21530353,4.576659038901591,2.177293934681181,4.87062404870625
156.3,5.21,29.8662,64.54387543,0.593252595,4.935051903,19.54775087,-0.15280821342822118,-0.15280821342822137,0.39953403008441984,0.2535724033549628,0.18532391798355413,0.4095049176030736,-1.13757941955556,2.871547835316684,6.80424339346235,9.457861909613996,0.0,1.850586619770756,1.0954726139866366,5.015377690498468,3.639171011155362,-8.742281497115911,-35.83183296824623,-4.406760521525843,-3.839913293453545,-28.48451911165819,-20.42912363350009,-0.4067802219325678,19.07829744557441,69.13678206598676,3.087061859795792,-27.4943046674351,-63.48346985018898,5.374929234742076,7.631608787288169,-7.631608787288169,2.3430251808385982,6.430264426420518,-14.351705198868636,47.21335555,-11.21864807,10.39370279,4.87062404870625,1.537279016141431,4.844814534443598
274.2,8.845161290322581,27.8978,74.65965398,0.700346021,5.069792388,16.94878893,0.02263548370299437,0.022635483702995108,-0.35591642913345656,0.7183689399374261,0.5021519408056426,0.9069166612866162,-2.504743088024179,2.949515086647147,6.3213491130536426,9.306095754487131,0.0,-2.11828897651376,1.7201362358546746,6.1875403718087085,3.880789514855376,-6.062462181643458,-31.611272341656083,-2.57448750515481,1.7544309650909362,-22.66919722566332,-15.3787109563301,-67.57780943193322,36.601683778016096,56.06925620246015,-21.87671767144108,13.379451589929392,-51.31896910608713,11.238424953713366,8.279948027217987,-4.5610511252053065,2.833050662622582,8.368254183328716,-11.109021021440755,42.37769118,-15.60042485,18.13535025,4.844814534443598,2.36460717009915,4.172876304023857
241.0,7.774193548387097,27.3493,77.42785467,0.745190311,4.707266436,16.80788927,-0.25591765712416525,-0.2559176571241649,-0.25269770032887034,0.7471280048146763,0.5739114074165732,1.3481221899687932,-2.4336914917405936,2.699180104187478,4.718988280295822,10.431737613260594,0.5,-4.1263885822186985,1.712104078011123,8.054754571539036,4.670365350153638,-3.5874711939073656,-26.40068124848272,-4.067757976081587,5.444108799114655,-14.710012183059185,-11.686434013931102,-77.50465991604214,-30.03086949104814,53.77330766859156,-23.282416902493264,2.428432433319472,-51.08256237659905,9.089655347179892,7.527937624977277,2.754995176823094,2.8230526822063062,2.463730438538469,-11.816478790381346,35.21901943,-15.48473012,17.94886937,4.172876304023857,3.279938977879473,3.692762186115217
132.5,4.416666666666667,27.1646,74.38889273,0.734048443,3.494705882,18.66782007,-1.0330605902220251,-1.0330605902220256,-0.08541450423778678,0.06516729017733267,0.21497873430210887,-1.0742966406487393,0.33311524526085234,2.276972194198925,4.526378047984547,9.552809503237825,0.5,-0.2073972399129431,0.8530489883732173,8.495014558387659,4.532795644096055,0.4784698123335928,-34.39910690352406,-6.634194813672156,5.932121452573202,-18.216665012491266,-12.704488339491604,-44.73706808233526,-27.09666909425641,58.715050365923545,-6.935277791516636,-34.17349993290317,-46.3880889500802,8.715455116125348,5.15768080689849,5.1007811205328935,2.1839543607964806,-1.5855371789793793,-13.911280246271753,35.72182746,-22.016391,15.70383515,3.692762186115217,3.284950343773865,3.698224852071009
35.9,1.1580645161290322,25.8406,64.88224913,0.680242215,2.980449827,17.61262976,-1.4156619089767628,-1.4156619089767626,0.12853716167701099,-0.5503155146678769,-0.1876819245485439,-0.7218997097963121,-0.09355418978970835,2.522469928607,8.073320705755194,8.745127321083146,0.5,-1.429081823537448,1.1632546835828703,9.068818412148882,3.996601329957538,4.4276006379369015,-27.07750278309664,-3.943163170434971,5.750713230314286,-14.015356172615956,-9.478714770064656,-61.3074921622351,-38.11421129679449,66.51673985680321,-25.69237456074216,-91.57175017065526,-50.99140466746075,5.958514641037649,6.797841540198046,6.073623518783222,2.7437528404986367,-1.99932613014644,-12.143513005679996,33.47346167,-23.59426482,12.16169062,3.698224852071009,3.576864535768644,3.306392358559892
21.1,0.7033333333333334,22.6524,60.91519031,0.608131488,3.389792388,15.34280277,-0.2822384743681854,-0.28223847436818567,0.7998760856794217,-0.1173272894314728,-0.6437367899820853,0.3810873463629772,-0.31248043808226356,2.176601032152368,0.2381898704533647,9.265275935318584,0.5,-3.296632196301541,0.5449604767564509,8.784794710116195,4.135804384962771,10.208058336201464,-15.860503017663774,2.127739844728538,10.207644045663676,-4.2102792834817215,-7.69915992806407,-107.59186021764808,-64.62749711606604,63.416731742620144,-43.93188346325898,-102.27430882317216,-55.105555761138135,6.170788550008943,5.516104129679977,8.581905539851409,2.7437528404986367,-6.0790308172542495,-12.10626759067397,4.069419083,-30.19581611,11.84545823,3.306392358559892,4.8780487804878,2.325581395348842
14.7,0.4741935483870967,18.6815,58.24508651,0.567093426,3.58083045,13.71903114,0.4754316919406983,0.475431691940698,-1.2048455740007133,-0.09244655899471275,-0.37330976393201726,-0.37831003669164864,-1.117077309885033,1.910158848631409,2.495403585479661,9.187362075626028,0.5,-0.417246780579994,0.3134798805371375,9.178237840599657,4.532795644096055,16.60749403569941,-4.139442778608071,9.563307292950627,10.53605156578259,1.882986457355696,-4.4730877777446665,-47.43784409193932,-101.69180529560995,34.9854798150524,-12.162919424386144,-96.63152101274716,-42.7955393002236,4.211148535012743,4.604865102564748,6.329485037231386,2.4657818484489447,-0.6988148633928049,-9.893994785490356,-12.77625725,-23.83543807,18.77051499,2.325581395348842,5.214723926380369,2.113702623906706
18.6,0.6000000000000001,17.9152,57.83266436,0.538961938,3.723771626,14.92238754,0.31480899951804636,0.3148089995180464,-0.4418148487507326,0.24143885492125602,0.04561631785567635,0.1708026446285581,-0.16668613744722402,1.551235138199174,1.574835696813892,9.559409839081212,0.5,2.386078112690626,1.2539349252735477,9.47935174316843,3.527472192090819,23.950383441941625,4.580953603129334,10.640435708872433,11.441035117774412,7.304967218256575,0.6294277271387649,33.5994738701193,-106.70531663808543,23.846542596928888,-3.816801991611918,-37.23887699239441,-38.53760436113824,3.177456718527605,1.7905581331139508,7.657035369886334,2.1854941057104504,0.882858026420319,-5.974472734699532,-15.14971986,-18.37450446,13.94739654,2.113702623906706,5.065234075211064,1.972242512783051
33.4,1.1928571428571428,20.5199,58.52266436,0.525121107,3.936989619,17.19647059,1.0239881359265184,1.0264438473233923,-0.5349469875305202,1.1497208380832047,0.6729447053175707,1.0571244106830222,-1.8078428025007507,1.520135265933284,0.1568627772626563,9.92214584722504,0.25,4.119900828572298,1.6451604892004923,11.58764573858022,3.313066897685868,30.35403178832405,8.397534504080362,13.695898809679008,12.620372577422856,10.04640001991719,5.884050002293417,33.42258859948393,-86.74435860243177,19.518938140534825,12.635286227958442,2.7973852042405767,-27.154009217606003,2.457126073050553,1.957357863995845,6.742079130152057,1.6226105559256965,3.766278756486585,-3.0213778596496432,-2.007789454,-16.19383298,8.744028542,1.972242512783051,4.441041347626341,2.565982404692091
19.0,0.6129032258064516,24.3576,55.06134948,0.50266436,3.563079585,21.22044983,-0.7131516272958692,-0.7131516272958691,-0.8039154070315837,0.9105385744533813,0.5687894948090264,0.05195238887804133,0.15454996406423885,1.862522740569181,2.672451589706082,12.060976934665746,0.25,5.111119477856185,0.3901682671063611,9.64684065601471,2.587466470634592,33.33007287176591,8.246023295249305,12.707836958651608,11.33912850754042,8.544905103854461,7.582410122537464,55.69925320525826,-37.60235829400127,2.497292093138004,15.735697103659252,35.51168445044439,1.8018505502678472,2.972968746811944,-0.0888494061115352,8.322730581024906,1.7612290406201936,3.314424423375417,-2.2511773172216643,-0.150489118,-20.87295208,7.383426201,2.565982404692091,4.357798165137614,2.857142857142858
31.4,1.0466666666666666,28.9504,52.06242215,0.499031142,3.477958478,23.28474048,-0.7561349349847237,-0.7561349349847235,0.9494551879183591,0.4592687307340505,0.747708367902909,-0.8666716340586311,0.3475803278266685,1.996439775530236,3.131528466546385,9.997424194705218,0.0,6.23902925992823,1.1659673482003363,7.253520604478858,2.384901947053919,37.27317808644095,12.632041654688477,17.09825779134375,13.956695358639593,11.12256351102241,8.714933656769208,63.00464741920023,-3.3170536938485817,-17.694959479206496,24.068786096512,50.00099350641216,23.954958670131976,-0.0831600879526384,-2.478002899848697,10.555410775987362,1.4064929467403786,1.6654434905137627,4.983237374787564,-0.560225555,-17.57809391,7.474390222,2.857142857142858,4.576659038901591,2.990517870167765
51.7,1.667741935483871,30.6512,54.00712803,0.495813149,4.224359862,23.69411765,-0.5346083999833869,-0.5346083999833865,0.6560692769348023,-0.14461103215788992,-0.17178926006372838,-0.08186957120254283,1.383688443602755,1.790228468766434,4.378057656000056,9.6223516065983,0.0,7.084432825737785,2.100427277053196,6.157895893581511,2.180971629455009,37.61273698655483,16.22775487990129,21.50000427392733,14.704585420351355,17.010081532972876,11.12256351102241,101.00352855432462,14.746665939868642,-26.348411267469363,22.0293050546804,36.87808579507914,51.45921065614676,0.4133945531727967,-1.0714388212406334,14.252264183213992,1.1220314067492687,1.9788113613405045,10.982247777652445,-8.428899855,-19.72800407,8.658062101,2.990517870167765,4.87062404870625,3.047895500725681
113.6,3.786666666666666,30.7165,61.2050173,0.564083045,4.653737024,20.95792388,-1.266274205473454,-1.2662742054734537,1.8771721744921765,-0.869872777825168,-0.5952309908793182,-0.7969945619208434,0.7225714378475815,1.648484656076288,1.2451522739318044,9.665230992611384,-0.5,7.077783132955862,1.774053468782366,5.241076901145103,2.882043853549199,35.91410364339262,18.628845892505552,27.814022706165886,18.764543804670364,22.106395892091868,15.172231535078229,77.30853677212357,15.38338732350315,-27.79345429025266,4.094864894383044,28.45124976905016,59.83815147903107,-0.2455997959869726,-0.0896459047036835,13.20796623913365,2.0834086902842053,-2.290722927523525,3.764120521922365,-17.22659018,-17.41359722,7.17241808,3.047895500725681,4.844814534443598,3.1768953068592
297.0,9.580645161290322,28.4163,73.51529412,0.69283737,4.8516609,17.64979239,0.5836018189511409,0.5836018189511405,1.573840639837549,0.19152028743094907,0.24681046174821603,0.04833602095957392,-1.297463514477614,1.811464806393482,4.738750647220513,9.64061449984186,-0.5,6.354527941749844,1.7672376947079016,5.631514651258129,3.112350292066157,40.05186841728383,12.855018390714967,30.06373575135521,17.577845820501814,20.71130335868201,15.3787109563301,33.97875638229113,7.355837060100345,-27.640992627428407,0.1246882954562877,15.861321512370274,52.84213856563697,-3.3630070745549467,-1.0772096981910728,12.432245353921356,1.4558316049692266,-0.2772004547010986,-1.0344919842392386,-15.05728585,-12.42977167,0.12099215,3.1768953068592,4.172876304023857,3.147353361945631
299.9,9.674193548387096,27.5964,77.91605536,0.758200692,4.538408304,17.47608997,1.3754189234616911,1.375418923461692,0.8229543539564385,1.0460732820287586,1.0260184716770049,0.5991142535448201,-1.2510939709096307,1.749779889429152,-1.4162313812503768,9.618702305385083,-1.0999999999999996,7.514334756977004,2.21298615081027,5.179787769654887,3.2872745000575243,40.54651081081637,6.697659304931847,32.271114707925186,14.315691159504771,18.26250929929767,12.637776717718374,45.23192925013877,28.522958808336085,-25.17570040792352,-5.6529177197615965,8.415721415407607,71.47378131523129,-3.210548620796505,-0.4486324258673235,8.338160893905044,1.5193662443761191,-1.0378150968713309,1.3652089168327386,-20.92190608,-4.830247823,-3.488026475,3.147353361945631,3.692762186115217,3.276353276353273
260.2,8.673333333333334,27.2329,76.80892734,0.761211073,3.731280277,17.07612457,2.4989832483684067,2.4989832483684067,0.15630128774238652,1.2054991147616265,1.0649324277426573,0.2836818454251257,-2.4932798853783478,1.711304513169592,-4.688979709826402,9.566847298555814,-1.0999999999999996,7.272293038105992,3.4904909148039565,5.519089580384673,3.9047781843637,39.0772710783537,9.35934411852708,30.623630987574657,14.648964163943743,21.192848049406976,11.978795749812845,44.05072358983704,79.92854721560718,-25.54789319571462,9.422968267057108,-1.0923101505469823,89.43967472394188,-3.52600629564801,0.1793722454026536,8.157165369381136,1.5214678001482795,4.027389913794011,4.632045865073309,-23.62198021,-4.220035449,-10.83124526,3.276353276353273,3.698224852071009,3.994293865905847
110.3,3.5580645161290323,25.531,72.90256055,0.753910035,2.91083045,16.65276817,1.5613094315509686,1.5613094315509688,-0.6367533240000195,2.4439352730584587,2.1634498595455596,-1.1214711636928008,-2.2125983485468486,1.764042944421389,-6.8562671437296885,9.537393434393238,-1.3499999999999996,9.350157910551893,3.708332588822927,5.972882615372033,4.397693538503944,35.062419240857864,7.72612226117273,31.82875215278589,16.796554305959965,20.38597083450861,11.842192583464328,88.57584062670867,78.77289261853093,-21.82116232299771,25.648370159592027,9.661175489371043,123.47030456926775,-1.1957097421122498,-0.2667853961192179,6.648974126883367,1.4468044310202544,6.304151486997789,3.155912228725466,-30.39629581,0.169348051,-12.67517056,3.994293865905847,3.306392358559892,4.694167852062587
31.7,1.0566666666666666,22.8016,71.7583045,0.71366782,3.405743945,14.82681661,0.5050583225535953,0.5050583225535951,1.2584762162691696,2.7697071211939455,2.3602369175072035,0.49437528091016897,-1.4119220321939647,2.051277981891649,2.118557069937932,9.653720996792003,-1.3499999999999996,10.631764979803204,4.997254680792107,7.771512477784093,4.156769712234176,26.77732985063246,5.189680541994424,29.815337231907613,18.76527156168688,31.2456942178005,14.77654151385872,74.22347130221966,100.17271111473872,-8.89887388655266,30.96765738340625,41.4296213607356,138.15096629965544,1.7174504889910125,1.6851840035491783,4.9498158285172345,1.720028644707483,3.3925025578571244,2.9980832211935926,-3.909802129,23.97032674,-21.61860707,4.694167852062587,2.325581395348842,5.539772727272715
19.0,0.6129032258064516,18.5412,68.03529412,0.667370242,3.58017301,13.18252595,1.3566197416583718,1.3566197416583716,-1.5575850966256026,2.791597854763045,2.3138529787248903,-0.3830086226450843,-2.7146536486268165,2.285129740121685,0.4470946344766524,10.52548102610018,-1.3499999999999996,12.495816191403453,6.9514383884691,8.104904770009735,3.966525639243113,23.2296933300697,-0.2730377122857064,22.136634751822548,19.57807101679601,36.15293224035305,13.913364817319264,31.53905423577843,171.5285742693596,40.58642300452125,31.68760289769165,62.04421992215536,132.12851409856316,5.176899407145985,5.685833881894187,12.123386481411648,3.285716515777537,7.625953286463805,4.857850155884158,15.38978034,35.63010423,-20.81557603,5.539772727272715,2.113702623906706,7.351891506067105
28.3,0.9129032258064516,17.8991,68.78152249,0.631937716,3.609792388,14.20854671,1.3900369204071479,1.3900369204071474,-0.4838936979618051,2.7551576762785186,2.7483951954754,-0.5291089242158731,-1.8403622053834268,2.486571955250452,2.2075951699199514,9.726334640946275,-1.3499999999999996,10.709271771922158,7.427484741485202,8.598802839629549,4.087334108389751,18.97314930226601,-1.2286843992650454,17.341397890284238,18.457127652796945,38.17032363332178,14.842000511827267,17.733401528291548,136.95726253172228,61.78961334103556,1.9266098623736736,35.63986626826585,133.48754464821906,6.744128079553313,7.682957894775111,11.005639989061144,3.830837777993956,5.970943563155373,4.471940294024623,7.000416434,32.54224004,-18.27824925,7.351891506067105,1.972242512783051,7.593123209169055
12.1,0.4172413793103448,20.5327,59.64802768,0.570276817,3.448788927,17.8917301,-0.8019597330759802,-0.8226818250000418,-0.5139019413811499,1.464689233916332,2.3039092688183342,-1.4601060968580575,-0.3641350977646947,2.334873563945933,5.043085362689226,9.142119640553403,-1.0999999999999996,7.375996449404099,6.2496811226044,6.22697279976725,3.639046454033768,4.971873887408496,-3.1198370855861413,13.427961562987443,20.01032390701329,36.64264399633375,12.74317464677992,17.177134589880172,96.43118218352625,47.45594457815958,-2.364764830067489,-13.353139262452274,105.64119341777337,6.04342362851602,6.646397902854684,11.788092611703592,4.581998060455561,-1.8996500690655616,3.0213778596496432,-15.31111787,18.97565353,-17.90251093,7.593123209169055,2.565982404692091,6.576125804145812
44.5,1.435483870967742,24.0553,60.47916955,0.556297578,3.402145329,20.61442907,1.257093930238764,1.2570939302387647,-1.2836446282790563,2.3914285913319895,2.2341157272586187,-0.9740796937917597,-1.144230308300664,1.539326991919828,-20.66256258625634,8.500739310053973,-1.85,4.532395619294594,6.117422336915368,4.649078398871076,1.709443335930061,-3.228089105975407,-2.142939145589917,13.078972227089558,23.71297932889496,37.074422004908136,11.530323618987648,-17.59144377835682,75.28999627396394,47.84691898266331,-4.433911824517267,-40.29493835109168,70.20361279771912,6.6875089478521055,4.942488332752326,15.882979048254864,5.436120921888765,-14.790985886528674,2.42226375758463,-69.9189495,10.43128466,-14.80404805,6.576125804145812,2.857142857142858,5.840455840455834
42.6,1.4200000000000002,28.0259,56.19231834,0.540588235,3.253079585,22.64916955,0.3206242858453978,0.32062428584539826,-0.7497749672020019,2.151715546643297,2.2284532589716597,-1.8240341856612057,-1.3610884910184535,0.3290966863368516,-85.12582616033004,9.889604156646923,-1.5999999999999996,3.7590973938808494,5.194995663568669,6.206020512310406,3.5662208876684254,-9.741396739652776,1.7882182143459602,12.941107365150197,30.661251993183303,38.00434849148529,12.734766935717625,-35.29871708595485,54.4322371765924,48.27625576990808,-0.8149055573267283,-51.77291140492244,49.95193444442654,10.119210612064666,6.672027915665968,18.26118746940919,5.700321868172598,-15.82883573497984,1.2936791030718986,-111.7039458,3.509131981,-15.96755558,5.840455840455834,2.990517870167765,7.223796033994343
71.6,2.3096774193548386,30.1196,57.94076125,0.56733564,3.891418685,23.03560554,1.045006620012069,1.04500662001207,-1.1849211298774283,2.377623354673437,2.804643384051356,-1.5278112541079494,-0.3720831514904115,0.1179263702106663,-40.62039334095964,10.97458959094979,-2.0,1.646398729784515,4.6624985980866285,6.921403703026119,3.430333220318893,-11.953588448379817,-0.9622067364062126,8.851801226332867,31.685512087365897,37.8916039257188,11.142069236014596,-82.54854929077284,5.6495833063679335,42.24199883592297,-2.310133127339764,-53.69177797527893,22.764468419500083,13.63121761250845,4.390520780415397,14.154017223532822,5.428741283782923,-15.51187341138931,-1.71973283844169,-82.16255053,2.278801501,-21.90052067,7.223796033994343,3.047895500725681,6.267605633802821
195.8,6.526666666666667,29.1555,69.74910035,0.670207612,4.358477509,19.87560554,0.8772130204309515,0.8772130204309516,-0.8355094007406897,2.005004966718397,2.2445814752984785,-2.0632996092695257,-0.7051082680164168,0.645733047555495,-18.093041351372285,11.239688039405848,-1.75,2.0806992505961297,4.995447808352793,4.980013774347913,4.445176257083361,-15.914396848124923,-1.8601983170175809,5.908891637000568,26.13426399958652,33.137654608070655,12.335948361422489,-60.869997462909794,-16.57299243038768,44.5981353363952,-2.961351498445985,-30.84248240660568,14.986434664657278,17.752866846790205,3.3512836374839594,15.366630103357792,4.304632299017985,-1.385366669983501,1.1955735920148314,-46.15090053,17.26127427,-20.59884426,6.267605633802821,3.1768953068592,6.228131560531844
257.1,8.293548387096775,28.4407,75.68532872,0.734636678,4.189342561,18.49391003,-0.3980892677331145,-0.3980892677331139,1.6646527372008906,1.1905764802114502,1.6682504951572734,-2.558594820675553,0.15628963025340536,0.9860818253036732,-11.144881452508136,12.415392537032943,-1.75,4.4367225762048434,4.831857727080724,2.5105921131077125,3.623362286128629,-20.67497415385331,-1.1026989748915028,6.383088067263465,23.60432156579817,32.33501237843059,13.58015411590614,17.421853281789534,-29.522372504590244,52.51381462171567,-6.0352073291376485,-40.83503560113604,8.468308723003926,18.462617382429247,6.380494889013288,14.679460203787276,4.573762868900921,-2.957962133404024,3.2398400557250184,-40.23449808,24.35227137,-13.8553483,6.228131560531844,3.147353361945631,6.726768377253815
328.2,10.587096774193547,27.6847,78.18031142,0.768927336,4.568512111,17.39013841,2.1592359901947944,2.1592359901947944,1.2073334571267873,1.2078880904269185,1.3987663203531346,0.732646409162744,-1.4032130898622983,1.3096453823307,-7.398607296420057,11.943211045560531,-1.4000000000000004,4.325337328537593,5.363018437343303,-1.4805548850978845,2.820542584472463,-22.952207602775143,-0.2069679938525581,5.034513260590234,21.67088991034314,31.66587703328432,14.04267202530418,14.296718953729393,-42.21785890819048,60.67047936283414,-13.714057416544012,-41.08762494140894,6.302037905154911,21.626842192547446,8.114890247660345,13.394797250973856,4.293080437237595,6.978738935574036,0.5071862097960178,-29.1624629,25.99986437,-4.250639887,6.726768377253815,3.276353276353273,6.689655172413794
178.2,5.94,27.7708,75.95591696,0.76432526,3.569031142,18.00352941,0.2309519659532505,0.23095196595325065,2.059945863234832,0.8035565644380418,1.1623793517965701,-0.6476566230261793,-0.8464746240031541,1.371324861056413,0.9716675638571814,12.533493751264048,-1.4000000000000004,8.033966387467917,4.804417383271087,-5.385667279071082,1.896661321699078,-26.53288266710332,6.195787454407942,9.681915851226464,16.938069772243658,28.918470233631588,14.673588944630644,68.94673236015451,-38.03793014788903,78.23568437722726,12.501860295230838,2.548253906117992,4.746653723892358,25.36680095248558,10.212949507638047,14.193349588866688,5.410334387038507,13.069477087528014,-0.8417558119528934,-41.59533043,31.65710823,2.287266167,6.689655172413794,3.994293865905847,7.270233196159123
78.8,2.541935483870968,26.4147,67.1666436,0.716608997,3.388685121,17.67235294,0.3008981785049533,0.3008981785049536,1.5476368639611995,0.30252542667242477,0.9729754295773332,1.6211142179991123,0.0382940444139324,1.182066167727519,4.417121831313686,11.394295392881304,-1.1500000000000004,6.816023197173582,4.290007156317355,-8.452071567717834,0.6127470152097025,-28.62306933871341,10.971663471609627,14.34553907105105,15.179593085079455,28.7865744047485,17.254152774031528,13.137199934329669,8.150765687774797,78.5048542843767,-7.349873199272139,47.026374109529726,-24.25486433238984,27.699971751943583,13.55329500591207,16.093036681263673,5.5865588837643365,19.86896742691835,-1.5228720701824017,-38.29922523,32.62680664,2.666824708,7.270233196159123,4.694167852062587,7.608695652173908
29.2,0.9733333333333332,22.174,65.36221453,0.670968858,3.55615917,15.15591696,0.3193751157324206,0.31937511573242,-0.6705951105279174,1.0667155716005638,1.1448586988944476,1.5626239894657605,-0.7106888568182543,1.174535784267973,-1.6438726343159793,11.493811767361706,-1.1500000000000004,4.509330228810526,5.040663849970084,-10.637420048867252,0.6150080885337417,-20.96045284298836,10.2456775899336,12.757292092890982,11.816166577714691,14.876030756535474,16.858589742508112,11.502623840951998,-7.908571152418187,86.73163529679924,6.618190688130099,15.487759213417185,-31.605852039257964,27.14913354720032,19.1514004978119,18.97873733047577,5.377996812646924,13.718366661258408,-0.677394630895467,-37.25209524,29.27785524,6.453852114,7.608695652173908,5.539772727272715,6.9313593539704
16.9,0.5451612903225806,19.2556,63.58581315,0.634152249,3.803979239,13.89401384,0.9262720894706705,0.9262720894706707,0.23854544480862058,1.4808492734415961,1.4236955451717759,1.2164876110354952,-0.5960232242588513,1.362005494719296,2.13321807463549,11.061841676856687,-1.1500000000000004,-0.92679069307815,4.983237374787564,-11.770760096393309,0.1233806448929009,-22.30011924272155,8.82637253060956,8.964911975121304,11.897068425203903,7.612369547280107,13.440391689242404,33.79631053282193,-79.15589040146003,37.43941229238352,-19.97354604161954,-44.551260923744,-28.74728455444373,26.03929064915497,21.837027256155217,15.50501626852956,3.701678408331599,10.184557355038226,-0.3392708937084876,-27.81174388,28.5060839,11.56380984,6.9313593539704,7.351891506067105,4.587765957446798
20.2,0.6516129032258065,18.7399,59.62823529,0.588131488,3.638062284,14.44370242,0.49216618234511444,0.4921661823451144,1.7136153962415495,0.653679144112304,1.4749608635078448,-0.3555121568780437,-1.2890145274066094,1.399769741560067,-0.5839432651558951,12.333902009278574,-1.1500000000000004,-2.972080913342268,4.868686371998265,-12.350476778122932,-0.1850139288161578,-26.33714829511656,6.642547598170534,9.291496907836994,9.693116896243836,6.991376666207838,11.183041287283668,-12.953937135498528,-39.37938880915644,-26.76776310705362,-7.424558998921071,-51.79430915348551,-27.51975157895359,26.340166874472622,21.96864732147894,18.86657493653283,3.3006296468170326,1.139974346472794,-2.2109744172118084,-15.25795876,20.06706955,17.58460485,4.587765957446798,7.593123209169055,4.061251664447395
7.7,0.275,21.3393,52.76235294,0.528096886,3.383287197,18.43795848,-1.1791508421656982,-1.1617958535064827,0.8122647948754151,-0.4624838741306665,0.7804259097501831,-1.7978421053369602,0.7701091799604569,1.676215217374499,-3.256630086102774,12.57594966559168,-1.1500000000000004,1.7937700686667668,6.77268636244257,-11.182354245240145,-0.3703707937484424,-20.97604519385809,9.595017982617016,12.53171193959144,8.03373886834784,9.043905184496648,12.268075859148995,3.107770304557711,27.21750573455584,-35.89773760522314,-1.7789541563498543,-34.200475419093834,-26.30829134384136,29.24308704347612,23.543375107724707,21.92204391817381,3.481468188244552,4.158882371924921,-1.2837146760680265,11.98011998,33.58841743,39.64922026,4.061251664447395,6.576125804145812,5.030181086519112
